,State,County,TotalPop,Hispanic,White,Black,Native,Asian,Pacific,IncomePerCap,Poverty,Professional,Service,Office,Construction,Production,Drive,Carpool,Transit,Walk,OtherTransp,WorkAtHome,MeanCommute,PrivateWork,PublicWork,SelfEmployed,FamilyWork,Unemployment,Average_House_Price
0,Alabama,Autauga County,55036,2.7,75.4,18.9,0.3,0.9,0.0,27824,13.7,35.3,18.0,23.2,8.1,15.4,86.0,9.6,0.1,0.6,1.3,2.5,25.8,74.1,20.2,5.6,0.1,5.2,165762.73367031896
1,Alabama,Baldwin County,203360,4.4,83.1,9.5,0.8,0.7,0.0,29364,11.8,35.7,18.2,25.6,9.7,10.8,84.7,7.6,0.1,0.8,1.1,5.6,27.0,80.7,12.9,6.3,0.1,5.5,220506.5161600895
2,Alabama,Barbour County,26201,4.2,45.7,47.8,0.2,0.6,0.0,17561,27.2,25.0,16.8,22.6,11.5,24.1,83.4,11.1,0.3,2.2,1.7,1.3,23.4,74.1,19.1,6.5,0.3,12.4,102728.58065623802
3,Alabama,Bibb County,22580,2.4,74.6,22.0,0.4,0.0,0.0,20911,15.2,24.4,17.6,19.7,15.9,22.4,86.4,9.5,0.7,0.3,1.7,1.5,30.0,76.0,17.4,6.3,0.3,8.2,136090.57659066262
4,Alabama,Blount County,57667,9.0,87.4,1.5,0.3,0.1,0.0,22021,15.6,28.5,12.9,23.3,15.8,19.5,86.8,10.2,0.1,0.4,0.4,2.1,35.0,83.9,11.9,4.0,0.1,4.9,149837.83135093778
6,Alabama,Butler County,20126,0.3,52.2,44.7,0.1,1.1,0.0,19004,24.4,26.9,17.3,18.5,11.6,25.7,83.6,12.6,0.0,0.9,0.9,2.0,23.2,79.1,15.3,5.3,0.3,7.6,93359.46624386932
7,Alabama,Calhoun County,115527,3.6,72.7,20.4,0.2,1.0,0.0,23638,18.6,29.0,17.5,23.7,10.4,19.4,85.0,9.2,0.2,1.3,1.1,3.2,24.8,74.9,19.9,5.1,0.1,10.1,107190.90899820962
8,Alabama,Chambers County,33895,2.2,56.2,39.3,0.3,1.0,0.0,22002,18.8,24.3,13.5,23.0,11.6,27.6,87.1,9.7,0.2,0.6,0.5,2.0,23.6,84.5,11.8,3.7,0.0,6.4,89598.10888039805
9,Alabama,Cherokee County,25855,1.6,91.8,5.0,0.5,0.1,0.0,23010,16.1,28.8,14.8,18.1,11.9,26.5,85.0,12.1,0.4,0.3,0.3,2.0,26.5,74.8,17.1,8.1,0.0,5.3,141706.6277697631
10,Alabama,Chilton County,43805,7.7,80.4,9.5,0.4,0.4,0.0,23368,19.4,25.3,14.5,23.7,15.5,21.0,83.2,12.6,0.1,0.6,1.8,1.7,32.5,81.1,14.0,4.5,0.4,6.7,138010.9870031246
12,Alabama,Clay County,13407,3.1,80.2,14.7,0.9,0.0,0.0,21330,19.1,22.2,14.6,18.4,12.9,31.9,87.5,6.0,0.0,2.8,0.6,3.0,30.3,77.8,14.5,7.7,0.0,6.4,109711.29128714075
13,Alabama,Cleburne County,14939,2.4,92.7,2.8,0.3,0.5,0.0,20873,19.1,25.7,11.4,23.2,18.0,21.7,81.8,14.5,0.0,0.9,0.1,2.7,33.2,76.1,15.7,8.2,0.0,7.8,135057.05957736415
14,Alabama,Coffee County,51073,6.7,71.0,17.1,1.0,1.3,0.0,26216,16.1,31.6,17.3,21.4,13.1,16.7,86.6,8.1,0.0,1.0,1.4,2.8,21.7,73.6,20.7,5.6,0.1,6.0,131481.2192364392
15,Alabama,Colbert County,54435,2.4,78.8,15.9,0.7,0.5,0.0,23675,16.8,27.1,15.4,26.0,11.2,20.3,89.1,7.3,0.1,0.7,0.8,2.0,23.1,78.1,16.1,5.5,0.3,6.9,119059.770270343
16,Alabama,Conecuh County,12649,1.8,50.3,46.3,0.2,0.0,0.0,16337,26.4,15.9,19.7,24.3,12.8,27.4,90.0,6.7,0.4,0.8,0.4,1.7,29.6,79.5,12.3,7.2,1.0,14.5,98771.33616981619
17,Alabama,Coosa County,10955,0.1,65.3,33.2,0.1,0.0,0.0,20342,14.4,17.6,23.2,23.7,14.5,20.9,83.2,9.7,0.6,1.7,0.6,4.2,29.8,78.8,15.9,5.4,0.0,11.3,117902.3214700102
18,Alabama,Covington County,37519,1.6,83.5,13.0,0.3,0.4,0.0,22431,17.6,29.2,14.3,22.2,15.8,18.4,86.8,8.6,0.2,1.1,1.5,1.9,25.2,80.0,13.2,6.7,0.1,10.7,103634.82558658607
19,Alabama,Crenshaw County,13866,1.8,71.2,23.1,0.8,1.4,0.0,21580,17.6,26.4,13.1,24.1,13.2,23.3,81.2,12.2,0.1,1.7,0.8,4.0,28.6,73.0,19.1,7.8,0.2,6.4,88899.23248884933
20,Alabama,Cullman County,81703,4.2,92.3,1.1,0.4,0.6,0.0,21857,16.4,29.3,14.6,23.4,14.0,18.6,88.3,8.4,0.1,0.6,0.6,2.0,26.5,81.3,11.9,6.3,0.4,5.8,151495.14545740501
21,Alabama,Dale County,49393,6.1,69.5,19.2,0.5,0.9,0.0,23194,19.6,28.2,15.3,26.6,13.7,16.1,87.1,6.7,0.1,2.1,1.8,2.2,20.7,73.6,20.7,5.6,0.2,10.4,97424.11248783233
23,Alabama,Elmore County,80989,2.9,73.4,21.2,0.3,0.6,0.0,26251,13.5,34.8,13.2,26.3,11.0,14.7,86.2,10.2,0.1,0.6,0.6,2.2,28.0,72.9,21.4,5.6,0.1,7.3,169803.22964192746
24,Alabama,Escambia County,37621,2.2,60.2,32.2,3.6,0.4,0.1,18164,23.8,24.6,21.2,24.6,11.3,18.3,91.3,7.0,0.1,0.3,0.5,0.8,22.6,75.6,19.7,4.6,0.1,13.7,95469.25159656012
25,Alabama,Etowah County,103132,3.7,78.3,15.4,0.5,0.7,0.1,22278,17.9,29.7,18.5,21.8,9.4,20.5,84.8,9.2,0.3,0.6,0.7,4.4,24.0,80.3,13.9,5.5,0.2,7.6,102582.51696601791
26,Alabama,Fayette County,16657,1.7,85.0,11.5,0.0,0.5,0.0,21191,18.1,29.0,17.9,18.9,10.8,23.5,84.2,11.6,0.0,1.3,0.5,2.4,27.9,79.6,15.4,4.8,0.2,8.4,79685.50718122516
27,Alabama,Franklin County,31507,16.3,77.7,4.7,0.2,0.4,0.1,19314,23.0,24.4,13.9,21.1,11.9,28.7,84.9,10.1,0.2,0.2,2.7,1.9,28.4,78.5,15.6,6.0,0.0,8.2,94614.12385246826
28,Alabama,Geneva County,26572,3.8,84.0,9.2,0.6,0.4,0.0,21084,22.5,22.9,17.3,21.5,19.1,19.3,83.5,10.3,0.0,0.6,2.4,3.1,27.2,73.8,16.5,9.4,0.3,8.9,113196.92357487074
31,Alabama,Henry County,17110,2.5,68.7,27.8,0.0,0.0,0.0,23983,13.7,32.8,19.0,19.4,11.0,17.8,85.9,7.5,0.0,0.7,3.3,2.6,25.6,80.5,14.7,4.8,0.1,6.7,121876.67246100919
32,Alabama,Houston County,104108,3.2,67.2,26.5,0.3,0.8,0.0,24781,18.5,31.1,18.6,25.7,10.2,14.3,89.2,6.9,0.1,0.7,0.8,2.3,21.3,81.9,12.1,5.8,0.2,7.6,124963.0041655784
33,Alabama,Jackson County,52326,2.9,89.3,3.2,1.0,0.5,0.1,20946,19.0,26.1,12.9,21.5,11.3,28.1,87.0,8.4,0.1,1.3,0.9,2.3,25.7,77.4,15.5,7.0,0.2,7.7,120158.72439392602
34,Alabama,Jefferson County,659460,3.7,50.4,42.4,0.2,1.5,0.0,29456,17.6,38.8,16.9,25.3,7.3,11.6,84.4,9.4,0.9,1.4,1.0,2.8,23.8,81.8,13.5,4.5,0.2,7.7,127101.42836400587
35,Alabama,Lamar County,14021,1.5,86.0,10.8,0.3,0.0,0.0,21152,23.1,28.8,14.5,18.9,13.4,24.4,84.4,13.8,0.6,0.2,0.1,1.0,28.1,76.6,18.5,3.8,1.0,7.9,84774.3937914333
36,Alabama,Lauderdale County,92590,2.5,84.9,9.8,0.4,0.7,0.0,25803,16.3,31.2,18.6,24.4,10.6,15.2,88.0,7.7,0.2,1.7,0.7,1.8,24.1,77.6,15.6,6.6,0.1,6.6,130238.1945741222
37,Alabama,Lawrence County,33288,2.1,76.6,11.4,5.2,0.1,0.0,22419,16.6,23.6,15.4,18.4,15.0,27.5,86.6,9.3,0.1,0.9,0.5,2.5,28.0,80.6,14.2,4.8,0.4,7.2,135187.02423387294
38,Alabama,Lee County,156597,3.7,67.6,22.9,0.1,3.8,0.0,26170,22.0,41.0,16.6,22.7,7.1,12.6,84.7,8.1,0.8,1.9,1.0,3.5,22.2,77.1,18.3,4.4,0.2,5.7,193662.58599952914
39,Alabama,Limestone County,91695,5.8,77.2,13.1,0.7,1.2,0.0,26685,14.8,36.1,15.5,21.5,11.3,15.7,88.3,7.5,0.1,0.5,0.8,2.8,25.7,77.3,16.3,6.2,0.2,7.1,180918.6149011552
42,Alabama,Madison County,353213,4.7,65.1,24.0,0.6,2.5,0.1,34232,13.6,46.3,15.2,21.6,6.4,10.5,87.7,6.3,0.2,0.8,1.5,3.4,21.3,76.3,19.0,4.5,0.2,6.5,170209.3586368511
44,Alabama,Marion County,30058,2.5,91.9,3.2,0.4,0.3,0.0,21835,17.6,25.6,16.4,23.7,11.6,22.8,85.3,10.1,0.0,0.5,1.6,2.4,23.2,77.6,15.8,6.2,0.4,5.5,98711.61196552932
45,Alabama,Marshall County,94738,13.3,81.8,2.2,0.5,0.6,0.1,22710,21.0,28.3,15.6,22.1,13.1,20.9,84.8,10.8,0.3,1.3,0.4,2.4,23.9,79.2,13.5,7.2,0.2,6.5,126260.45830017563
46,Alabama,Mobile County,414328,2.8,57.5,35.2,0.6,1.9,0.0,24347,19.3,32.3,17.7,25.5,9.9,14.7,86.1,7.4,0.5,1.1,0.8,4.1,24.8,82.0,13.1,4.6,0.2,7.5,114344.36492049799
49,Alabama,Morgan County,119157,8.0,76.4,12.3,0.5,0.7,0.0,25013,16.6,30.3,16.2,23.5,10.9,19.0,89.7,7.1,0.1,0.8,0.8,1.5,24.1,81.9,12.8,5.0,0.3,6.5,135136.4278071572
51,Alabama,Pickens County,20170,4.1,54.1,40.5,0.1,0.1,0.0,20089,22.9,22.6,17.4,22.4,12.7,24.9,82.6,10.6,0.9,1.6,0.3,4.0,29.5,77.0,18.1,4.6,0.3,12.2,102533.47468286556
52,Alabama,Pike County,33287,0.8,56.4,37.9,0.6,2.2,0.0,20808,26.3,31.5,16.2,24.4,8.9,18.9,84.6,7.9,0.0,2.2,0.8,4.6,20.4,76.1,18.2,5.6,0.2,8.7,125092.63695469646
53,Alabama,Randolph County,22530,3.0,75.3,19.4,0.2,0.2,0.2,20983,18.7,23.4,13.4,21.1,12.8,29.3,85.5,9.1,0.1,0.4,1.0,4.0,26.3,79.4,12.1,8.3,0.1,5.8,120253.10139158095
54,Alabama,Russell County,58480,5.2,47.8,42.4,0.4,0.7,0.2,21279,20.9,28.7,20.2,25.2,9.4,16.4,86.0,8.5,0.3,1.4,1.1,2.8,24.1,76.1,20.0,3.8,0.1,9.7,111165.14056526833
55,Alabama,Shelby County,208721,5.8,78.5,11.7,0.2,1.9,0.0,35330,8.3,44.3,13.7,26.8,7.4,7.7,86.2,7.3,0.1,0.7,0.8,4.9,28.0,82.2,12.7,4.9,0.3,4.3,219902.59580840077
57,Alabama,Talladega County,80888,2.2,63.1,32.1,0.3,0.6,0.0,21382,19.3,28.6,16.3,22.2,10.4,22.5,83.7,10.3,0.5,1.6,1.2,2.6,24.8,79.0,15.9,4.9,0.3,10.0,105386.55752415817
58,Alabama,Tallapoosa County,40756,2.4,68.9,27.2,0.4,0.4,0.0,22430,21.2,28.3,15.1,21.0,11.7,23.9,85.0,10.1,0.1,0.9,1.0,2.9,25.2,81.2,13.8,4.7,0.3,9.2,136879.12179061878
59,Alabama,Tuscaloosa County,204424,3.5,62.4,31.2,0.1,1.5,0.0,24895,17.3,35.8,17.5,20.9,8.7,17.2,85.6,8.5,0.5,1.5,1.0,3.1,22.3,77.4,18.5,4.0,0.1,6.7,148441.4710629248
60,Alabama,Walker County,64927,2.4,89.4,6.0,0.1,0.5,0.0,21217,21.5,26.3,17.7,23.4,14.3,18.3,85.8,10.5,0.3,1.1,0.9,1.4,29.2,79.9,14.3,5.7,0.1,10.0,121769.32169188373
61,Alabama,Washington County,16746,0.5,65.1,24.6,7.5,0.9,0.0,23239,22.0,20.6,15.7,21.9,19.3,22.4,83.2,13.5,0.0,0.2,1.3,1.8,35.2,79.0,15.6,5.2,0.3,11.0,105129.86435226287
63,Alabama,Winston County,23968,3.0,94.1,0.5,0.3,0.3,0.0,20580,18.7,23.3,15.1,22.1,12.2,27.2,82.6,12.5,0.0,0.7,1.8,2.3,27.8,75.8,14.5,9.6,0.1,9.4,126662.5623110269
64,Alaska,Fairbanks North Star Borough,100031,7.7,71.1,4.0,6.3,3.0,0.4,35328,7.7,37.6,15.6,23.2,13.9,9.6,74.8,15.0,0.9,4.1,2.6,2.7,18.9,65.4,30.0,4.4,0.2,8.0,235228.62911818144
66,Alaska,Ketchikan Gateway Borough,13745,4.8,64.4,0.5,13.5,7.8,0.0,33771,10.6,29.7,17.2,27.5,12.0,13.7,66.4,16.6,3.1,8.3,2.9,2.7,13.4,65.3,26.1,8.0,0.5,7.0,279698.9573040454
71,Arizona,Cochise County,126516,35.0,55.7,3.6,0.9,1.8,0.4,24896,18.1,34.4,24.3,24.1,10.1,7.2,79.1,10.3,0.7,2.8,2.7,4.4,20.5,63.6,29.9,6.1,0.4,7.6,150241.39624392267
73,Arizona,Gila County,53145,18.6,62.8,0.4,15.6,0.9,0.0,22433,21.9,31.6,22.8,21.4,15.3,8.9,78.2,12.8,0.1,2.8,1.1,5.0,18.7,71.0,23.1,5.7,0.2,11.7,198770.09783717335
74,Arizona,Graham County,37700,32.5,51.2,1.8,12.6,0.7,0.2,17874,21.4,28.3,21.1,23.7,15.7,11.3,76.8,15.1,1.1,2.1,1.7,3.3,20.9,72.7,23.3,3.9,0.2,12.2,165771.8207678382
75,Arizona,La Paz County,20477,26.3,58.7,0.8,11.1,0.8,0.2,21707,19.7,26.4,26.8,18.4,18.2,10.1,70.5,9.3,0.6,8.2,3.2,8.3,12.9,67.7,25.6,6.7,0.0,9.5,156720.00522900748
77,Arizona,Mohave County,204691,15.9,78.0,1.0,2.1,1.2,0.1,23527,18.6,24.3,25.4,26.8,10.9,12.7,79.9,12.6,0.9,1.5,2.1,3.1,20.4,78.6,14.1,7.1,0.2,10.1,189318.08985809903
79,Arizona,Pima County,1007257,36.6,52.6,3.2,2.4,2.6,0.1,27323,18.3,36.4,21.5,24.9,8.7,8.5,76.5,10.0,2.7,2.3,3.6,4.8,24.5,75.7,17.6,6.5,0.2,8.4,194775.46456250208
80,Arizona,Pinal County,405537,29.6,57.4,4.3,4.3,1.6,0.3,22944,15.5,29.4,22.8,25.5,10.5,11.8,78.8,11.7,0.2,1.7,2.0,5.5,31.0,77.2,16.9,5.7,0.2,7.8,188644.6440984216
82,Arizona,Yavapai County,220972,14.3,80.9,0.5,1.5,0.9,0.0,27504,14.7,31.9,22.7,24.5,11.1,9.8,75.2,11.8,0.3,3.1,2.2,7.3,23.2,76.4,14.2,9.3,0.1,7.3,275077.26372352446
84,Arkansas,Arkansas County,18352,3.0,70.2,26.0,0.0,0.0,0.0,23766,20.7,27.7,15.5,23.6,8.5,24.7,80.8,11.5,0.0,3.1,1.5,3.1,14.6,75.7,15.5,8.0,0.9,8.5,94266.77708658601
85,Arkansas,Ashley County,20771,5.2,68.0,25.6,0.2,0.0,0.0,20703,21.3,27.5,16.8,18.9,13.7,23.0,85.1,7.8,0.2,2.3,3.0,1.6,20.4,78.8,18.1,2.7,0.4,9.9,64820.10678948229
86,Arkansas,Baxter County,41093,2.1,95.1,0.2,0.5,0.4,0.0,24737,12.6,30.1,19.0,22.9,10.5,17.6,84.1,9.2,0.4,2.4,0.7,3.3,16.4,79.5,11.7,8.6,0.2,5.8,143349.60024493546
87,Arkansas,Benton County,251823,16.3,74.2,1.6,1.4,3.7,0.5,30611,10.5,37.6,13.4,26.0,8.7,14.4,85.3,8.5,0.1,1.6,0.8,3.7,19.9,86.0,8.2,5.7,0.1,3.1,185302.5760613738
88,Arkansas,Boone County,37212,2.3,94.2,0.4,1.1,0.5,0.1,22288,15.8,29.8,19.5,24.8,9.7,16.2,82.7,11.1,0.1,1.0,1.3,3.8,19.4,78.4,13.1,8.2,0.3,6.1,124535.5489929507
89,Arkansas,Bradley County,10994,14.8,55.9,29.1,0.0,0.0,0.0,21575,26.4,25.9,16.6,13.8,18.4,25.3,82.2,9.6,0.0,1.0,2.8,4.5,22.0,74.0,19.0,7.0,0.0,9.4,73560.82969092406
90,Arkansas,Calhoun County,5194,3.9,72.6,21.9,0.1,0.2,0.2,22866,19.6,24.5,13.8,15.8,16.3,29.6,87.4,5.4,0.5,1.8,1.7,3.2,24.4,73.5,23.7,2.8,0.0,5.7,91156.96572146034
91,Arkansas,Carroll County,27782,14.8,80.6,0.5,0.6,1.0,0.6,21754,15.7,27.5,18.5,20.1,11.2,22.7,80.2,10.5,0.0,3.8,0.5,5.0,19.8,77.6,13.2,9.1,0.1,5.1,146517.20190166164
93,Arkansas,Clark County,22495,4.6,69.1,23.8,0.3,0.7,0.0,20382,21.5,33.6,20.6,23.7,7.8,14.3,78.8,12.6,0.4,3.7,0.7,3.8,21.3,75.8,18.7,5.3,0.2,4.5,101086.5615661837
94,Arkansas,Clay County,15190,1.9,95.8,0.7,0.5,0.0,0.0,19171,22.3,22.3,18.3,24.0,12.1,23.3,84.9,9.6,0.0,3.1,0.5,1.9,23.3,80.6,11.5,7.9,0.0,5.3,62280.232563527505
95,Arkansas,Cleburne County,25361,2.5,94.8,0.6,0.7,0.8,0.0,26189,15.4,27.7,18.8,20.5,13.2,19.8,80.9,10.9,0.0,1.4,1.5,5.2,26.1,77.3,13.4,9.1,0.3,5.5,155627.89563351285
96,Arkansas,Cleveland County,8332,1.8,84.7,11.0,0.4,0.1,0.0,23171,19.3,30.1,13.7,20.8,17.5,18.0,85.0,8.1,0.5,3.1,2.3,1.0,29.6,73.1,22.6,4.3,0.0,6.6,128242.20898242413
97,Arkansas,Columbia County,23992,2.5,59.4,34.9,0.3,1.1,0.0,20296,25.1,28.9,18.1,23.4,10.7,18.9,86.6,6.8,0.1,4.3,0.3,2.0,17.3,77.5,17.2,5.2,0.1,9.5,112457.65453773836
98,Arkansas,Conway County,20954,3.8,81.8,11.0,0.3,0.1,0.0,22365,18.5,26.3,16.6,24.5,17.5,15.0,81.7,12.4,0.2,1.1,1.4,3.2,25.8,79.4,14.2,6.3,0.1,7.1,106080.31893213076
99,Arkansas,Craighead County,104246,4.9,77.3,13.4,0.2,1.1,0.1,25594,18.3,34.3,17.1,22.4,9.6,16.5,82.2,11.3,0.2,2.3,0.7,3.3,18.5,80.1,13.4,6.2,0.2,6.0,137229.61530209574
100,Arkansas,Crawford County,62119,7.3,85.0,1.3,1.6,1.8,0.0,22104,16.6,29.7,16.4,23.7,10.6,19.6,86.9,8.5,0.2,2.1,0.3,2.0,22.4,82.6,13.6,3.7,0.1,6.2,125595.753530971
101,Arkansas,Crittenden County,49278,2.4,43.2,48.9,0.3,0.7,0.1,20721,23.5,29.4,18.4,23.1,10.2,18.8,82.1,10.1,0.3,1.7,2.4,3.4,19.9,76.9,16.5,6.5,0.2,8.4,111223.11041077203
102,Arkansas,Cross County,17164,1.9,73.0,22.7,0.0,0.1,0.0,22894,18.0,26.0,16.0,25.5,13.4,19.1,79.9,12.8,0.1,1.9,1.7,3.5,23.9,72.3,20.2,6.9,0.5,6.8,96781.35937253326
103,Arkansas,Dallas County,7585,3.1,53.2,40.0,0.4,1.6,0.2,18309,13.2,18.6,22.9,18.9,12.6,26.9,75.0,15.4,0.0,5.6,2.2,1.9,27.5,72.2,23.7,3.8,0.3,6.4,88542.26266615023
104,Arkansas,Desha County,12094,5.8,45.7,47.5,0.1,0.1,0.0,18187,32.6,27.4,17.7,23.3,17.0,14.5,85.4,9.3,0.2,1.5,2.1,1.5,19.3,68.6,26.9,4.5,0.0,12.2,70072.92994983953
105,Arkansas,Drew County,18620,3.1,66.9,28.8,0.1,0.2,0.0,20300,24.4,34.2,17.9,25.2,9.0,13.7,79.0,15.1,0.0,2.9,1.3,1.7,21.7,71.0,21.9,7.0,0.0,9.0,115623.00711562483
106,Arkansas,Faulkner County,121282,4.0,80.6,11.4,0.3,1.3,0.1,25240,16.3,36.0,17.4,25.1,10.4,11.1,83.5,9.7,0.1,1.9,1.4,3.4,24.0,78.3,16.0,5.6,0.1,5.1,163821.5983643617
107,Arkansas,Franklin County,17803,2.9,92.4,1.0,1.6,0.5,0.1,19988,21.9,27.5,15.8,23.8,11.5,21.4,81.3,9.7,0.9,2.4,0.6,5.1,26.8,74.1,20.0,5.6,0.3,6.6,99856.36384126836
108,Arkansas,Fulton County,12092,1.3,95.6,0.3,0.9,0.0,0.1,19674,23.0,29.7,18.7,21.7,14.4,15.6,85.2,8.3,1.3,0.7,1.2,3.3,23.3,73.1,17.6,9.0,0.4,6.9,108998.1716904905
109,Arkansas,Garland County,97994,5.4,82.6,8.1,0.7,0.5,0.0,25690,19.1,31.8,20.4,25.6,11.2,11.0,79.8,12.0,0.4,1.7,1.2,4.8,21.9,79.2,13.3,7.2,0.2,9.0,133582.62828370408
110,Arkansas,Grant County,18076,2.5,93.0,2.9,0.2,0.0,0.0,25814,14.4,31.4,15.6,21.5,12.6,19.0,85.3,9.5,0.1,1.1,0.9,3.1,29.7,80.7,13.9,5.1,0.3,8.7,141966.43089569637
111,Arkansas,Greene County,44197,2.7,93.9,1.0,0.3,0.3,0.1,22094,15.9,27.8,15.1,22.9,9.8,24.5,86.9,8.8,0.1,1.1,0.9,2.2,20.3,79.2,13.4,7.3,0.1,7.0,117454.14018566062
112,Arkansas,Hempstead County,22154,12.5,55.2,29.5,0.3,0.1,0.4,18817,25.3,26.9,18.4,18.2,13.2,23.3,82.1,12.2,0.2,1.3,1.1,3.1,19.9,75.4,17.4,6.8,0.4,6.4,87085.26439958118
113,Arkansas,Hot Spring County,33480,3.4,82.8,10.9,0.3,0.3,0.0,20868,15.8,30.4,17.9,22.2,13.8,15.7,84.3,11.8,0.6,1.4,0.5,1.4,26.1,79.3,15.3,5.1,0.4,6.2,112418.41204698702
114,Arkansas,Howard County,13472,12.0,65.0,20.9,0.2,0.2,0.0,23627,21.0,27.1,13.6,17.3,17.2,24.8,79.6,13.2,1.2,2.5,0.5,3.0,20.2,77.7,15.9,6.4,0.0,5.7,94871.39767158321
115,Arkansas,Independence County,37097,6.1,89.2,1.9,0.3,0.7,0.0,23056,18.5,29.6,17.1,19.8,13.9,19.6,81.4,12.5,0.2,1.3,1.4,3.2,18.9,78.0,15.6,6.4,0.1,6.0,116992.39554621662
116,Arkansas,Izard County,13521,2.1,93.5,1.9,1.1,0.2,0.0,19737,17.7,30.3,19.6,22.1,10.2,17.8,77.9,14.5,0.0,1.9,1.4,4.3,20.5,75.6,16.1,8.1,0.1,9.6,100306.34480711118
117,Arkansas,Jackson County,17429,2.7,77.2,16.9,0.2,0.0,0.0,19458,25.1,22.3,18.3,20.7,15.4,23.3,83.4,9.4,0.2,1.6,1.3,4.1,19.1,76.0,15.8,7.6,0.5,7.0,63675.510424241416
119,Arkansas,Johnson County,26155,13.7,80.3,1.6,0.2,1.6,0.1,18757,22.5,25.9,15.0,21.0,12.7,25.5,77.8,12.3,0.4,1.7,2.3,5.6,20.5,79.2,14.5,6.2,0.1,4.7,113726.35624441796
120,Arkansas,Lafayette County,7051,1.2,59.3,37.8,0.3,0.4,0.0,25140,23.8,26.9,14.7,22.0,13.9,22.4,82.6,10.1,0.2,2.0,1.2,3.7,25.1,70.3,20.6,8.2,0.9,8.3,78208.4683883971
121,Arkansas,Lawrence County,16777,1.3,95.8,0.9,0.5,0.1,0.0,19422,18.4,27.9,18.4,23.0,12.9,17.9,84.0,10.4,0.2,3.0,1.2,1.2,26.1,73.2,19.6,7.0,0.2,8.2,73252.34659951969
123,Arkansas,Lincoln County,13885,3.6,64.6,31.1,0.4,0.0,0.0,13142,17.9,25.6,22.3,19.5,14.2,18.4,83.3,12.5,0.0,1.3,0.3,2.7,25.1,70.4,24.0,4.6,1.0,8.1,91661.82857194444
124,Arkansas,Little River County,12494,3.3,73.2,20.5,1.3,0.0,0.0,23412,18.8,26.3,13.4,17.9,13.7,28.7,83.9,13.6,0.0,1.1,0.2,1.2,24.8,76.1,19.8,4.1,0.0,10.3,90134.21312676213
125,Arkansas,Logan County,21802,2.9,90.8,2.1,1.1,1.3,0.0,19708,20.2,27.5,19.6,18.7,12.9,21.3,81.5,10.4,0.5,1.5,0.8,5.3,25.6,72.2,19.2,8.5,0.1,8.1,102285.34716856154
126,Arkansas,Lonoke County,71568,4.3,86.5,6.0,0.5,0.7,0.1,25184,12.3,34.6,16.6,23.4,11.7,13.7,86.9,7.7,0.2,2.0,0.7,2.6,27.3,76.8,18.1,4.9,0.2,4.8,152163.67071196833
127,Arkansas,Madison County,15907,5.4,90.2,0.1,1.0,0.4,0.5,23203,17.8,29.3,14.9,20.0,14.8,21.1,80.5,12.2,0.3,1.8,1.2,4.0,31.7,74.8,13.8,11.3,0.0,4.5,140861.4490618244
128,Arkansas,Marion County,16374,2.2,94.7,0.2,1.0,0.4,0.0,19200,19.5,26.0,21.7,21.1,11.5,19.7,80.8,12.6,0.2,1.8,0.1,4.5,22.1,73.7,14.7,11.6,0.0,7.7,130804.27710973944
129,Arkansas,Miller County,43760,3.1,69.4,24.4,0.7,0.5,0.1,22227,21.0,30.3,18.2,24.0,9.0,18.4,86.0,9.3,0.2,1.3,1.1,2.0,18.4,77.0,15.9,7.1,0.0,8.0,116341.90849384088
130,Arkansas,Mississippi County,43534,4.0,58.7,35.1,0.0,0.5,0.0,20378,25.6,22.8,18.0,22.7,11.1,25.3,82.2,14.5,0.3,0.7,1.0,1.3,17.8,77.2,16.7,5.9,0.2,11.6,55752.239076258295
131,Arkansas,Monroe County,7420,2.5,54.4,40.8,0.0,0.5,0.0,20486,28.6,20.5,23.5,26.2,10.6,19.2,76.9,16.6,0.0,2.3,0.8,3.3,22.0,72.4,18.4,9.2,0.0,9.1,83868.61152865323
132,Arkansas,Montgomery County,9059,4.1,90.9,0.3,1.8,1.0,0.0,21480,18.1,29.1,18.5,19.3,20.8,12.3,84.9,10.9,0.2,1.4,0.3,2.3,30.0,67.3,18.8,13.9,0.0,4.4,108353.52085422224
133,Arkansas,Newton County,7898,1.4,94.3,0.0,1.5,0.5,0.0,18053,17.8,27.8,21.1,18.6,16.1,16.5,77.3,11.9,0.7,3.7,1.3,5.1,30.5,59.6,25.0,15.4,0.0,4.0,106550.14839967799
134,Arkansas,Ouachita County,24378,2.1,55.5,40.7,0.2,0.1,0.0,19780,26.0,30.5,17.0,20.1,9.8,22.7,86.3,8.6,0.9,1.8,0.8,1.5,22.2,71.4,23.2,5.5,0.0,8.3,67142.49129205263
135,Arkansas,Perry County,10320,2.8,92.2,2.1,0.5,0.1,0.0,21781,17.8,28.7,18.4,24.1,15.1,13.7,77.3,11.4,0.0,1.2,0.9,9.2,33.3,73.5,17.1,8.7,0.6,6.5,103175.30400449887
137,Arkansas,Pike County,10893,6.5,87.6,2.8,0.4,0.7,0.0,20180,17.3,26.9,17.6,19.1,18.9,17.6,79.5,14.0,0.4,1.8,2.7,1.7,27.7,72.7,17.8,9.2,0.3,5.1,107185.60328877193
138,Arkansas,Poinsett County,24098,2.8,87.4,5.6,0.2,0.1,0.0,18361,21.4,24.3,18.9,21.2,15.1,20.5,82.8,11.5,0.0,1.4,0.6,3.6,24.0,79.3,13.1,7.5,0.1,5.4,74357.23896572214
139,Arkansas,Polk County,20212,6.4,88.0,0.5,1.1,0.5,0.0,18735,26.6,28.4,15.7,22.4,15.4,18.1,77.0,18.0,0.6,1.0,0.8,2.5,23.0,72.6,17.1,10.3,0.0,8.5,103602.81572879861
140,Arkansas,Pope County,63372,8.5,84.7,2.9,0.4,1.0,0.0,21650,19.8,30.2,18.3,22.0,11.2,18.3,84.1,9.2,0.2,1.9,1.8,2.8,18.5,79.5,13.8,6.6,0.1,7.3,134438.87703969865
141,Arkansas,Prairie County,8309,0.6,85.0,13.4,0.4,0.0,0.0,22653,16.8,28.1,15.7,19.5,12.3,24.4,78.7,11.5,0.0,2.2,2.7,4.9,26.8,75.6,14.7,8.5,1.2,7.6,91543.91471265747
142,Arkansas,Pulaski County,392848,6.0,53.2,35.9,0.2,2.1,0.0,29855,17.3,41.2,16.7,25.4,6.8,10.0,83.4,9.8,1.0,1.3,1.3,3.4,20.3,75.7,19.4,4.7,0.2,5.9,143780.96803081495
143,Arkansas,Randolph County,17514,1.9,95.1,0.9,0.6,0.0,0.0,20932,20.9,29.7,17.7,17.4,13.4,21.8,83.2,10.7,0.0,2.1,1.5,2.5,28.6,72.8,17.9,8.9,0.4,3.5,95126.26486683544
144,Arkansas,Saline County,116252,4.5,85.9,6.4,0.3,1.1,0.1,28410,8.0,35.4,15.7,27.3,9.9,11.5,85.9,9.7,0.0,0.5,1.1,2.7,26.1,78.9,16.6,4.5,0.1,4.3,170899.8190915019
147,Arkansas,Sebastian County,127362,13.7,70.4,6.7,1.1,4.3,0.0,23916,22.5,29.4,18.1,23.6,9.9,19.0,82.3,11.5,0.4,1.8,1.8,2.3,19.0,85.3,9.9,4.6,0.2,5.6,126359.61287291309
149,Arkansas,Sharp County,17041,2.1,93.9,0.4,0.5,0.4,0.0,20078,23.3,26.6,21.6,21.1,15.0,15.8,78.7,14.8,0.0,1.2,1.6,3.8,25.0,74.9,14.8,10.2,0.0,6.7,96434.9242732628
151,Arkansas,Union County,40022,3.8,61.1,32.7,0.8,0.5,0.0,23463,20.1,33.4,13.4,25.0,11.4,16.8,89.4,7.3,0.2,1.0,0.4,1.7,19.0,79.8,15.0,5.0,0.2,8.3,96952.85883569345
152,Arkansas,Van Buren County,16751,2.9,93.7,0.4,0.6,0.1,0.0,20568,19.6,26.9,16.7,24.1,17.1,15.3,82.0,10.7,0.0,1.8,1.7,3.8,27.9,75.5,12.6,11.8,0.0,8.3,99229.49278788111
154,Arkansas,White County,78706,4.2,88.4,4.0,0.2,0.7,0.0,23120,16.6,33.4,17.4,21.2,11.5,16.5,82.2,11.2,0.0,2.8,0.7,3.1,24.0,79.6,14.0,5.9,0.5,6.2,129555.98357475868
155,Arkansas,Woodruff County,6763,0.5,69.2,27.5,0.0,1.5,0.1,19987,26.0,35.4,15.7,21.9,12.5,14.5,84.2,9.0,1.2,2.4,1.1,2.2,18.1,81.0,12.8,6.2,0.0,10.1,53994.5598562288
156,Arkansas,Yell County,21601,19.7,75.6,2.0,0.8,1.4,0.0,20209,17.8,23.5,17.0,20.0,16.8,22.8,79.0,10.0,0.6,2.2,2.2,6.0,20.8,78.7,14.4,6.6,0.3,6.3,115056.25725516578
159,California,Amador County,37306,13.2,79.3,2.0,0.7,1.5,0.2,29628,10.6,32.7,23.2,24.1,9.9,10.1,80.7,9.2,0.1,2.5,1.1,6.4,32.0,63.9,21.0,14.7,0.4,9.3,300141.3722724631
160,California,Butte County,225207,15.7,72.9,1.5,0.7,4.4,0.2,26304,20.5,35.9,22.2,22.7,9.2,10.1,75.0,11.1,1.2,3.2,3.9,5.7,20.1,72.8,17.2,9.7,0.4,9.1,272599.07723399595
161,California,Calaveras County,45057,11.5,82.0,0.6,0.9,1.2,0.5,31652,12.8,35.6,18.4,22.9,11.6,11.5,79.1,9.9,1.0,1.2,0.6,8.3,35.5,67.6,18.2,13.7,0.4,7.1,285287.6912935702
165,California,El Dorado County,185015,12.6,78.5,0.9,0.6,4.2,0.2,38156,9.8,41.4,19.0,24.2,8.2,7.0,77.8,8.5,1.8,2.0,1.6,8.3,29.1,72.0,16.8,11.1,0.2,8.1,446782.0481469655
167,California,Glenn County,27935,40.8,52.5,0.8,1.7,2.6,0.3,21029,19.6,22.6,19.7,17.8,23.9,16.0,75.9,12.4,0.4,3.9,1.6,5.7,24.0,70.9,17.3,10.9,0.9,9.2,215510.03223507138
168,California,Humboldt County,135490,11.1,74.9,1.0,4.6,2.9,0.3,25208,20.8,33.9,23.1,23.6,10.3,9.1,72.0,9.1,1.9,6.7,2.8,7.4,18.2,63.6,21.5,14.5,0.4,8.9,346512.19558212435
173,California,Lake County,64095,19.4,71.7,2.1,3.2,1.4,0.0,23345,22.8,25.8,26.5,21.4,16.1,10.1,71.3,11.5,1.0,3.0,0.6,12.5,28.9,68.3,20.0,11.4,0.3,11.2,219633.45998167747
179,California,Mendocino County,87497,24.5,65.9,0.6,3.3,1.7,0.2,27093,19.1,32.5,22.0,22.6,14.4,8.5,74.6,10.1,0.3,5.2,1.7,8.1,19.8,63.6,19.7,16.2,0.5,10.4,432073.72515957296
185,California,Nevada County,98838,9.2,85.4,0.5,0.7,1.1,0.1,35581,12.1,41.3,20.3,22.7,8.3,7.5,74.4,8.6,1.2,2.8,2.7,10.4,24.5,69.3,14.5,15.7,0.6,7.3,427811.61712451745
187,California,Placer County,374985,13.6,73.8,1.4,0.3,6.8,0.1,39734,8.2,44.0,16.6,25.7,7.4,6.4,79.5,7.8,1.3,1.5,1.6,8.3,27.3,75.7,15.8,8.3,0.2,5.6,457263.3087525543
188,California,Plumas County,18724,8.5,83.5,0.9,1.8,0.8,0.3,32056,13.3,32.4,25.1,18.6,13.9,10.0,78.5,10.3,0.1,3.1,2.3,5.7,21.9,59.9,26.0,14.0,0.2,9.4,239193.60002929173
201,California,Shasta County,178919,9.6,80.4,1.1,2.2,2.9,0.1,26455,18.1,31.7,21.9,26.3,10.5,9.5,82.0,7.5,0.6,2.2,1.9,5.8,19.9,73.3,16.5,10.0,0.2,6.8,240554.4084229139
203,California,Siskiyou County,43530,12.0,77.2,1.5,2.9,1.6,0.3,24605,20.7,32.9,21.3,21.9,14.4,9.5,74.4,9.9,0.7,4.9,1.3,8.9,18.9,63.0,22.5,14.3,0.3,9.1,179208.92925936508
206,California,Stanislaus County,535684,45.0,43.4,2.5,0.4,5.4,0.6,24007,17.2,27.2,18.0,23.8,14.4,16.7,80.5,10.9,0.8,1.5,1.7,4.6,28.2,79.4,13.8,6.7,0.2,11.8,280520.0736288609
208,California,Tehama County,63247,24.2,69.2,0.6,1.5,1.4,0.0,22631,20.9,23.7,22.1,23.6,14.3,16.3,81.2,9.4,0.3,2.9,1.5,4.7,23.5,74.2,16.3,9.4,0.1,10.1,194450.64723689514
211,California,Tuolumne County,53899,11.8,80.8,1.7,1.3,1.1,0.2,31570,13.6,32.8,25.6,21.2,11.7,8.7,80.3,8.5,0.6,2.4,1.7,6.5,27.0,68.7,18.1,12.8,0.3,7.9,288150.38888012577
214,California,Yuba County,74644,27.4,56.3,3.2,1.0,6.3,0.3,22814,18.5,29.3,19.9,24.1,13.8,13.0,78.3,13.4,1.0,1.2,1.4,4.8,30.7,67.9,22.0,9.8,0.4,9.9,240542.73053768856
215,Colorado,Adams County,487850,39.3,51.1,3.0,0.5,3.8,0.1,27487,12.2,29.8,18.9,24.1,13.7,13.5,77.7,11.2,3.8,1.2,1.1,5.0,29.2,83.6,11.2,5.1,0.1,5.1,313835.79436953575
217,Colorado,Arapahoe County,626612,18.9,61.3,10.2,0.3,5.6,0.2,36951,9.9,41.4,16.7,25.0,7.9,9.0,77.4,8.5,4.4,1.5,1.3,6.8,27.7,83.0,11.3,5.5,0.2,5.2,345292.1991608057
218,Colorado,Archuleta County,12592,18.3,76.7,1.1,2.1,0.7,0.0,29344,11.6,37.3,17.0,20.0,16.5,9.2,71.0,13.5,0.2,3.7,1.8,9.7,17.2,68.0,15.4,15.9,0.8,5.4,299987.98367853573
223,Colorado,Cheyenne County,2127,14.9,80.0,0.0,0.0,3.1,0.1,23698,11.8,37.1,12.1,19.2,17.5,14.1,73.1,5.7,0.0,6.6,2.9,11.7,12.6,60.4,22.8,16.4,0.4,8.1,95799.16033679551
229,Colorado,Delta County,30217,15.0,81.6,0.6,0.9,0.8,0.0,25546,16.5,34.5,19.7,17.7,17.7,10.5,75.4,10.3,0.2,4.7,1.4,8.0,24.3,70.4,13.4,15.9,0.4,8.5,213853.14484305689
230,Colorado,Denver County,678467,30.5,53.6,9.2,0.5,3.5,0.1,38991,15.1,46.1,16.8,21.5,7.9,7.7,69.9,8.1,6.8,4.4,3.3,7.6,25.3,83.5,10.8,5.5,0.1,4.5,383801.93249181117
235,Colorado,El Paso County,674826,16.5,69.9,5.8,0.4,2.7,0.4,31217,11.1,40.8,18.4,23.9,8.4,8.4,77.5,10.4,0.8,3.3,1.5,6.3,23.0,77.9,16.3,5.6,0.2,6.8,272866.1872193745
236,Colorado,Fremont County,46601,13.0,79.5,4.5,1.0,0.7,0.1,20919,15.8,30.8,25.7,23.7,12.7,7.2,81.9,8.8,0.3,2.3,2.5,4.3,22.7,64.7,27.6,7.7,0.1,6.2,182429.78632167436
237,Colorado,Garfield County,57945,28.1,68.6,0.4,0.5,0.8,0.0,31483,9.6,32.1,19.6,21.0,17.3,10.0,73.1,10.9,3.8,2.7,2.7,6.8,31.6,78.2,13.1,8.6,0.1,5.4,365788.62817048194
239,Colorado,Grand County,14793,8.1,86.9,0.4,0.0,1.9,0.7,32919,13.1,30.2,24.7,16.8,22.0,6.2,64.6,14.8,2.9,5.5,1.8,10.5,22.2,83.4,13.9,2.7,0.0,4.6,363517.46829167404
242,Colorado,Jefferson County,564029,15.2,78.7,1.0,0.4,2.7,0.1,40187,7.8,45.6,14.9,24.5,7.6,7.5,78.3,7.7,3.3,1.5,1.4,7.8,27.5,80.2,13.3,6.4,0.1,4.3,391437.58084210247
244,Colorado,Kit Carson County,7846,19.2,76.3,3.2,0.1,0.4,0.5,26125,11.5,30.4,18.3,22.7,21.7,6.9,74.5,11.2,0.8,5.2,1.0,7.3,12.1,66.0,22.5,11.2,0.3,5.3,127785.9661460629
245,Colorado,Lake County,7481,33.9,64.3,0.1,0.0,0.6,0.0,28492,12.8,30.5,20.1,23.1,18.4,8.0,67.0,10.3,1.5,10.9,2.0,8.3,28.6,72.7,18.1,9.2,0.0,5.7,218462.94038203743
246,Colorado,La Plata County,54469,12.6,79.0,0.5,5.2,0.6,0.0,34501,9.6,40.1,18.4,22.6,11.2,7.6,73.8,9.2,1.2,5.6,3.4,6.8,21.4,73.5,16.6,9.7,0.3,4.4,386790.4305041721
247,Colorado,Larimer County,330976,11.2,83.2,0.9,0.5,2.0,0.1,34087,12.4,43.4,17.4,22.5,8.1,8.6,75.0,8.8,1.3,2.5,4.8,7.5,22.8,77.1,16.4,6.3,0.2,5.3,365726.88623706327
248,Colorado,Las Animas County,14151,42.4,52.7,0.8,2.1,0.8,0.0,24268,17.0,31.7,24.6,20.5,13.2,9.9,71.6,13.6,0.8,5.8,0.6,7.6,20.6,63.5,26.2,10.1,0.2,7.8,118942.05636067611
250,Colorado,Logan County,21885,15.5,78.1,1.1,0.7,1.0,0.0,24595,16.8,29.1,21.4,20.8,15.7,13.0,75.7,12.0,0.5,5.8,0.7,5.3,19.2,71.0,19.4,9.4,0.2,6.2,143283.37157953574
251,Colorado,Mesa County,148798,14.2,81.8,0.7,0.6,0.7,0.1,27612,16.0,33.8,18.4,23.7,12.5,11.6,77.9,9.2,0.4,3.7,2.6,6.2,20.2,79.2,14.2,6.3,0.4,8.0,223425.03873357663
253,Colorado,Moffat County,13056,14.9,81.4,1.0,0.5,0.1,0.6,27331,10.1,27.7,16.9,24.2,20.9,10.3,72.6,17.7,1.1,4.1,1.0,3.6,22.0,78.9,15.0,5.4,0.6,3.6,159433.39211256543
254,Colorado,Montezuma County,25770,12.2,73.1,0.2,11.8,0.1,0.1,24440,16.8,31.8,22.4,22.7,12.3,10.7,78.8,8.2,0.1,3.4,1.1,8.5,22.0,66.1,21.9,11.7,0.3,5.9,230469.96328614393
255,Colorado,Montrose County,40908,20.5,76.2,0.4,0.5,0.7,0.3,24308,17.8,31.9,19.7,21.2,16.0,11.2,80.8,10.6,0.3,2.1,1.4,4.7,17.8,73.4,15.9,10.4,0.3,8.0,229848.33369197475
257,Colorado,Otero County,18325,41.5,54.5,0.7,0.5,1.0,0.9,20358,22.9,35.1,20.6,20.1,11.4,12.9,79.4,10.4,0.1,3.8,1.3,5.2,16.2,66.7,24.0,8.9,0.5,9.3,80983.5480816766
260,Colorado,Phillips County,4327,20.1,77.4,0.2,0.3,0.4,0.0,27790,8.1,32.2,20.2,20.4,16.4,10.8,71.5,16.4,0.0,7.7,1.4,3.0,15.8,70.9,15.5,13.2,0.5,2.0,145663.44839592467
262,Colorado,Prowers County,12084,37.2,60.0,0.4,0.2,0.6,0.0,22033,18.3,32.9,19.0,22.7,16.3,9.1,77.0,12.4,0.0,1.6,2.0,7.0,13.8,70.9,20.6,8.3,0.2,8.4,78642.1249255139
263,Colorado,Pueblo County,163368,42.7,52.4,1.6,0.5,0.7,0.1,23110,19.8,31.3,21.4,25.6,9.6,12.1,81.5,11.2,1.1,2.1,1.2,2.9,21.8,76.6,17.9,5.3,0.2,9.3,152956.4608470725
265,Colorado,Rio Grande County,11430,44.6,52.2,0.3,1.7,0.2,0.2,22412,18.1,27.8,16.9,23.7,20.7,10.9,78.1,13.7,0.6,2.6,1.3,3.6,17.4,68.2,20.4,11.0,0.3,8.8,146089.12228562954
272,Colorado,Teller County,23769,6.2,89.5,0.7,0.4,1.0,0.0,34974,7.5,38.4,20.8,20.7,12.0,8.1,75.4,12.6,0.4,2.2,2.1,7.3,32.6,74.1,18.6,7.0,0.4,6.7,261082.19547965657
273,Colorado,Washington County,4809,9.6,87.8,0.9,0.3,0.5,0.0,26279,9.9,39.0,15.0,16.1,14.9,14.9,74.7,9.2,0.7,3.3,1.0,11.1,24.0,63.9,20.9,15.0,0.2,4.2,117224.10344969493
274,Colorado,Weld County,285729,29.0,66.4,1.0,0.4,1.3,0.1,29226,11.2,33.2,16.9,22.7,13.0,14.2,80.0,10.6,0.6,2.1,1.3,5.5,26.7,80.6,12.9,6.3,0.3,5.3,319156.5578405525
275,Colorado,Yuma County,10109,22.6,75.7,0.5,0.3,0.0,0.0,24789,14.3,29.4,14.4,22.2,21.4,12.6,68.8,13.8,0.1,6.5,0.3,10.5,15.7,71.6,15.5,12.4,0.5,2.4,155075.19503291513
277,Connecticut,Hartford County,897417,17.3,62.5,12.8,0.1,5.0,0.0,37817,11.2,43.4,16.7,23.5,6.2,10.3,81.1,8.4,3.3,2.1,1.1,4.0,23.0,80.9,13.8,5.0,0.2,7.4,213582.46691814848
278,Connecticut,Litchfield County,184454,5.7,89.4,1.5,0.1,1.9,0.0,40619,6.8,40.8,17.0,21.6,9.8,10.8,83.7,6.2,1.4,2.4,1.0,5.3,27.4,77.7,13.5,8.6,0.2,6.0,225688.7122037421
279,Connecticut,Middlesex County,164110,5.9,84.4,4.9,0.1,2.9,0.0,43695,7.2,45.4,15.2,23.5,7.9,8.0,81.9,6.9,1.6,2.9,1.2,5.6,26.1,80.2,13.1,6.6,0.1,5.1,252982.32608726108
280,Connecticut,New Haven County,862127,17.2,64.1,12.3,0.1,3.9,0.0,35085,12.1,41.3,17.7,23.5,7.1,10.3,78.4,8.4,4.1,3.6,1.3,4.2,24.9,81.0,13.1,5.7,0.2,7.7,212631.1101700187
281,Connecticut,New London County,270772,10.0,76.2,5.2,0.5,4.1,0.0,36881,9.9,40.1,21.9,20.6,8.0,9.5,80.0,8.9,1.5,3.6,1.2,4.8,23.4,78.5,16.0,5.3,0.1,7.0,223263.20002679303
282,Connecticut,Tolland County,151596,5.2,85.4,2.9,0.0,4.4,0.0,37830,6.5,42.7,17.0,22.5,8.6,9.2,80.6,6.8,2.0,4.6,1.0,5.0,26.3,76.1,18.5,5.3,0.1,5.8,226924.51622448838
283,Connecticut,Windham County,116674,11.1,83.5,1.8,0.0,1.3,0.0,29993,11.1,33.1,20.5,23.0,10.6,12.8,82.8,8.6,0.6,3.0,1.0,4.1,26.3,78.3,16.4,5.1,0.2,7.6,189603.674942223
284,Delaware,Kent County,173145,6.8,62.7,24.1,0.6,2.0,0.0,27420,13.0,33.5,19.8,22.9,9.9,13.8,82.1,9.6,1.2,1.8,1.1,4.2,26.3,74.7,21.1,4.0,0.2,6.7,204847.6540580374
285,Delaware,New Castle County,555036,9.6,58.5,24.1,0.2,5.4,0.0,34541,11.9,43.9,17.0,23.4,7.1,8.7,80.5,7.7,4.0,2.4,1.1,4.2,25.7,84.7,12.0,3.2,0.1,6.5,235173.3112394628
286,Delaware,Sussex County,215551,9.2,74.9,12.1,0.4,1.2,0.0,31874,12.0,33.3,18.7,24.0,11.2,12.8,83.4,7.3,0.7,1.6,1.3,5.6,25.3,79.3,14.8,5.8,0.1,6.1,304416.7797725045
288,Florida,Alachua County,259865,9.3,62.0,19.8,0.3,5.9,0.1,26431,23.3,46.1,19.2,23.3,5.3,6.2,74.7,8.8,4.1,3.3,4.6,4.5,21.2,70.2,25.5,4.2,0.1,6.6,174812.876405217
289,Florida,Baker County,27537,2.4,81.9,13.8,0.4,0.7,0.0,22440,17.2,29.9,19.0,26.7,10.6,13.9,84.9,9.1,0.0,0.1,2.4,3.5,29.9,69.1,26.7,4.0,0.2,5.8,167690.08400542338
290,Florida,Bay County,180117,6.0,77.3,10.7,0.7,2.3,0.0,26742,15.4,32.0,22.2,25.1,10.2,10.5,81.7,10.5,1.2,1.3,2.0,3.3,22.8,77.5,16.0,6.2,0.4,6.4,186931.36286679667
291,Florida,Bradford County,26775,3.8,74.5,19.1,0.3,0.6,0.0,19656,18.8,31.7,22.8,23.7,11.0,10.8,87.5,7.1,0.1,2.1,1.8,1.4,31.1,71.3,24.9,3.6,0.2,7.6,116544.33756218776
292,Florida,Brevard County,568183,9.7,75.3,9.8,0.3,2.4,0.1,29405,13.4,38.4,19.1,24.7,8.5,9.4,81.6,8.0,0.6,1.1,2.7,6.0,24.5,81.6,13.1,5.2,0.2,7.6,191657.32676872026
295,Florida,Charlotte County,173236,6.9,84.4,5.5,0.3,1.2,0.0,29243,12.0,29.0,22.3,29.0,12.1,7.6,79.0,8.8,0.2,1.0,3.2,7.7,24.7,79.7,12.9,7.0,0.4,8.9,190371.7354410242
296,Florida,Citrus County,141373,5.3,88.6,2.8,0.3,1.6,0.0,25034,17.4,28.2,23.5,25.2,11.2,11.9,81.7,8.1,0.3,1.2,2.9,5.8,25.3,79.9,12.8,6.8,0.4,9.9,139123.28708329433
297,Florida,Clay County,203291,9.3,74.2,9.6,0.1,3.0,0.1,28599,10.4,33.5,18.3,26.6,10.9,10.7,83.3,8.1,0.1,1.1,1.9,5.4,33.3,82.1,14.1,3.8,0.1,8.1,185786.79010799198
298,Florida,Collier County,356774,27.2,63.6,6.8,0.2,1.3,0.0,41239,12.8,30.6,24.2,24.1,13.5,7.6,74.6,11.3,2.4,1.5,2.8,7.3,24.5,84.6,8.2,7.0,0.1,5.3,338702.72998493974
299,Florida,Columbia County,68484,5.8,73.1,17.6,0.2,0.9,0.1,22855,16.8,30.3,20.7,25.0,13.0,11.0,83.7,10.6,0.2,0.6,1.3,3.7,24.8,73.2,22.3,4.4,0.2,9.5,130434.98600531956
300,Florida,Dixie County,16323,3.9,84.8,7.1,0.4,0.5,0.0,19342,23.7,25.9,17.3,24.7,16.1,15.9,77.1,14.0,0.0,1.3,1.8,5.8,26.7,69.4,22.0,8.1,0.5,6.2,97987.60891458452
301,Florida,Duval County,912043,9.0,54.1,29.3,0.2,4.6,0.1,28593,16.0,36.6,18.3,27.1,7.8,10.3,80.3,9.4,1.9,1.7,2.0,4.8,24.5,84.1,11.4,4.5,0.1,7.4,165728.77025938072
302,Florida,Escambia County,309924,5.5,64.8,21.6,0.4,2.8,0.1,25666,14.6,32.6,20.6,28.8,8.3,9.7,75.9,10.6,0.6,2.1,1.7,9.0,21.9,78.3,15.3,6.3,0.1,7.2,145683.00803472934
304,Florida,Franklin County,11675,5.2,78.2,13.6,0.1,0.4,0.7,23524,20.1,29.8,23.6,17.9,19.5,9.2,79.8,8.8,0.5,2.6,3.4,4.9,19.3,63.8,23.0,13.2,0.0,7.9,231489.1826062264
306,Florida,Gilchrist County,17191,5.5,87.2,5.8,0.1,0.1,0.0,21145,19.8,24.5,21.4,25.6,14.9,13.7,75.6,16.7,0.8,1.1,1.3,4.4,32.8,72.8,20.1,7.0,0.0,7.4,144178.45766077194
307,Florida,Glades County,13197,20.8,60.7,12.9,3.8,0.4,0.0,20476,18.0,27.8,16.0,25.6,17.2,13.5,75.8,12.3,0.2,4.1,2.4,5.3,25.3,65.8,22.1,12.1,0.0,10.0,118027.51941713576
308,Florida,Gulf County,16018,4.8,74.5,16.8,0.5,0.6,0.2,21085,14.9,29.4,28.0,21.5,10.9,10.2,71.1,17.7,0.0,0.8,3.9,6.5,22.4,76.8,18.1,4.9,0.2,5.4,200884.62436878184
309,Florida,Hamilton County,14238,9.2,54.9,34.1,0.6,0.0,0.0,16109,26.6,28.3,27.7,18.2,11.4,14.3,79.4,13.1,0.2,2.2,1.0,4.1,23.4,62.4,27.1,10.4,0.1,12.7,97420.81400785694
310,Florida,Hardee County,27326,43.2,47.4,7.9,0.2,0.6,0.0,18643,24.5,22.9,20.5,20.6,21.1,15.0,79.5,12.3,3.5,1.1,1.4,2.3,23.9,77.5,14.4,8.0,0.0,9.1,104069.96700615723
312,Florida,Hernando County,179144,12.2,79.3,4.9,0.3,1.2,0.0,23495,14.3,29.6,19.9,29.7,10.1,10.7,82.0,9.1,0.2,0.9,1.9,5.8,29.6,81.8,13.0,4.9,0.2,8.8,145838.6445274829
313,Florida,Highlands County,100177,18.9,68.4,9.3,0.3,1.5,0.0,23020,18.7,29.3,21.5,26.6,14.1,8.6,79.8,9.1,2.7,1.7,1.8,4.9,20.4,79.8,13.7,6.2,0.3,11.5,117850.97690370477
315,Florida,Holmes County,19483,2.7,87.1,7.3,1.1,0.2,0.2,18402,26.6,27.9,21.3,22.9,14.5,13.4,84.3,9.2,0.2,1.6,1.1,3.6,28.2,71.8,20.6,7.6,0.0,11.5,106031.76229848697
316,Florida,Indian River County,147981,12.1,75.9,8.9,0.2,1.2,0.0,33122,12.7,32.6,21.0,27.2,11.2,8.1,79.6,9.7,0.4,0.9,1.9,7.6,22.4,81.1,11.5,7.1,0.3,8.2,205782.6401061579
317,Florida,Jackson County,48571,4.6,65.5,26.8,0.7,0.6,0.1,18126,21.6,29.1,27.1,23.1,10.4,10.4,88.6,6.1,0.0,1.3,1.6,2.4,23.0,66.9,29.0,3.9,0.1,11.2,97095.91806438146
318,Florida,Jefferson County,14085,4.0,58.2,35.1,0.4,0.1,0.0,22452,13.9,40.8,22.1,21.0,10.1,6.0,84.5,10.3,0.0,0.6,0.4,4.2,28.7,65.5,28.9,5.6,0.0,7.2,145716.23215718308
320,Florida,Lake County,326215,14.4,71.1,9.9,0.3,1.9,0.0,25991,12.8,32.0,21.4,27.8,9.5,9.4,81.5,10.0,0.3,0.8,1.3,6.1,28.8,82.8,11.8,5.3,0.1,7.2,199281.54962781267
321,Florida,Lee County,700165,20.2,68.4,8.2,0.2,1.5,0.0,30233,14.9,30.4,21.7,27.7,11.8,8.3,79.9,9.7,0.8,1.0,2.9,5.6,27.2,83.2,10.3,6.2,0.2,7.1,223507.12968200285
322,Florida,Leon County,285890,6.1,57.2,30.7,0.2,3.3,0.0,28548,20.5,45.1,18.2,26.4,5.2,5.1,80.7,9.4,1.6,2.4,2.0,3.9,20.8,64.8,31.3,3.8,0.1,8.8,180187.97401134568
323,Florida,Levy County,39713,8.0,80.3,8.7,0.2,0.6,0.0,21043,21.9,23.3,23.7,24.4,16.9,11.6,80.6,10.9,0.0,1.5,1.1,5.9,30.0,72.3,18.0,9.5,0.2,8.5,135090.41991177454
325,Florida,Madison County,18518,5.1,54.4,38.8,0.2,1.0,0.0,17192,31.9,27.6,18.4,26.0,9.7,18.3,82.3,9.6,0.0,3.1,2.2,2.9,27.0,67.1,27.2,5.3,0.4,8.1,110152.83750455092
326,Florida,Manatee County,363542,15.9,71.9,8.6,0.2,1.9,0.1,30477,13.4,33.1,20.7,26.9,9.7,9.6,79.7,8.7,0.8,1.4,1.8,7.5,25.4,83.1,10.9,5.8,0.2,6.6,248164.5659859019
327,Florida,Marion County,343778,12.4,71.3,12.3,0.3,1.5,0.0,23598,17.6,28.5,22.6,28.7,10.0,10.2,80.4,9.6,0.4,1.6,1.6,6.4,25.4,80.0,12.7,6.8,0.5,9.0,141425.4893813538
328,Florida,Martin County,155719,13.2,79.0,5.4,0.2,1.3,0.1,38021,10.9,36.9,21.1,25.8,9.5,6.8,77.5,10.1,0.3,1.3,2.4,8.4,26.3,81.9,11.2,6.7,0.3,6.5,257313.97020528035
331,Florida,Nassau County,78435,3.8,87.5,6.1,0.4,0.9,0.0,33337,11.4,34.5,18.4,23.4,10.9,12.8,83.4,9.3,0.1,1.9,1.6,3.7,29.8,80.6,13.8,5.5,0.0,5.7,251441.24187830827
332,Florida,Okaloosa County,197591,8.7,74.5,9.5,0.6,2.8,0.1,30775,11.5,35.5,22.4,24.3,10.0,7.8,82.9,8.6,0.3,1.8,2.8,3.5,23.6,73.2,20.1,6.5,0.2,6.1,208252.85999047363
333,Florida,Okeechobee County,40228,25.0,64.0,8.0,0.6,0.9,0.2,18611,22.3,21.3,22.2,21.9,20.8,13.8,80.6,13.3,0.2,1.9,1.7,2.3,24.0,78.2,13.4,8.2,0.1,9.0,123684.48789835635
337,Florida,Pasco County,498136,14.0,76.4,5.0,0.3,2.4,0.1,26624,13.6,36.1,18.8,27.5,9.1,8.5,80.6,8.7,0.4,1.0,1.9,7.5,31.6,81.8,12.5,5.5,0.3,7.0,178236.34069341954
338,Florida,Pinellas County,949842,9.2,74.7,10.0,0.2,3.3,0.1,32120,13.7,37.7,18.4,28.0,7.2,8.6,79.1,7.8,1.8,1.6,3.0,6.7,24.4,83.8,10.6,5.5,0.1,6.4,207074.59642346576
339,Florida,Polk County,652256,20.6,61.0,14.7,0.2,1.7,0.0,22579,17.3,29.9,20.7,25.6,10.6,13.3,82.2,10.1,0.5,1.1,1.9,4.2,26.0,83.9,11.0,5.0,0.1,7.7,161207.29064828993
340,Florida,Putnam County,72435,9.8,71.7,16.2,0.3,0.6,0.0,18950,27.6,23.3,22.8,24.0,15.9,14.0,78.5,12.7,0.7,1.8,1.9,4.4,27.9,78.0,15.9,5.8,0.2,10.3,98901.03571060301
341,Florida,Santa Rosa County,166778,5.2,82.9,5.8,0.5,1.9,0.1,28908,11.3,37.7,15.9,26.0,10.9,9.4,83.2,9.9,0.1,0.5,1.1,5.1,28.7,77.7,16.4,5.8,0.1,6.3,188524.26524582566
342,Florida,Sarasota County,404839,8.8,83.5,4.5,0.2,1.6,0.0,37054,10.5,34.2,21.8,26.7,9.6,7.7,83.1,6.7,0.7,0.9,2.0,6.6,23.6,81.6,9.6,8.6,0.2,5.7,256570.4859868594
343,Florida,Seminole County,449260,20.1,62.3,10.6,0.1,4.2,0.1,31363,11.8,44.8,15.6,26.9,5.8,6.9,82.0,7.7,0.8,0.7,1.6,7.1,27.1,83.2,11.2,5.4,0.2,6.6,220249.27735744932
345,Florida,Suwannee County,43814,8.8,75.7,13.3,0.1,0.1,0.0,21565,20.4,24.5,25.9,20.4,14.4,14.9,77.1,14.6,0.1,1.1,3.2,4.0,25.9,76.5,16.9,6.4,0.2,9.1,135790.47828587203
346,Florida,Taylor County,22350,4.1,71.8,21.4,0.5,0.4,0.2,16979,16.4,26.6,22.2,23.6,12.0,15.6,80.9,14.7,0.0,0.9,2.7,0.7,24.2,72.2,21.2,6.6,0.0,5.9,103351.90594863748
348,Florida,Volusia County,518660,12.9,72.9,10.2,0.3,1.8,0.0,25871,16.1,31.3,20.8,26.8,10.9,10.2,80.5,8.9,1.1,1.2,2.6,5.8,25.4,82.7,11.5,5.6,0.1,6.7,175763.15579719853
349,Florida,Wakulla County,31586,3.6,79.3,14.9,0.4,0.4,0.0,22846,12.6,33.3,19.5,25.5,14.2,7.5,84.6,10.1,0.0,1.3,0.8,3.2,32.7,62.4,32.1,5.3,0.1,6.9,161609.81745927184
350,Florida,Walton County,63457,6.0,84.3,4.9,0.5,1.2,0.2,30853,17.0,35.5,21.3,24.7,11.7,6.8,80.0,9.3,0.2,1.2,2.1,7.2,28.2,78.0,12.8,9.1,0.2,5.7,355323.58443130733
351,Florida,Washington County,24472,3.5,77.6,15.3,1.2,0.3,0.3,18718,21.0,28.9,22.4,22.2,14.1,12.3,86.8,7.3,0.2,0.5,2.3,2.9,30.5,69.0,21.4,9.4,0.2,10.1,104781.30607656359
352,Georgia,Appling County,18471,9.7,69.6,17.9,0.6,0.8,0.0,19936,24.7,26.0,13.9,18.7,22.8,18.6,82.9,11.3,0.2,2.4,0.6,2.6,22.0,78.8,16.2,4.9,0.2,7.7,95214.98214504374
353,Georgia,Atkinson County,8313,24.6,56.6,17.8,0.7,0.0,0.0,19904,27.4,21.6,9.7,22.2,23.0,23.5,82.7,11.6,0.0,2.2,2.2,1.2,22.9,82.8,11.6,5.6,0.0,8.4,81311.88430215698
354,Georgia,Bacon County,11279,8.5,73.6,14.6,0.0,0.9,0.2,18856,23.2,30.7,12.0,22.4,18.6,16.2,79.1,15.1,1.2,1.3,1.3,2.1,20.4,77.7,16.1,6.2,0.0,3.1,78105.61666089807
355,Georgia,Baldwin County,45527,2.2,52.9,41.4,0.3,1.5,0.2,20114,27.8,30.3,26.9,20.2,9.8,12.8,85.2,8.8,0.4,2.5,1.4,1.7,21.7,68.6,27.7,3.7,0.0,9.0,108339.85259424038
356,Georgia,Banks County,18363,6.4,88.4,2.5,0.2,1.2,0.0,19451,14.3,24.8,17.0,22.4,16.4,19.5,80.6,12.5,0.0,2.0,0.6,4.4,30.2,80.5,11.6,7.0,0.9,6.6,149156.12662009738
357,Georgia,Barrow County,75099,10.0,73.0,11.1,0.1,3.6,0.0,22978,13.2,28.0,13.8,29.1,12.5,16.6,85.1,9.9,0.3,0.5,0.8,3.3,33.2,82.9,12.5,4.5,0.1,6.8,162812.63109739256
358,Georgia,Bartow County,102623,8.2,78.2,10.5,0.2,0.9,0.0,24931,14.2,29.9,16.6,22.8,12.1,18.6,81.9,9.7,0.8,0.7,1.6,5.3,27.9,81.4,13.0,5.4,0.2,6.0,157088.9659063581
359,Georgia,Ben Hill County,17272,6.0,56.5,36.2,0.0,0.2,0.0,16635,30.4,24.3,18.1,18.7,11.3,27.6,84.3,10.9,0.0,1.5,2.6,0.6,17.5,81.4,15.7,2.8,0.1,5.2,59749.08854182246
360,Georgia,Berrien County,19014,4.9,82.3,10.8,0.2,1.0,0.0,18064,23.7,22.8,19.7,20.6,15.9,21.1,80.4,13.7,0.1,1.6,1.9,2.3,23.8,77.3,17.7,4.8,0.3,9.4,97753.8459959462
362,Georgia,Bleckley County,12779,2.7,68.8,27.7,0.1,0.2,0.0,20667,23.0,30.1,20.3,22.9,12.9,13.8,84.6,10.5,0.1,1.2,0.2,3.4,24.2,65.5,29.4,5.1,0.0,7.7,87118.80176995888
363,Georgia,Brantley County,18411,2.1,92.6,3.1,0.1,0.7,0.1,18220,21.8,24.4,18.0,20.8,20.7,16.1,84.2,8.9,1.4,1.2,0.7,3.7,30.8,75.0,18.0,6.8,0.2,7.8,91539.54459539703
364,Georgia,Brooks County,15629,5.6,56.8,33.6,0.0,0.8,0.0,20964,23.6,27.1,16.6,23.5,16.8,16.1,82.1,9.7,0.6,0.7,2.3,4.7,24.2,75.2,18.3,6.4,0.1,13.6,91980.17663268548
365,Georgia,Bryan County,34883,6.6,74.3,14.6,0.5,1.5,0.0,29880,14.1,37.6,17.0,23.6,11.2,10.6,85.3,8.0,0.0,1.5,2.6,2.6,30.0,75.3,18.3,6.3,0.1,7.9,226607.8052072624
366,Georgia,Bulloch County,73742,3.7,64.0,28.5,0.2,1.5,0.0,20526,30.4,32.9,21.8,21.8,9.5,14.1,79.2,10.8,1.3,2.2,2.1,4.5,21.6,67.3,24.6,7.7,0.3,9.3,138556.23571968827
367,Georgia,Burke County,22645,3.1,47.0,49.1,0.0,0.3,0.0,19720,29.2,28.0,18.1,19.8,14.8,19.4,87.7,7.8,0.2,0.7,1.0,2.7,26.4,77.2,17.0,5.6,0.2,5.8,78806.09331527744
368,Georgia,Butts County,23556,3.1,66.6,28.2,0.1,0.6,0.0,21236,23.5,27.3,16.3,25.3,14.4,16.7,85.7,9.0,0.0,0.2,0.6,4.6,30.8,79.3,15.0,4.5,1.2,7.6,134583.34665653497
370,Georgia,Camden County,52252,6.4,70.1,18.5,0.6,1.4,0.1,26854,12.7,33.0,19.6,23.8,12.1,11.5,84.0,7.2,0.2,4.8,2.0,1.8,22.8,68.1,26.6,5.1,0.2,8.2,155107.1502040151
371,Georgia,Candler County,10894,11.5,61.2,23.5,0.7,0.8,0.0,18233,31.5,25.8,16.8,26.7,14.6,16.1,80.9,15.2,0.0,1.4,0.3,2.1,22.2,74.8,16.1,8.9,0.2,6.3,96972.80921467097
372,Georgia,Carroll County,114898,6.7,71.1,18.7,0.3,0.8,0.1,23139,18.6,27.0,18.7,22.6,11.6,20.0,81.2,13.1,0.3,1.4,1.6,2.4,27.8,79.2,15.1,5.6,0.1,9.4,137416.92016926935
373,Georgia,Catoosa County,65870,2.9,91.4,2.3,0.2,1.3,0.0,25643,10.8,32.2,13.5,28.5,10.4,15.4,85.6,10.0,0.0,0.5,0.5,3.4,23.3,82.7,12.0,5.2,0.1,5.4,147410.83639871434
374,Georgia,Charlton County,12963,8.4,62.0,25.3,1.5,0.8,0.0,19102,23.1,25.0,20.3,16.9,17.5,20.3,78.8,13.6,0.5,0.4,2.4,4.4,33.7,74.8,19.8,5.2,0.2,10.4,88679.36614607026
375,Georgia,Chatham County,285506,6.3,49.1,39.4,0.2,2.5,0.1,28765,17.3,36.2,21.1,22.6,8.1,12.0,78.5,9.5,2.7,2.5,2.6,4.1,21.8,80.0,14.5,5.3,0.2,8.7,176726.88378754145
377,Georgia,Chattooga County,24880,4.7,83.1,10.2,0.1,0.4,0.0,17716,22.5,23.1,15.2,18.9,12.3,30.5,83.6,11.3,0.5,2.2,0.8,1.7,25.2,80.2,13.3,6.2,0.4,9.5,85365.64920741731
378,Georgia,Cherokee County,235896,10.0,79.9,6.2,0.1,1.9,0.0,33466,9.4,40.7,15.1,27.1,8.8,8.4,78.9,9.1,0.5,1.0,1.9,8.7,34.5,84.2,10.5,5.3,0.0,4.9,245936.44282362112
379,Georgia,Clarke County,123554,10.6,55.6,27.3,0.1,4.2,0.0,21203,34.1,40.7,21.3,19.9,5.7,12.4,74.6,10.3,4.5,3.9,2.5,4.2,19.4,71.7,23.6,4.5,0.3,7.6,149477.91360792966
383,Georgia,Cobb County,739072,12.8,53.1,26.3,0.1,5.1,0.0,36587,10.9,45.7,14.8,23.9,7.3,8.3,79.6,8.5,1.1,1.2,2.0,7.6,31.4,83.4,10.1,6.4,0.1,6.0,236333.64632296658
384,Georgia,Coffee County,43048,11.3,58.6,27.9,0.1,0.7,0.0,18945,23.9,33.1,16.3,20.4,9.8,20.4,85.5,9.2,0.2,0.7,2.1,2.3,20.0,79.4,14.3,6.1,0.1,5.7,82219.38317038932
386,Georgia,Columbia County,143723,6.2,70.1,16.3,0.2,4.0,0.0,31720,8.6,42.9,17.2,22.6,8.2,9.1,86.6,9.4,0.1,0.3,0.6,3.0,25.2,74.8,20.3,4.9,0.1,5.8,191913.52799275238
387,Georgia,Cook County,17190,5.8,64.9,27.2,0.3,0.6,0.0,17587,24.2,24.8,16.8,24.1,14.2,20.1,81.8,11.0,0.1,1.6,0.7,4.8,25.6,76.6,16.9,6.5,0.0,5.8,85654.26452770269
388,Georgia,Coweta County,138015,6.8,71.5,17.4,0.1,1.8,0.0,31548,11.6,34.7,15.8,24.6,10.1,14.8,81.5,10.9,0.6,0.4,1.8,4.8,31.0,81.2,13.6,5.0,0.2,5.4,210606.4063879118
389,Georgia,Crawford County,12385,0.7,73.5,23.3,0.1,1.1,0.0,22212,18.1,25.9,19.6,23.3,16.1,15.1,89.1,6.7,0.7,0.7,1.3,1.5,28.8,72.2,23.3,4.0,0.5,12.6,96143.04498143452
391,Georgia,Dade County,16282,2.2,93.8,0.5,0.7,1.1,0.7,23184,17.5,26.1,21.5,21.6,14.5,16.3,75.8,12.4,0.2,7.1,0.5,3.9,26.4,80.8,10.3,8.6,0.3,4.8,127719.2397319645
392,Georgia,Dawson County,23397,4.2,92.8,1.2,0.1,0.3,0.0,31954,11.8,37.1,12.6,25.0,12.3,12.9,79.6,11.2,0.1,0.4,0.8,7.8,32.3,79.9,13.3,6.7,0.0,6.1,222130.42904173068
394,Georgia,Dodge County,21063,3.4,65.3,27.8,0.0,0.6,0.0,18563,22.2,33.6,15.7,22.4,10.9,17.4,82.2,9.0,0.7,1.2,4.7,2.2,26.0,60.9,31.4,7.7,0.0,9.0,78969.96858916346
395,Georgia,Dooly County,14053,6.9,42.6,49.5,0.0,0.1,0.0,16867,23.2,22.2,20.2,18.6,11.2,27.9,82.1,12.7,0.0,0.8,1.0,3.4,21.5,66.1,23.4,10.5,0.0,10.5,73008.05763967334
397,Georgia,Douglas County,140152,9.2,43.4,44.0,0.1,1.6,0.0,25449,14.2,34.3,15.6,26.2,9.2,14.7,81.8,10.3,0.8,0.7,1.7,4.8,32.7,80.6,13.8,5.7,0.0,7.9,154090.1263042645
398,Georgia,Early County,10405,2.2,46.1,50.5,0.1,0.8,0.0,17972,27.5,29.9,12.4,19.5,19.7,18.6,88.8,7.1,0.1,1.3,2.4,0.3,25.2,68.8,24.9,6.3,0.0,8.7,71574.15890354995
400,Georgia,Effingham County,57087,3.9,79.3,13.2,0.1,1.0,0.1,26765,9.6,32.1,13.7,21.0,14.6,18.6,86.7,8.6,0.2,0.8,1.6,2.1,31.1,80.9,15.6,3.4,0.1,5.0,173158.9063327386
401,Georgia,Elbert County,19288,5.5,63.5,30.5,0.0,0.1,0.0,21138,22.4,25.8,14.8,20.8,10.0,28.5,86.1,10.0,0.2,1.8,0.1,1.8,20.8,72.1,19.3,8.4,0.2,7.7,76960.9973725807
402,Georgia,Emanuel County,22502,4.5,59.4,34.0,0.0,0.0,0.0,17944,29.2,25.7,20.5,20.5,13.2,20.2,82.3,12.4,1.3,0.9,0.7,2.3,27.9,72.1,20.8,6.7,0.4,10.3,64507.237665152235
404,Georgia,Fannin County,24480,2.2,95.3,0.2,0.1,0.6,0.1,24845,15.8,29.6,20.6,23.5,13.7,12.5,76.5,15.3,0.2,1.0,1.6,5.4,26.9,73.6,14.1,12.1,0.2,8.3,234866.00615609495
405,Georgia,Fayette County,110306,7.1,64.1,21.1,0.3,4.4,0.1,39936,6.3,44.8,12.5,23.6,7.3,11.9,80.9,7.3,0.9,0.4,1.9,8.5,31.2,78.8,15.4,5.7,0.1,5.5,285624.0712962193
406,Georgia,Floyd County,96471,10.6,71.4,14.4,0.1,1.5,0.0,23929,18.1,29.0,20.3,22.0,10.4,18.3,82.3,8.1,0.5,2.7,1.6,4.8,22.3,82.1,13.3,4.5,0.1,7.5,110397.14147784178
408,Georgia,Franklin County,22328,4.4,83.9,9.8,0.1,0.7,0.0,19663,25.4,29.8,15.6,18.3,14.4,21.9,84.8,7.1,0.4,2.2,1.2,4.3,25.8,77.4,14.9,7.5,0.2,6.3,123897.51903132103
409,Georgia,Fulton County,1010420,7.4,39.9,43.6,0.2,6.7,0.0,41041,16.0,50.1,14.6,24.0,3.9,7.4,72.1,7.7,7.5,2.6,1.9,8.2,28.1,83.4,11.2,5.3,0.1,7.7,261805.88552723895
410,Georgia,Gilmer County,29614,11.5,85.5,0.6,0.1,0.5,0.0,23688,18.8,26.1,22.5,21.3,14.6,15.5,75.2,16.4,0.3,1.6,1.6,4.8,30.1,78.7,11.2,9.8,0.3,7.4,172461.04032603395
411,Georgia,Glynn County,83467,6.7,63.8,25.7,0.4,1.3,0.0,29209,19.2,33.3,23.1,23.0,9.0,11.6,83.2,9.2,0.4,1.5,2.2,3.5,19.3,75.9,18.4,5.5,0.2,6.7,186341.50935128448
412,Georgia,Gordon County,56424,15.4,78.0,3.9,0.0,1.1,0.0,21208,18.8,23.2,14.6,22.4,12.5,27.3,79.1,12.2,0.6,1.2,3.0,4.0,23.9,84.2,11.1,4.5,0.2,5.7,128636.90707083186
413,Georgia,Grady County,25048,11.1,58.3,28.2,0.5,0.5,0.3,20864,25.4,28.0,13.3,24.3,16.8,17.7,81.4,14.4,0.0,1.0,0.5,2.6,25.3,76.5,13.9,8.3,1.4,8.0,102707.8580905791
414,Georgia,Greene County,16732,6.1,56.4,35.8,0.1,1.0,0.0,32890,21.9,27.7,24.3,25.6,7.8,14.6,78.4,9.0,0.4,0.8,4.2,7.2,26.4,78.0,15.4,6.4,0.2,6.5,319496.4091889958
416,Georgia,Habersham County,43878,14.2,77.3,3.1,0.1,2.3,0.2,20656,17.2,27.3,16.4,22.9,12.4,21.0,82.6,11.4,0.7,1.6,1.5,2.2,26.9,79.0,13.9,6.9,0.2,5.5,141527.3231213234
417,Georgia,Hall County,192865,27.8,61.6,7.3,0.2,1.7,0.0,26283,16.1,28.5,14.4,24.1,10.9,22.1,81.0,11.4,0.3,1.0,2.3,4.0,26.3,84.1,10.6,5.2,0.1,4.6,200026.7409837107
419,Georgia,Haralson County,28722,1.5,91.2,4.3,0.2,0.8,0.0,23141,18.0,27.2,16.8,21.2,16.1,18.7,84.3,11.3,0.0,0.2,1.0,3.1,33.6,78.7,14.5,6.7,0.1,7.2,126601.6472259909
420,Georgia,Harris County,33198,3.3,77.1,15.9,0.1,0.9,0.0,32373,7.3,36.8,13.8,25.2,10.2,14.0,86.4,7.4,0.6,0.6,1.6,3.3,26.1,76.4,16.9,6.6,0.1,8.5,205401.37990564716
421,Georgia,Hart County,25535,3.7,75.1,19.0,0.0,0.9,0.0,21668,18.8,26.8,15.8,23.2,12.4,21.8,85.4,8.2,0.2,1.7,0.3,4.2,21.8,80.2,12.3,7.0,0.5,4.7,152827.9928371757
422,Georgia,Heard County,11607,0.7,85.0,10.0,0.0,0.5,0.1,20946,17.4,23.6,17.8,17.7,17.9,23.0,86.1,10.6,0.3,0.7,1.2,1.0,37.6,72.3,17.9,9.5,0.3,9.6,117512.86807788887
423,Georgia,Henry County,217506,6.5,46.7,40.7,0.1,3.3,0.0,26924,11.4,33.5,15.8,26.9,9.0,14.7,81.0,9.8,1.0,0.5,1.2,6.5,33.6,77.1,18.3,4.5,0.1,7.7,168752.31850464284
424,Georgia,Houston County,150341,6.6,57.5,29.7,0.3,3.0,0.0,26305,16.7,35.2,18.0,23.9,11.4,11.5,86.2,10.0,0.0,0.6,1.3,1.9,21.4,66.2,29.7,3.9,0.1,7.8,137049.9363010467
425,Georgia,Irwin County,9278,1.3,67.6,28.0,0.0,0.5,0.0,19429,24.5,32.4,16.6,18.1,10.4,22.6,86.5,8.6,0.0,0.3,2.7,2.0,20.4,75.6,18.1,6.2,0.1,7.4,76960.24433480251
426,Georgia,Jackson County,63851,7.1,82.4,6.7,0.1,1.7,0.0,25598,12.5,32.3,15.8,25.1,10.0,16.8,85.5,8.8,0.2,0.2,1.0,4.3,30.8,78.8,14.0,6.8,0.5,6.5,200760.2070133212
427,Georgia,Jasper County,13732,3.9,73.6,20.8,0.2,0.3,0.0,19784,19.4,24.3,14.0,18.9,20.5,22.4,82.7,10.2,0.1,1.5,2.3,3.2,32.6,76.4,15.5,8.0,0.1,7.2,137677.46666311615
428,Georgia,Jeff Davis County,14999,11.4,71.6,16.6,0.0,0.0,0.0,18550,20.6,26.4,15.0,23.6,17.3,17.6,87.2,9.9,0.1,1.2,0.3,1.3,23.0,77.4,18.3,4.3,0.0,5.0,73120.96705972584
430,Georgia,Jenkins County,8929,6.4,56.2,35.5,0.2,0.9,0.0,15149,30.7,25.5,26.9,15.6,11.3,20.8,79.8,13.3,0.0,3.2,0.0,3.7,25.5,70.2,24.3,5.5,0.0,6.3,61336.16928940325
431,Georgia,Johnson County,9800,2.3,62.6,33.8,0.0,0.2,0.0,19706,21.5,23.1,17.0,19.3,13.4,27.2,77.1,18.1,0.0,0.6,1.1,3.2,28.6,70.4,21.3,8.0,0.3,11.4,72981.54309555599
432,Georgia,Jones County,28540,1.5,71.9,24.7,0.2,0.7,0.0,26098,14.2,33.8,12.4,27.5,11.8,14.4,85.0,9.8,0.4,0.6,0.4,3.8,26.9,73.4,20.7,5.9,0.0,8.7,135239.3351246694
433,Georgia,Lamar County,18282,2.3,65.0,29.0,0.1,0.8,0.0,20458,20.8,31.2,18.5,23.1,8.0,19.2,79.7,12.2,0.0,2.7,1.4,3.9,29.6,76.4,15.8,7.7,0.1,11.4,124968.28220317588
435,Georgia,Laurens County,47451,2.6,58.2,36.7,0.1,1.1,0.0,20687,27.3,31.2,19.1,22.8,9.9,17.1,85.8,9.4,0.2,1.7,1.1,1.7,23.0,73.9,20.1,5.8,0.2,5.1,103207.00535806724
436,Georgia,Lee County,29216,2.7,72.8,19.5,0.0,2.5,0.1,28061,11.6,39.9,11.6,25.0,11.3,12.2,87.6,7.9,0.0,0.2,0.3,4.0,20.5,70.1,24.1,5.6,0.3,7.1,142874.7448937715
438,Georgia,Lincoln County,7768,1.5,65.4,32.2,0.1,0.2,0.0,24529,23.0,20.5,19.3,22.3,18.5,19.4,85.9,8.0,0.2,0.6,1.8,3.5,33.3,74.9,18.3,6.7,0.1,6.0,115647.61334686687
440,Georgia,Lowndes County,113941,5.4,54.5,36.1,0.2,1.9,0.0,21199,25.0,30.9,20.0,28.4,8.8,11.8,85.3,8.8,0.4,1.7,1.2,2.6,19.2,77.2,18.5,4.1,0.2,9.2,119033.92575933259
441,Georgia,Lumpkin County,31567,4.7,90.8,2.1,0.7,0.4,0.0,23364,20.1,28.8,20.8,24.1,11.0,15.3,85.2,7.1,0.2,3.2,0.9,3.5,28.7,74.1,17.7,7.7,0.5,6.0,188686.90196511996
442,Georgia,McDuffie County,21488,2.9,54.2,40.3,0.0,0.5,0.8,20436,26.0,29.0,17.7,21.2,11.0,21.0,88.2,7.1,0.0,0.3,2.1,2.3,26.5,80.5,16.0,3.4,0.2,8.1,96749.83483407374
443,Georgia,McIntosh County,14061,1.5,61.7,35.1,0.1,0.0,0.1,25226,20.3,23.0,17.9,27.0,13.2,18.9,80.1,12.8,0.0,1.6,0.2,5.3,29.1,77.7,16.6,5.8,0.0,9.2,120549.68837492842
445,Georgia,Madison County,28600,4.9,82.9,8.6,0.3,1.4,0.0,22885,17.6,29.7,15.1,22.0,13.8,19.3,83.0,10.3,0.2,0.9,1.6,4.0,26.0,72.9,18.7,8.2,0.2,8.0,150638.25582161537
446,Georgia,Marion County,8558,1.7,59.2,35.7,0.0,0.7,0.5,20154,23.1,28.5,13.5,20.9,18.5,18.6,82.6,9.5,1.2,0.0,3.6,3.2,32.3,64.8,27.6,7.7,0.0,10.0,93648.86657692744
447,Georgia,Meriwether County,21152,2.1,56.3,38.4,0.2,0.6,0.0,19679,22.7,23.7,16.0,19.8,16.5,24.0,80.4,14.0,0.6,1.9,1.0,2.1,33.0,75.2,16.8,7.6,0.5,8.1,96774.73037336284
448,Georgia,Miller County,5884,0.4,68.4,30.3,0.8,0.0,0.0,21002,23.3,28.8,23.2,20.6,14.1,13.2,85.7,8.1,1.4,1.0,2.0,1.7,24.3,63.1,26.0,10.9,0.0,5.7,75996.49766655367
450,Georgia,Monroe County,26795,2.4,72.1,23.6,0.1,0.8,0.0,30359,13.3,36.8,15.8,24.1,10.2,13.0,85.2,10.1,0.5,0.9,1.1,2.3,26.3,73.7,19.9,6.2,0.2,9.4,187096.2455503939
451,Georgia,Montgomery County,8962,6.5,64.5,26.0,0.2,0.3,0.0,20114,19.5,29.1,19.9,19.7,14.9,16.4,83.7,11.2,0.1,2.3,1.7,1.0,21.3,79.1,15.2,5.7,0.0,6.6,107061.3287257724
452,Georgia,Morgan County,18013,3.1,71.6,23.5,0.1,0.1,0.0,28830,13.4,31.1,15.6,22.1,12.8,18.5,77.9,11.9,0.1,1.4,1.6,7.1,25.9,75.5,17.8,6.7,0.0,5.7,228628.8593647847
453,Georgia,Murray County,39444,14.3,83.3,1.0,0.1,0.4,0.0,19084,18.0,17.0,14.6,23.6,13.2,31.7,87.8,8.8,0.2,1.6,1.0,0.7,27.3,85.6,11.3,3.0,0.2,7.4,121618.91809969147
454,Georgia,Muscogee County,198647,7.5,41.1,45.0,0.3,2.4,0.2,24604,21.7,33.3,19.9,26.7,7.0,13.0,79.7,9.8,1.5,1.3,2.0,5.8,20.0,75.7,20.2,4.0,0.1,10.0,98227.39208420106
455,Georgia,Newton County,105042,5.1,48.7,42.6,0.2,1.0,0.1,23611,16.7,28.9,17.6,25.2,10.3,18.1,82.2,11.3,0.6,0.6,1.6,3.8,31.5,79.2,15.7,4.8,0.3,9.0,142482.0566442711
457,Georgia,Oglethorpe County,14654,4.1,75.9,18.0,0.1,0.3,0.0,21858,17.6,30.4,13.6,19.3,13.7,23.0,85.6,9.1,0.2,0.7,0.6,3.8,28.5,70.9,23.7,5.5,0.0,5.8,142520.1009675239
458,Georgia,Paulding County,152399,5.8,73.0,17.9,0.2,0.9,0.0,26636,9.7,34.6,14.4,28.3,11.1,11.7,84.3,8.4,0.5,0.5,0.6,5.8,37.7,80.8,13.9,5.3,0.1,5.2,176017.05475135005
459,Georgia,Peach County,27027,7.5,46.0,44.4,0.1,1.1,0.1,22388,18.7,29.0,17.9,23.0,17.7,12.5,79.2,13.4,1.8,3.2,0.8,1.7,22.7,73.2,23.9,2.9,0.0,8.6,120983.46639344265
460,Georgia,Pickens County,30343,3.0,93.6,0.5,0.0,0.5,0.0,29460,9.8,31.0,15.5,25.7,14.9,12.8,78.5,10.4,0.5,0.9,1.7,8.0,31.7,80.5,12.0,7.5,0.1,7.0,188175.69943238643
461,Georgia,Pierce County,19141,5.1,84.1,8.9,0.4,0.1,0.0,23754,21.0,30.9,16.9,17.7,16.0,18.4,84.4,9.8,0.0,1.3,1.3,3.2,27.1,76.8,17.2,5.7,0.3,6.2,99570.79385667526
462,Georgia,Pike County,17919,1.5,86.7,10.3,0.0,0.2,0.0,25176,12.3,33.2,14.1,22.6,14.0,16.0,84.3,11.9,0.0,0.1,0.7,3.0,33.7,73.1,21.2,5.6,0.1,9.0,178645.9156833392
463,Georgia,Polk County,41444,13.0,72.0,12.7,0.0,0.7,0.0,22314,19.0,20.9,15.4,22.8,14.6,26.2,86.8,7.3,0.4,1.2,1.1,3.1,26.2,81.1,12.8,6.0,0.1,7.2,92076.76825560328
464,Georgia,Pulaski County,11396,3.6,60.0,34.7,0.2,0.0,0.0,18623,21.8,28.0,22.0,22.6,13.4,13.9,87.3,7.4,0.0,4.1,0.0,1.2,19.3,72.4,22.3,5.3,0.0,6.7,84694.74846933728
465,Georgia,Putnam County,21430,6.6,65.4,26.1,0.0,0.5,0.0,27498,16.2,25.6,23.0,21.9,10.2,19.4,77.1,14.3,0.2,0.9,2.6,4.9,25.0,74.9,17.7,7.4,0.0,6.5,202389.83272689892
467,Georgia,Rabun County,16354,8.1,87.1,1.9,0.5,0.8,0.0,26942,20.3,33.4,19.3,20.9,16.5,9.8,74.7,17.0,0.7,2.6,0.7,4.4,21.6,75.5,13.3,11.2,0.0,5.7,193494.7951102761
471,Georgia,Schley County,5168,5.0,67.2,27.5,0.0,0.0,0.0,19761,22.2,31.2,16.3,21.5,13.5,17.5,87.4,7.5,0.1,1.2,1.1,2.8,24.1,70.1,26.2,3.7,0.0,14.2,89423.47188518755
472,Georgia,Screven County,14037,1.8,54.5,41.7,0.3,0.5,0.0,20255,22.6,27.8,16.0,22.6,11.6,22.0,84.8,10.0,0.0,1.6,0.8,2.8,31.1,77.5,16.2,6.1,0.2,5.5,87768.03341659758
473,Georgia,Seminole County,8549,3.0,61.6,33.7,0.0,1.0,0.0,21257,25.5,34.1,21.9,18.7,7.2,18.2,82.1,10.9,0.9,1.9,1.9,2.3,22.4,74.9,16.3,8.5,0.2,7.3,80640.05710438998
474,Georgia,Spalding County,64192,4.3,59.4,33.3,0.4,0.9,0.0,21675,21.6,27.9,17.2,25.6,10.5,18.8,87.0,8.1,0.4,1.1,1.6,1.7,29.0,80.0,16.1,3.6,0.4,8.3,109506.39778226514
475,Georgia,Stephens County,25625,3.2,82.8,11.7,0.3,0.4,0.0,21657,18.1,28.4,20.4,20.9,9.8,20.4,85.7,7.3,0.0,2.5,0.5,4.0,20.9,78.4,16.1,5.5,0.0,11.7,90921.22384611996
481,Georgia,Taylor County,8267,1.0,57.5,40.4,0.0,0.9,0.0,18482,28.2,28.2,20.9,20.4,13.0,17.5,85.5,11.4,0.3,0.2,1.7,0.9,28.9,63.1,31.0,6.0,0.0,14.1,84496.10576004769
482,Georgia,Telfair County,16339,11.6,49.1,38.8,0.0,0.0,0.0,13594,27.7,24.5,19.2,18.0,12.1,26.2,88.0,4.1,0.0,3.0,1.8,3.1,22.5,66.8,27.2,6.0,0.0,4.1,68072.82806650714
484,Georgia,Thomas County,44909,3.5,57.7,35.8,0.1,0.8,0.0,24047,19.5,35.2,18.6,24.4,8.6,13.3,79.7,14.6,0.0,1.0,2.7,2.0,20.5,75.1,20.2,4.7,0.1,9.3,119733.02300566628
485,Georgia,Tift County,40531,11.4,56.3,29.3,0.1,1.2,0.0,20800,27.8,31.6,16.4,23.7,13.7,14.6,83.0,11.5,0.3,1.3,1.6,2.2,19.9,81.0,14.4,4.4,0.3,3.9,117768.2360671234
486,Georgia,Toombs County,27160,11.6,60.5,25.4,0.0,0.9,0.0,21309,24.4,26.3,18.2,22.7,17.1,15.6,78.4,14.3,0.6,1.7,2.8,2.3,19.4,75.8,17.6,6.6,0.0,10.3,94682.76913859499
487,Georgia,Towns County,11173,1.5,95.0,1.0,0.3,0.2,0.0,22301,14.7,30.3,24.8,26.5,9.2,9.2,79.8,9.8,0.0,3.0,2.0,5.4,19.0,75.1,15.0,9.7,0.2,6.8,201417.99902163018
489,Georgia,Troup County,69433,3.7,57.3,35.1,0.0,1.9,0.0,22091,21.3,28.6,16.0,21.3,8.7,25.4,84.8,9.7,0.2,1.3,2.3,1.7,23.2,82.0,13.6,4.3,0.1,8.9,109397.09795885738
490,Georgia,Turner County,8036,4.6,54.7,39.5,0.2,0.4,0.0,20302,27.9,28.4,17.8,21.1,19.6,13.0,82.9,11.2,0.2,1.0,2.1,2.7,21.6,71.0,25.0,4.0,0.0,6.5,75330.33706239764
491,Georgia,Twiggs County,8323,0.4,54.9,42.6,0.0,0.1,0.0,17485,27.3,20.5,19.1,21.8,18.6,20.0,85.0,8.5,1.3,1.1,0.5,3.6,32.3,76.3,16.9,6.8,0.0,6.3,51214.843916079124
492,Georgia,Union County,22262,3.1,94.2,0.8,0.4,0.7,0.0,26755,12.8,31.5,18.4,23.2,17.4,9.6,82.7,8.8,0.0,1.4,1.1,6.0,22.4,73.8,16.7,9.5,0.0,5.5,183997.64013192765
493,Georgia,Upson County,26241,2.3,67.6,28.5,0.3,0.5,0.1,19624,22.7,29.1,17.4,23.3,10.4,19.9,83.3,13.0,0.4,0.2,1.7,1.4,23.3,75.4,19.6,5.0,0.0,11.2,68622.76216793049
494,Georgia,Walker County,68609,2.0,91.4,4.3,0.1,0.6,0.0,22564,17.2,27.9,13.9,24.5,11.5,22.1,85.4,9.4,0.1,1.0,0.9,3.1,28.4,81.0,13.1,5.7,0.1,7.0,117058.88174570184
495,Georgia,Walton County,88695,4.0,75.9,16.5,0.2,1.2,0.1,25184,12.8,28.5,15.3,27.8,14.4,14.1,82.3,11.6,0.1,1.0,1.1,3.9,32.3,79.2,14.6,5.9,0.2,6.9,195445.62910176395
496,Georgia,Ware County,35688,4.0,63.8,29.5,0.4,1.1,0.0,19246,24.8,25.6,16.1,25.2,13.5,19.6,83.7,8.9,1.6,2.2,1.1,2.4,19.2,74.6,18.5,7.0,0.0,4.6,67025.53909587096
499,Georgia,Wayne County,29833,6.2,71.2,19.5,0.1,0.5,0.0,19188,21.3,30.8,16.0,20.7,16.1,16.3,84.7,8.8,0.3,0.8,3.0,2.4,23.4,70.7,20.7,7.8,0.8,9.5,109649.61130304378
500,Georgia,Webster County,2627,2.1,48.4,48.8,0.1,0.0,0.0,22206,19.5,29.7,15.3,21.9,12.6,20.4,92.8,4.1,0.0,0.9,1.9,0.3,25.8,71.1,26.0,2.9,0.0,4.0,67719.01695616386
501,Georgia,Wheeler County,7952,1.6,56.1,41.7,0.3,0.0,0.0,11192,29.3,14.3,20.5,17.6,19.5,28.1,91.4,2.6,0.0,2.6,1.3,2.2,24.0,61.2,29.8,9.0,0.0,9.1,76722.09339206251
502,Georgia,White County,28509,3.1,92.5,2.1,0.1,0.5,0.0,23630,17.7,30.5,19.1,25.9,9.9,14.7,83.8,9.9,0.2,1.2,1.2,3.7,27.0,75.4,16.6,7.8,0.1,4.3,162472.6484396042
504,Georgia,Wilcox County,8896,4.3,58.5,35.3,0.3,0.0,0.0,15119,21.8,28.7,23.8,16.5,16.0,15.0,85.6,8.1,0.5,1.7,1.1,3.1,27.2,61.0,28.7,10.1,0.1,7.6,71061.53492119313
505,Georgia,Wilkes County,9905,4.6,51.1,42.5,0.0,0.8,0.0,21957,26.5,24.1,23.8,15.3,9.9,26.8,80.6,12.1,0.2,3.5,0.6,3.1,25.2,75.2,19.0,5.8,0.0,7.5,79099.73848221781
506,Georgia,Wilkinson County,9147,2.7,56.8,38.2,0.1,0.0,0.1,19823,23.3,23.1,16.5,26.1,16.5,17.7,85.5,9.0,0.2,1.6,1.0,2.8,26.3,78.6,16.6,4.8,0.0,8.8,67909.24559816149
507,Georgia,Worth County,20809,2.0,67.4,28.2,0.5,0.3,0.0,20783,21.5,27.1,16.5,23.2,15.3,17.8,87.1,6.6,0.0,0.3,1.4,4.6,26.3,75.6,17.1,7.3,0.0,9.7,97382.28121814675
512,Idaho,Ada County,435117,7.9,85.2,1.2,0.4,2.6,0.1,31642,11.8,43.0,16.6,25.0,6.9,8.4,80.7,7.7,0.5,1.5,2.8,6.9,20.4,78.3,15.0,6.6,0.1,4.3,252116.35338176286
513,Idaho,Adams County,3946,3.3,92.7,0.3,1.2,0.0,0.2,24315,13.8,33.1,19.4,21.2,13.9,12.5,69.0,13.1,0.8,4.4,1.8,10.9,24.1,65.4,22.0,12.5,0.0,8.7,210462.06044656236
514,Idaho,Bannock County,84113,8.3,84.5,0.6,2.7,1.2,0.2,23872,17.6,35.5,18.2,25.2,9.0,12.2,76.2,11.1,1.5,4.2,2.6,4.3,17.6,73.1,20.9,5.9,0.2,6.3,157823.2039827614
515,Idaho,Bear Lake County,5942,4.1,93.7,0.8,0.2,0.7,0.0,24411,14.5,23.1,20.2,24.2,18.6,13.9,71.6,16.8,0.3,3.8,1.1,6.4,23.0,75.6,14.5,9.4,0.4,3.7,170865.97017305307
516,Idaho,Benewah County,9050,3.4,84.7,0.2,8.1,1.0,0.2,23120,15.8,22.1,22.1,17.9,14.8,23.1,77.2,8.3,0.7,6.9,2.7,4.2,20.8,69.6,20.7,9.5,0.2,9.6,162353.15361258716
517,Idaho,Bingham County,45369,17.9,74.0,0.3,4.9,0.9,0.0,20720,13.1,31.2,17.6,20.5,15.7,14.9,77.5,12.0,2.0,1.8,1.8,4.8,21.9,75.0,17.8,6.8,0.4,5.2,167516.72515983702
519,Idaho,Boise County,6968,4.1,91.8,0.2,1.0,0.7,0.0,29648,11.3,40.3,13.9,24.4,10.4,11.1,68.8,12.8,0.4,5.5,2.6,9.9,38.1,65.8,22.0,11.8,0.3,6.0,183519.72876886572
520,Idaho,Bonner County,41855,2.9,93.6,0.1,0.6,0.7,0.1,25909,14.0,26.6,19.1,22.0,14.2,18.1,75.6,9.6,0.5,1.8,2.3,10.2,25.6,77.3,11.5,11.2,0.0,4.4,289341.4870113645
521,Idaho,Bonneville County,110404,12.7,83.6,0.5,0.3,0.8,0.2,25706,11.9,35.8,16.8,24.0,10.3,13.1,78.4,10.9,2.9,1.6,1.6,4.5,19.2,78.0,15.7,6.1,0.2,3.8,186018.9723587681
522,Idaho,Boundary County,11323,4.6,90.9,0.2,1.3,0.5,0.4,24606,18.3,26.0,22.4,20.0,14.9,16.7,76.7,10.9,0.0,3.6,0.7,8.0,23.7,71.2,15.0,13.5,0.4,3.8,217626.05854445975
524,Idaho,Canyon County,207027,24.9,70.9,0.4,0.7,0.8,0.2,19765,17.1,26.5,19.2,23.6,14.4,16.3,78.1,11.5,0.3,1.7,1.9,6.6,24.6,81.2,11.7,6.8,0.4,7.3,181509.9528696345
525,Idaho,Caribou County,6862,5.4,93.5,0.0,0.1,0.0,0.0,25669,9.4,31.5,15.1,18.9,17.7,16.8,73.5,17.8,0.0,3.7,0.4,4.7,15.6,75.2,16.1,8.0,0.7,2.7,168243.002440966
526,Idaho,Cassia County,23472,27.0,70.4,0.1,0.9,0.6,0.1,20007,14.7,27.1,14.1,21.0,18.4,19.4,79.1,12.8,0.6,3.2,0.9,3.4,14.8,79.3,11.2,9.4,0.1,4.3,160105.39971614096
528,Idaho,Clearwater County,8533,3.9,91.0,0.2,2.1,0.5,0.4,22169,13.9,31.8,20.0,16.6,15.9,15.7,74.3,12.1,0.1,4.8,2.2,6.5,29.0,65.4,23.5,10.8,0.3,6.2,141726.41042814724
530,Idaho,Elmore County,26232,16.4,73.3,2.9,1.4,3.1,0.2,23029,14.9,28.3,17.1,20.5,18.6,15.5,81.7,9.9,0.5,1.5,2.1,4.2,17.2,63.0,29.4,7.3,0.3,7.3,138161.280430664
531,Idaho,Franklin County,13120,6.7,91.3,0.3,0.6,0.0,0.1,20454,12.2,27.1,12.2,23.7,16.7,20.3,77.6,12.7,0.6,3.2,1.0,4.9,25.0,85.1,10.5,4.1,0.2,2.4,207702.47758792774
532,Idaho,Fremont County,12889,12.5,85.1,0.2,0.3,0.1,0.2,21611,11.9,28.2,15.0,22.7,19.0,15.1,78.4,10.7,1.0,2.5,1.7,5.7,25.9,71.6,17.6,10.3,0.5,5.9,188323.32385566927
533,Idaho,Gem County,16850,8.3,88.0,0.0,0.9,0.7,0.0,20041,20.7,26.9,22.1,20.6,17.7,12.7,77.0,10.6,0.1,1.9,2.2,8.2,29.6,72.0,17.0,9.7,1.3,6.0,185764.35781418104
534,Idaho,Gooding County,15110,28.8,68.1,0.1,1.1,0.5,0.2,20821,15.9,28.4,18.4,16.2,22.8,14.2,81.7,8.1,0.1,1.8,1.5,6.9,20.8,78.8,12.5,7.7,1.0,5.5,142068.05055986895
535,Idaho,Idaho County,16275,3.2,91.3,0.1,2.9,0.3,0.1,20741,13.5,27.1,17.2,22.4,17.3,16.0,69.0,12.1,0.6,8.2,1.5,8.6,17.4,65.1,23.1,11.4,0.4,5.4,163589.15055363826
536,Idaho,Jefferson County,27410,10.4,87.1,0.1,0.3,0.3,0.2,21519,9.5,34.6,12.5,21.0,18.5,13.3,77.2,10.4,2.4,2.8,2.1,5.2,24.6,76.4,14.5,8.7,0.4,4.6,210324.40010794238
537,Idaho,Jerome County,23039,34.5,63.1,0.1,0.3,0.4,0.3,19329,16.3,23.0,15.0,19.8,22.8,19.5,79.4,14.1,0.6,2.0,0.4,3.4,18.0,85.3,7.0,7.5,0.2,4.6,174837.38421888032
538,Idaho,Kootenai County,150128,4.4,91.0,0.4,1.3,0.7,0.1,28275,12.6,32.0,18.9,26.7,11.7,10.6,81.6,8.9,0.3,2.0,1.7,5.5,21.7,78.9,13.3,7.6,0.2,6.1,256570.6693738074
540,Idaho,Lemhi County,7755,3.2,93.3,0.2,0.6,0.2,0.0,22489,17.1,30.7,16.6,26.6,14.5,11.6,72.0,12.6,0.1,4.9,3.3,7.1,16.0,65.1,20.9,13.5,0.5,4.4,166191.24123104347
541,Idaho,Lewis County,3824,4.3,85.6,0.1,6.8,0.8,0.0,23285,15.3,31.6,20.8,18.6,14.4,14.6,72.5,10.0,0.1,8.5,2.5,6.3,22.7,61.8,26.5,11.0,0.7,5.9,123829.10504701642
542,Idaho,Lincoln County,5296,29.8,67.3,0.0,0.5,0.2,0.0,19095,11.5,21.3,17.6,18.0,22.5,20.6,70.2,15.5,1.2,3.4,3.4,6.3,28.7,75.4,14.3,10.2,0.1,3.1,144436.25408131012
543,Idaho,Madison County,38241,7.1,89.0,0.6,0.0,1.1,0.1,15257,31.8,39.0,19.2,23.4,8.8,9.6,68.8,12.7,0.5,8.7,3.8,5.5,14.1,84.4,10.8,4.2,0.5,9.2,201502.4211983362
544,Idaho,Minidoka County,20448,34.4,63.1,0.2,0.5,0.4,0.0,21887,17.9,21.8,14.6,21.2,20.9,21.6,86.0,9.9,0.1,1.1,0.4,2.5,17.2,82.2,12.9,5.0,0.0,3.9,142743.45730569758
545,Idaho,Nez Perce County,40014,3.7,87.2,0.4,5.4,0.9,0.1,26799,14.4,31.3,18.9,24.1,10.2,15.6,82.1,8.3,0.2,2.8,1.6,4.9,16.0,75.4,17.1,7.3,0.2,4.2,196900.3830081205
546,Idaho,Oneida County,4284,4.2,93.7,0.1,0.4,0.0,0.0,21360,12.6,30.3,16.5,15.1,16.3,21.8,77.0,14.2,0.0,4.1,0.8,4.0,24.6,70.2,22.9,6.6,0.3,5.4,129067.1723939512
548,Idaho,Payette County,22839,17.0,78.8,0.4,0.6,0.6,0.0,23361,15.5,23.8,18.0,24.1,14.2,19.9,77.5,14.6,0.1,3.4,1.3,3.0,19.1,78.8,13.5,7.7,0.0,6.1,181076.79345425416
549,Idaho,Power County,7667,32.9,62.5,0.3,3.4,0.0,0.0,21513,11.6,25.5,13.3,19.3,17.2,24.8,79.8,8.1,0.6,3.5,0.3,7.7,18.2,66.9,24.7,7.9,0.6,10.2,140470.59354517236
550,Idaho,Shoshone County,12490,3.4,91.8,0.3,2.2,0.5,0.0,23834,17.4,26.1,23.7,19.9,17.5,12.8,74.8,9.8,0.6,6.8,2.4,5.7,19.4,80.3,14.3,5.1,0.2,8.9,124588.08052481664
551,Idaho,Teton County,10776,17.0,81.1,0.2,0.2,0.1,0.0,28004,8.3,35.1,24.1,16.4,17.8,6.6,70.2,16.7,0.9,2.2,1.6,8.3,27.9,80.3,11.3,8.4,0.0,6.2,414626.78141737316
552,Idaho,Twin Falls County,82248,15.6,80.2,0.6,0.8,1.6,0.1,22723,14.4,29.6,18.3,22.8,13.1,16.2,82.5,9.9,0.2,2.2,1.6,3.5,17.4,80.9,11.4,7.4,0.3,4.3,174412.71134142074
553,Idaho,Valley County,10104,4.4,94.7,0.1,0.2,0.1,0.0,28515,10.4,35.0,20.9,20.1,10.6,13.4,78.7,5.8,0.7,7.0,0.8,7.0,15.9,75.2,14.3,10.3,0.2,4.3,284073.70918705344
554,Idaho,Washington County,9996,17.2,78.7,0.0,0.8,1.0,0.0,20435,15.7,26.5,24.0,16.9,16.7,15.9,69.6,13.1,0.1,5.8,3.3,8.0,19.7,66.9,23.1,10.0,0.0,9.3,138072.7886293731
555,Illinois,Adams County,66787,1.5,92.0,3.9,0.2,0.8,0.1,27256,13.1,31.8,17.4,26.1,8.9,15.8,82.6,8.6,0.4,2.3,1.5,4.5,17.0,83.1,10.6,6.1,0.1,5.5,140261.847519333
556,Illinois,Bond County,17034,3.5,87.8,6.1,0.2,1.2,0.0,24473,15.7,24.5,18.5,26.0,11.6,19.3,77.0,9.9,0.4,7.9,0.3,4.5,24.5,80.8,12.2,6.7,0.2,5.1,107595.55383916585
557,Illinois,Boone County,53638,21.0,74.0,2.1,0.3,1.2,0.0,29029,10.6,29.0,15.5,23.1,11.6,20.8,84.2,9.0,0.3,0.7,0.5,5.3,29.0,83.7,9.4,6.9,0.0,8.1,147942.81848216167
559,Illinois,Bureau County,33619,8.8,88.4,0.8,0.1,0.8,0.0,28332,12.6,28.0,19.1,22.7,10.0,20.2,82.0,9.2,0.8,1.9,1.9,4.2,20.6,82.1,10.5,7.2,0.2,5.7,83684.8568818082
560,Illinois,Calhoun County,4897,1.1,96.7,0.3,0.1,0.9,0.0,25660,12.8,31.2,21.5,16.9,17.0,13.4,82.1,8.2,1.2,2.2,0.7,5.6,39.6,76.2,14.0,9.1,0.6,3.7,131589.42668158148
561,Illinois,Carroll County,14704,3.6,93.4,1.2,0.1,0.7,0.0,27605,11.3,31.0,16.2,19.6,9.9,23.2,81.5,9.1,0.9,2.6,0.7,5.2,24.7,76.4,14.6,8.8,0.1,5.8,89940.06320398567
562,Illinois,Cass County,12880,18.8,76.2,3.9,0.0,0.3,0.0,25451,13.1,23.8,16.4,21.1,11.1,27.6,77.8,12.8,0.4,3.3,1.5,4.2,20.5,77.3,14.4,8.0,0.3,6.9,58969.53093998985
564,Illinois,Christian County,33562,1.6,95.2,1.6,0.3,0.6,0.1,25614,12.8,30.8,18.4,22.7,11.5,16.6,83.2,9.7,0.7,1.8,0.8,3.8,25.2,79.0,13.2,7.7,0.1,4.6,79775.57545369714
565,Illinois,Clark County,15924,1.5,96.7,0.3,0.1,0.4,0.0,28495,14.3,25.5,17.3,21.1,11.8,24.2,80.2,12.0,0.0,1.7,1.2,4.9,22.4,80.4,10.9,8.4,0.2,6.5,100056.44349282945
566,Illinois,Clay County,13393,1.4,96.4,0.7,0.1,0.7,0.0,25700,14.0,24.5,15.1,19.8,13.1,27.5,85.4,8.5,1.1,1.2,1.3,2.5,20.6,81.5,11.8,6.7,0.0,5.0,78181.89589528675
567,Illinois,Clinton County,37640,3.1,91.6,3.5,0.3,0.6,0.0,30382,9.0,34.6,15.9,21.4,11.3,16.7,83.5,8.8,1.0,1.9,1.6,3.1,25.1,80.5,13.4,6.0,0.0,3.9,131252.7824820273
568,Illinois,Coles County,52540,2.4,91.0,3.8,0.2,1.2,0.0,26060,21.0,31.2,19.5,24.6,7.5,17.2,77.0,10.0,0.9,5.6,2.0,4.5,16.3,75.9,17.5,6.4,0.1,7.3,91505.05645103211
570,Illinois,Crawford County,19214,2.9,91.0,4.1,0.1,0.4,0.0,25955,11.9,28.6,16.1,21.5,11.3,22.4,84.3,10.6,0.3,1.6,0.8,2.4,15.8,80.2,13.6,6.0,0.2,6.2,70566.31925905844
571,Illinois,Cumberland County,10899,1.1,96.7,0.1,0.2,0.3,0.1,24956,14.3,26.2,17.7,18.7,14.6,22.8,85.9,7.2,0.3,2.1,0.6,4.0,22.4,81.0,11.8,7.2,0.0,5.0,103574.07125176764
572,Illinois,DeKalb County,104473,10.8,77.6,7.1,0.0,2.4,0.0,26511,18.1,32.8,20.9,24.1,9.0,13.2,79.3,8.7,2.0,4.2,1.8,4.0,25.5,77.1,18.8,3.9,0.3,8.6,167265.77080047395
573,Illinois,Douglas County,19830,7.2,90.5,0.3,0.3,0.7,0.1,26284,12.1,27.1,15.4,23.8,11.6,22.2,76.8,9.3,0.2,3.5,4.8,5.5,20.8,78.5,13.5,7.7,0.3,5.4,86300.40567201367
575,Illinois,Edgar County,17603,1.1,97.2,0.6,0.2,0.4,0.0,26344,15.4,28.2,17.4,19.6,9.2,25.6,83.1,10.1,0.3,1.4,0.4,4.7,19.4,79.1,13.4,7.3,0.2,7.4,80797.97996615831
576,Illinois,Edwards County,6570,1.3,96.7,0.4,0.0,0.9,0.0,26549,11.5,25.1,13.9,22.2,15.0,23.8,84.9,7.5,0.1,2.3,0.8,4.3,20.9,82.7,9.2,8.0,0.0,6.1,87724.3917332106
577,Illinois,Effingham County,34164,1.9,96.0,0.6,0.1,0.2,0.0,29300,11.3,30.6,16.4,23.0,11.4,18.6,86.0,7.2,0.5,1.8,1.2,3.4,17.3,83.2,8.9,7.2,0.7,4.4,140260.8696383012
578,Illinois,Fayette County,21980,1.7,91.8,5.1,0.3,0.5,0.0,21844,17.8,24.2,22.5,20.9,12.3,20.1,84.2,8.8,1.0,2.2,1.3,2.5,22.7,77.2,15.1,7.3,0.3,7.4,105462.20939282289
579,Illinois,Ford County,13470,3.0,94.3,0.9,0.4,0.5,0.0,26611,15.7,31.1,17.2,19.8,13.6,18.4,79.3,10.1,0.1,4.5,1.1,4.9,22.3,78.2,11.0,10.7,0.2,6.6,104381.59000973865
580,Illinois,Franklin County,39302,1.6,96.0,0.6,0.2,0.5,0.1,22346,19.9,25.8,20.9,22.2,13.5,17.7,82.9,11.1,0.3,1.1,1.6,2.9,24.8,77.9,15.7,6.2,0.3,8.9,91782.88058587792
581,Illinois,Fulton County,35733,2.9,92.0,3.8,0.1,0.2,0.0,24269,15.5,30.6,20.8,20.2,10.7,17.8,84.8,8.8,0.2,2.6,1.0,2.6,24.7,76.5,16.4,7.2,0.0,7.7,73616.71061729129
582,Illinois,Gallatin County,5226,1.1,95.8,0.3,0.5,0.3,0.0,24538,16.6,33.8,17.6,19.0,12.4,17.2,87.7,8.0,0.2,0.3,2.2,1.5,27.2,75.6,16.0,8.2,0.2,7.8,100776.90429622405
583,Illinois,Greene County,13311,0.4,96.7,1.3,0.2,0.2,0.0,22836,17.9,26.8,22.1,20.7,9.7,20.8,81.6,9.4,0.2,3.4,1.3,4.1,27.2,77.6,14.3,7.7,0.3,6.7,85267.43681514975
584,Illinois,Grundy County,50333,9.4,87.1,1.3,0.0,0.7,0.0,31914,9.4,30.5,15.0,24.2,12.8,17.5,87.6,6.4,0.6,0.5,1.0,3.9,28.7,84.8,11.8,3.5,0.0,5.8,197298.67620327356
585,Illinois,Hamilton County,8259,0.3,98.9,0.6,0.1,0.1,0.0,25945,13.9,30.2,18.6,21.6,14.4,15.3,79.3,11.8,1.9,1.9,0.8,4.2,27.7,77.1,14.6,8.0,0.3,4.0,122581.47684310663
586,Illinois,Hancock County,18264,1.4,96.3,0.7,0.0,0.4,0.0,26118,11.2,29.5,14.8,22.6,12.9,20.2,83.3,8.2,0.2,2.1,0.8,5.3,23.4,77.4,13.3,9.3,0.0,6.6,86663.39892103254
588,Illinois,Henderson County,6927,1.5,96.3,0.1,0.3,0.7,0.0,27949,11.3,25.0,21.4,18.3,12.9,22.4,85.4,6.5,0.4,2.2,0.8,4.7,24.8,76.7,14.3,8.3,0.7,6.0,97182.96236295027
589,Illinois,Henry County,49649,5.5,90.8,1.8,0.1,0.6,0.0,28443,12.5,30.8,16.8,23.0,10.7,18.7,84.8,8.3,0.1,1.8,0.9,4.0,22.0,80.5,12.8,6.5,0.1,5.1,112497.70189242727
590,Illinois,Iroquois County,28457,6.6,90.3,1.1,0.0,0.4,0.0,26480,15.5,28.9,17.9,21.8,13.5,17.9,81.9,9.2,0.2,1.9,1.9,5.0,23.2,78.0,13.1,8.6,0.4,6.5,91657.61900043873
591,Illinois,Jackson County,59115,4.3,74.5,14.5,0.2,3.4,0.0,23455,27.9,37.9,19.4,23.9,6.9,11.9,78.5,8.9,1.1,6.1,1.8,3.6,19.2,66.2,27.7,5.9,0.2,8.4,86222.6968969755
592,Illinois,Jasper County,9608,1.5,97.2,0.4,0.1,0.0,0.0,25806,12.4,27.9,15.7,25.5,11.3,19.7,78.6,9.0,0.1,3.4,1.0,7.9,23.6,76.4,13.4,9.5,0.7,4.4,95457.1997049601
593,Illinois,Jefferson County,38358,2.4,85.8,8.5,0.1,1.1,0.0,24617,18.9,28.1,18.4,23.9,8.7,20.9,82.7,8.9,0.9,1.7,2.5,3.3,19.8,80.7,12.2,6.9,0.1,8.5,103603.45676974015
594,Illinois,Jersey County,22215,1.3,96.1,0.5,0.1,0.4,0.1,27528,9.4,33.0,18.3,23.0,10.2,15.5,84.1,7.8,0.1,3.5,0.4,4.0,28.6,83.5,10.0,6.3,0.3,6.3,135914.66330595542
595,Illinois,Jo Daviess County,22046,2.9,94.9,0.4,0.2,0.5,0.1,32401,7.6,28.0,18.8,24.0,10.7,18.6,78.8,7.9,1.0,4.8,1.0,6.4,21.5,81.7,8.4,9.4,0.5,4.3,131456.42988023584
596,Illinois,Johnson County,12899,3.3,84.7,11.1,0.1,0.1,0.0,20726,13.9,36.4,20.3,21.3,10.9,11.2,83.4,5.2,0.1,4.2,1.3,5.9,25.0,67.8,25.2,6.7,0.3,7.5,122422.15627060241
597,Illinois,Kane County,529402,31.6,57.6,5.4,0.1,3.9,0.0,33486,10.4,34.6,16.7,24.9,7.6,16.3,80.5,9.3,2.6,1.3,1.3,5.0,29.0,86.6,9.6,3.6,0.1,6.2,219472.4690421125
598,Illinois,Kankakee County,110801,10.1,72.2,15.1,0.2,1.0,0.0,26150,15.1,30.5,17.4,23.6,9.3,19.2,82.9,7.9,1.6,2.6,2.0,2.9,23.9,82.9,12.9,4.0,0.1,7.5,128390.14250922763
599,Illinois,Kendall County,122933,17.6,71.2,6.4,0.1,3.2,0.0,33369,5.6,38.2,13.8,26.7,9.2,12.1,83.4,7.2,3.1,0.6,0.9,4.8,33.0,85.3,11.7,2.8,0.2,5.0,219855.46751933495
600,Illinois,Knox County,51374,5.5,83.4,8.4,0.0,1.0,0.0,23676,18.1,30.2,20.3,21.5,8.9,19.1,83.0,7.9,0.6,4.7,1.3,2.7,17.8,81.1,13.0,5.8,0.2,6.3,80567.66378168698
601,Illinois,Lake County,704476,21.1,62.8,6.6,0.1,7.1,0.0,42388,8.5,42.3,15.3,24.8,5.9,11.6,77.0,8.0,4.4,2.8,1.2,6.5,30.0,85.7,9.7,4.4,0.3,6.3,240800.74850592017
602,Illinois,Lee County,34670,5.9,86.7,5.2,0.2,0.7,0.1,28179,11.8,31.5,17.8,22.9,9.9,17.9,83.8,8.5,0.5,1.9,1.2,4.2,21.5,77.8,14.0,7.9,0.3,5.9,102179.90740697137
603,Illinois,Livingston County,36812,4.4,89.2,4.0,0.0,0.7,0.0,27318,13.3,26.6,18.7,22.8,11.5,20.6,81.5,9.0,0.2,3.9,2.2,3.2,19.8,79.5,14.1,6.2,0.1,5.5,92838.3341413155
604,Illinois,Logan County,29488,3.4,86.5,6.7,0.1,0.8,0.0,26479,9.2,30.3,18.7,24.2,9.6,17.3,80.6,10.9,0.6,2.8,0.8,4.4,21.5,77.0,15.2,7.4,0.3,5.6,98027.726287254
605,Illinois,McDonough County,31597,2.7,88.2,4.8,0.2,2.2,0.0,22527,22.3,32.2,22.1,24.5,8.4,12.7,76.9,8.5,1.2,8.3,1.3,3.7,15.6,68.0,26.6,5.0,0.4,8.6,79818.26791807247
606,Illinois,McHenry County,308043,12.5,81.9,1.2,0.1,2.7,0.0,36208,7.3,36.6,15.6,26.7,8.4,12.7,82.8,6.9,2.6,0.9,0.9,5.9,33.6,84.9,10.4,4.6,0.1,5.4,204711.82420407564
607,Illinois,McLean County,173231,4.7,79.8,8.0,0.1,5.1,0.0,32943,14.5,43.4,16.9,25.1,5.8,8.8,80.6,9.0,1.6,4.0,1.2,3.6,18.0,82.7,13.4,3.8,0.1,3.9,164062.38398757228
608,Illinois,Macon County,107587,2.2,76.7,13.9,0.3,1.1,0.0,28280,16.6,32.0,20.2,23.3,8.4,16.1,83.0,9.5,1.5,1.8,1.0,3.2,17.9,82.5,12.4,4.9,0.2,9.2,79645.39741868898
609,Illinois,Macoupin County,45960,1.1,96.3,0.8,0.1,0.4,0.0,27255,13.3,31.0,17.3,23.9,11.2,16.7,82.5,8.2,0.3,2.5,1.2,5.2,27.6,79.8,13.7,6.3,0.2,8.2,95054.2608486556
610,Illinois,Madison County,266153,3.1,85.5,8.4,0.2,0.9,0.0,30278,13.5,34.9,17.8,24.5,8.8,14.0,85.5,6.8,1.8,1.3,0.7,3.8,24.8,83.0,12.9,4.0,0.1,7.4,116236.42355268988
611,Illinois,Marion County,38305,1.9,91.5,3.4,0.2,0.7,0.0,24112,17.8,26.2,22.4,19.6,8.5,23.3,85.0,9.3,0.5,2.1,0.8,2.3,20.4,79.6,15.4,4.9,0.1,8.7,77926.4136354732
612,Illinois,Marshall County,11925,3.1,94.9,0.4,0.1,0.3,0.2,29025,10.3,29.4,19.4,20.3,11.4,19.5,82.8,9.8,0.0,2.7,1.1,3.6,27.7,82.5,9.9,7.2,0.3,6.2,82107.82078142827
613,Illinois,Mason County,13904,1.0,96.7,0.6,0.1,0.2,0.0,25952,13.9,28.4,17.5,22.7,13.1,18.2,82.0,10.3,0.1,3.8,1.3,2.6,26.9,76.2,16.3,7.5,0.0,8.0,81972.40609869313
614,Illinois,Massac County,14594,2.7,88.7,6.1,0.1,0.2,0.0,23434,18.4,26.8,20.9,24.5,12.6,15.2,86.5,7.6,0.9,1.5,1.2,2.4,20.7,81.0,13.7,5.1,0.1,7.9,88882.29637524205
615,Illinois,Menard County,12416,1.4,95.8,0.5,0.1,0.3,0.4,32839,11.4,38.7,16.7,24.0,12.5,8.2,82.5,10.3,0.1,1.6,0.7,4.9,27.6,71.8,22.8,5.1,0.3,4.6,147622.678986912
616,Illinois,Mercer County,15794,2.2,95.8,0.6,0.1,0.3,0.0,27844,11.4,29.9,14.1,22.7,12.7,20.6,90.1,4.1,0.0,0.8,0.9,4.2,26.7,79.6,11.9,8.4,0.1,6.5,119468.66834149584
617,Illinois,Monroe County,33739,1.5,96.5,0.4,0.1,0.7,0.0,37043,5.3,41.1,14.8,24.6,10.1,9.4,84.6,7.3,0.3,1.2,0.7,5.9,28.4,83.7,11.9,4.3,0.1,4.4,195772.25416749783
618,Illinois,Montgomery County,29173,1.7,90.9,6.0,0.2,0.1,0.0,23172,15.6,34.2,18.1,24.1,9.5,14.1,88.0,4.9,0.7,1.7,0.4,4.3,23.3,76.3,16.0,7.6,0.2,5.8,83399.63759043746
619,Illinois,Morgan County,34442,2.3,89.0,6.1,0.2,0.7,0.0,26253,14.9,31.9,18.8,25.9,7.9,15.4,82.1,8.4,0.4,3.5,1.7,3.8,19.4,75.8,16.9,7.2,0.1,6.1,97798.19186258716
620,Illinois,Moultrie County,14711,1.2,97.0,0.6,0.2,0.2,0.0,26166,12.1,29.0,14.2,21.0,9.4,26.4,79.0,8.3,0.0,2.5,4.2,5.9,22.3,82.1,9.6,8.0,0.3,3.0,90652.76915969152
621,Illinois,Ogle County,51619,9.8,87.3,1.1,0.1,0.5,0.0,29239,11.1,30.5,16.6,21.1,9.9,21.8,81.2,10.9,0.3,1.3,1.2,5.2,26.0,80.3,13.4,6.1,0.2,6.5,125175.00264282356
622,Illinois,Peoria County,186145,4.6,70.4,17.4,0.2,3.9,0.0,29683,15.9,38.4,18.8,24.4,7.5,10.9,82.5,8.2,2.5,2.5,1.5,2.8,18.9,86.4,9.6,3.9,0.2,8.3,101023.88594217987
623,Illinois,Perry County,21467,3.0,86.3,8.7,0.3,0.6,0.0,23929,14.7,24.1,20.8,18.0,16.8,20.3,84.8,11.2,0.4,1.0,0.3,2.3,25.0,80.0,15.3,4.7,0.0,6.7,77287.46564462072
624,Illinois,Piatt County,16433,1.3,92.7,1.1,0.1,0.4,0.0,33672,5.4,36.3,16.3,21.9,12.0,13.5,84.8,9.1,0.8,1.4,0.8,3.2,23.2,73.9,17.9,7.6,0.5,4.5,145372.01302847776
625,Illinois,Pike County,15930,1.3,95.5,1.6,0.2,0.3,0.0,23218,14.9,28.3,16.1,22.3,13.6,19.7,82.1,9.5,0.1,2.4,1.3,4.7,24.3,78.1,14.1,7.5,0.3,6.7,84831.57772712623
626,Illinois,Pope County,4360,1.9,90.5,4.9,0.2,1.0,0.0,22191,12.7,22.1,25.6,16.8,14.3,21.3,82.9,6.2,0.9,1.7,2.4,5.9,33.1,76.1,16.7,7.2,0.0,9.1,137240.07196650415
627,Illinois,Putnam County,5771,5.3,92.4,0.3,0.0,0.4,0.0,33697,8.9,31.8,17.5,16.7,13.0,21.0,88.1,6.7,0.0,1.7,1.0,2.5,23.7,81.8,12.6,5.7,0.0,5.2,101171.17921981106
628,Illinois,Randolph County,32829,3.1,85.0,10.6,0.1,0.4,0.0,24716,12.3,24.7,19.3,20.0,12.5,23.5,83.3,8.9,0.1,3.8,1.1,2.7,25.2,79.8,14.3,5.7,0.2,4.4,72648.01004438727
629,Illinois,Richland County,15953,1.7,95.6,0.4,0.3,0.7,0.0,25262,15.0,28.6,16.8,21.0,10.4,23.2,82.6,11.8,0.4,1.7,0.9,2.6,19.2,81.0,12.6,6.3,0.1,6.3,91329.55277777107
630,Illinois,Rock Island County,146205,12.6,72.6,9.6,0.2,2.4,0.0,27822,14.6,29.5,19.5,23.0,8.5,19.5,83.1,8.1,1.6,2.5,2.1,2.7,19.1,84.2,11.7,3.9,0.1,7.1,109276.11435056687
631,Illinois,Saline County,24430,1.7,91.6,3.4,0.1,0.7,0.0,22725,20.6,26.8,22.5,22.9,13.3,14.5,86.3,9.6,0.5,1.5,0.6,1.5,23.1,76.0,17.4,6.2,0.5,11.3,81909.21554293328
632,Illinois,Sangamon County,198134,2.2,80.8,12.6,0.1,1.9,0.0,33277,15.6,41.2,18.2,25.1,6.5,9.0,83.4,7.6,1.6,2.0,1.5,3.9,19.6,72.0,23.0,4.8,0.2,6.9,132707.37933541145
633,Illinois,Schuyler County,7181,0.3,93.4,5.5,0.0,0.0,0.0,23670,21.5,27.9,21.8,23.7,10.4,16.2,80.6,10.9,0.5,3.3,0.1,4.6,24.1,69.9,21.8,8.3,0.0,6.9,98316.64276948695
634,Illinois,Scott County,5109,1.2,97.2,0.1,0.5,0.1,0.1,26918,14.9,30.2,16.4,21.3,11.9,20.2,81.3,11.1,0.9,2.6,0.5,3.5,25.1,78.2,12.7,8.9,0.2,8.8,124740.26815401339
635,Illinois,Shelby County,21906,1.0,97.4,0.7,0.2,0.4,0.0,24808,12.1,26.4,20.0,18.4,12.4,22.8,87.5,6.0,0.3,0.7,0.8,4.8,23.5,81.9,10.3,7.8,0.0,4.4,98929.45564982464
636,Illinois,Stark County,5551,1.4,96.1,0.7,0.0,0.8,0.0,30009,14.0,35.5,16.9,18.8,11.8,17.0,78.7,8.5,0.5,3.4,1.0,7.9,24.7,77.1,11.1,10.4,1.4,4.8,99209.65128940823
637,Illinois,Stephenson County,45839,3.6,83.3,9.5,0.1,0.8,0.0,25792,16.1,28.8,17.7,22.5,11.7,19.2,78.8,11.0,0.5,2.9,1.9,5.0,20.5,81.1,11.1,7.6,0.2,8.0,75770.90707004066
638,Illinois,Tazewell County,134695,2.2,94.2,1.2,0.1,1.0,0.0,32082,8.0,35.1,16.4,25.5,8.3,14.8,87.5,6.9,0.5,1.4,0.9,2.8,21.2,84.9,10.7,4.2,0.2,5.1,120554.91515054362
639,Illinois,Union County,17267,5.0,91.4,0.7,0.0,0.2,0.0,24646,16.8,31.1,20.7,17.6,13.2,17.4,82.3,9.6,0.6,0.5,1.8,5.1,24.6,69.9,22.4,6.9,0.8,5.3,113234.44693673956
640,Illinois,Vermilion County,79207,4.8,78.8,13.9,0.3,0.9,0.0,23416,19.8,26.9,20.0,22.6,9.2,21.2,84.7,7.8,0.8,2.7,0.8,3.2,19.8,79.0,14.3,6.4,0.2,8.3,64629.30882708225
641,Illinois,Wabash County,11568,2.0,94.9,0.8,0.1,1.2,0.0,25105,13.1,27.9,17.7,16.8,13.2,24.4,83.6,11.6,0.1,0.5,0.6,3.4,20.3,80.5,11.5,7.7,0.3,7.6,91447.22288820344
642,Illinois,Warren County,17429,9.2,84.4,2.8,0.0,2.3,0.0,24840,13.8,31.4,19.1,20.0,8.7,20.9,78.2,9.4,0.7,4.8,1.9,4.9,17.9,80.5,11.8,7.4,0.2,6.6,78677.9489186158
643,Illinois,Washington County,14260,1.4,96.2,0.5,0.3,0.4,0.1,29687,9.7,29.5,16.7,21.8,10.7,21.2,85.0,7.6,0.7,2.5,0.7,3.4,23.4,79.7,13.3,6.6,0.5,4.4,102931.9188777526
644,Illinois,Wayne County,16569,1.4,96.4,0.6,0.2,0.4,0.0,25046,15.8,25.6,16.8,20.7,12.1,24.8,81.6,8.9,0.8,2.4,0.7,5.6,23.9,79.7,11.5,8.5,0.2,4.8,109342.34126407887
645,Illinois,White County,14186,1.4,96.6,0.4,0.1,0.7,0.1,26522,13.9,28.8,16.6,20.0,14.5,20.0,84.3,9.8,0.6,1.9,0.5,3.0,24.8,78.8,12.1,9.2,0.0,8.2,85022.87438304424
646,Illinois,Whiteside County,56823,11.8,84.9,1.6,0.1,0.5,0.1,28188,11.1,26.3,19.0,23.4,8.5,22.7,84.0,9.6,0.4,1.8,1.5,2.8,19.4,81.9,13.2,4.7,0.2,6.0,92810.24795268517
647,Illinois,Will County,687727,16.8,64.7,11.0,0.1,5.2,0.0,33731,7.4,36.6,16.0,24.9,8.6,14.0,84.4,5.8,3.8,0.7,1.1,4.2,32.9,85.7,11.2,3.0,0.1,6.0,222731.4900694898
648,Illinois,Williamson County,67477,2.5,90.1,4.0,0.2,1.0,0.0,26023,15.2,32.3,21.3,24.5,9.2,12.8,85.1,7.7,0.5,1.6,0.9,4.1,21.8,73.5,20.7,5.7,0.1,6.9,112149.6905842356
649,Illinois,Winnebago County,287512,12.2,70.2,12.4,0.1,2.5,0.0,27297,15.3,30.8,17.8,23.9,7.2,20.3,83.6,9.3,1.2,1.0,1.3,3.5,21.9,84.8,10.3,4.7,0.2,10.0,97938.79701680946
650,Illinois,Woodford County,38942,1.7,95.7,0.6,0.1,0.8,0.0,34198,7.4,38.0,16.5,22.2,9.6,13.7,85.9,7.1,0.5,1.9,0.6,3.9,22.7,84.2,10.0,5.7,0.2,4.7,160083.739334775
651,Indiana,Adams County,35018,4.4,93.7,0.9,0.0,0.4,0.0,21534,18.9,24.2,15.9,19.6,13.9,26.3,74.3,16.7,0.0,2.6,1.9,4.5,22.8,83.1,8.2,8.1,0.6,5.2,126665.31057145477
652,Indiana,Allen County,367747,7.2,74.6,11.3,0.2,3.5,0.0,26932,14.7,33.7,16.5,24.3,7.6,17.9,84.3,8.7,0.8,1.2,0.9,4.0,21.3,87.2,8.6,4.1,0.1,6.3,123980.69723029943
653,Indiana,Bartholomew County,81024,6.5,83.2,1.7,0.2,6.3,0.1,29955,12.4,40.7,14.4,18.9,6.4,19.5,85.1,8.6,0.6,1.3,1.7,2.7,19.6,88.0,7.6,4.3,0.1,5.0,152166.4609445679
654,Indiana,Benton County,8685,5.1,92.8,0.9,0.0,0.2,0.0,23652,14.9,25.2,12.9,24.5,14.1,23.3,78.0,11.7,0.6,3.0,0.8,6.0,26.3,73.6,15.8,10.0,0.6,4.2,85516.05704509547
655,Indiana,Blackford County,12214,1.5,96.0,0.2,0.2,0.5,0.0,22328,12.8,22.7,14.4,21.2,10.7,31.0,85.3,7.9,0.5,2.7,1.3,2.3,23.5,83.7,10.9,5.2,0.2,6.8,70595.39549296019
656,Indiana,Boone County,63013,2.7,91.6,1.6,0.2,2.6,0.0,42844,6.1,48.2,12.4,20.8,7.1,11.6,86.0,6.3,0.1,0.9,1.3,5.4,24.9,85.1,8.9,6.0,0.1,3.3,234043.72621769225
657,Indiana,Brown County,15007,1.6,95.9,0.5,0.0,0.7,0.0,31365,10.6,33.3,15.2,24.5,11.5,15.4,85.6,8.4,0.2,1.1,0.2,4.5,33.3,80.8,8.8,9.9,0.5,5.9,180641.26664923035
658,Indiana,Carroll County,19994,3.9,94.2,0.5,0.2,0.1,0.0,26589,10.2,26.3,14.7,19.6,13.1,26.3,82.2,11.3,0.1,1.3,1.1,4.1,28.4,79.6,12.5,7.8,0.2,5.2,124628.19150637618
659,Indiana,Cass County,38248,14.6,81.0,1.4,0.3,1.5,0.0,23592,13.9,23.4,17.2,18.6,11.0,29.8,84.3,9.9,0.6,1.5,1.5,2.2,20.6,82.9,12.7,4.3,0.1,6.4,81835.54147276744
660,Indiana,Clark County,114893,5.3,83.9,6.7,0.1,0.7,0.0,26875,9.7,31.1,16.9,25.5,7.6,18.8,85.7,8.3,0.9,0.9,0.9,3.3,24.0,85.9,10.1,4.0,0.0,5.7,142423.70824599362
661,Indiana,Clay County,26375,1.3,96.4,0.4,0.1,0.3,0.0,24339,13.9,29.3,18.8,20.6,9.4,21.8,82.6,12.3,0.0,1.8,1.0,2.2,26.2,79.1,15.5,5.4,0.0,4.9,87596.47889857124
662,Indiana,Clinton County,32455,15.2,83.0,0.6,0.2,0.3,0.1,23722,13.3,24.2,14.5,18.4,10.2,32.7,80.8,11.5,0.1,1.2,2.3,4.0,23.0,86.7,8.3,5.0,0.1,5.2,102430.5888993544
663,Indiana,Crawford County,10598,1.5,96.4,0.2,0.6,0.0,0.0,19424,17.8,21.5,20.7,16.8,11.6,29.4,87.7,7.4,0.3,1.0,1.0,2.6,32.7,80.9,13.7,5.4,0.0,4.3,77173.60019230371
664,Indiana,Daviess County,32777,4.8,92.3,1.6,0.0,0.2,0.0,21794,13.0,25.0,15.4,19.3,17.4,22.9,76.2,15.4,0.3,2.9,2.8,2.3,25.5,81.1,12.6,6.0,0.2,5.4,126252.56972343057
665,Indiana,Dearborn County,49564,1.2,96.3,0.8,0.2,0.4,0.0,30228,10.1,31.5,17.7,21.8,11.5,17.5,86.1,7.6,0.4,1.6,1.0,3.4,28.7,84.4,10.5,4.9,0.2,5.8,170530.5967981946
666,Indiana,Decatur County,26480,1.9,94.9,0.7,0.1,1.6,0.0,25548,11.4,30.0,15.2,15.6,9.5,29.7,83.1,10.3,0.6,2.0,0.9,3.1,21.4,85.7,9.5,4.7,0.1,4.8,135357.69318725294
667,Indiana,Delaware County,115938,2.3,87.1,7.1,0.1,1.3,0.0,23271,21.2,32.4,21.6,24.1,8.0,13.9,80.0,8.1,1.9,4.7,2.0,3.4,20.6,81.9,14.3,3.7,0.1,7.9,82370.88524457348
668,Indiana,Dubois County,42379,7.1,91.2,0.6,0.1,0.6,0.0,28302,10.0,31.6,14.9,21.0,9.7,22.7,88.0,5.8,0.1,1.5,0.4,4.3,19.1,84.3,10.2,5.4,0.0,2.9,149088.07518714826
669,Indiana,Elkhart County,202924,15.4,75.3,5.4,0.1,1.0,0.0,23817,13.8,25.5,14.2,21.6,7.3,31.5,77.6,14.0,0.4,1.7,2.7,3.5,19.4,87.1,7.8,4.9,0.2,5.6,140369.2750201559
670,Indiana,Fayette County,23426,1.0,95.8,2.5,0.0,0.1,0.0,22428,18.2,24.4,18.5,22.5,8.8,25.7,84.8,8.7,0.4,1.3,1.4,3.4,26.1,85.6,9.1,5.1,0.2,7.5,70608.3835502817
671,Indiana,Floyd County,76481,3.1,88.3,5.2,0.4,1.1,0.0,30663,10.8,36.7,14.5,25.1,8.1,15.6,86.1,7.8,0.9,1.0,0.3,3.9,22.6,85.9,9.9,4.1,0.1,5.1,163706.47776123552
672,Indiana,Fountain County,16620,2.4,95.6,0.4,0.2,0.1,0.0,25383,12.6,26.4,13.5,17.5,12.0,30.6,82.5,9.6,0.5,2.9,1.1,3.3,25.4,82.3,10.8,6.6,0.3,6.3,102191.56402613671
673,Indiana,Franklin County,22835,1.1,98.4,0.2,0.0,0.3,0.0,26267,9.9,31.6,15.6,18.8,12.9,21.1,88.9,5.7,0.1,0.6,0.7,4.0,30.1,82.5,10.0,7.4,0.1,5.3,160653.94251411862
674,Indiana,Fulton County,20296,5.0,92.3,1.0,0.5,0.3,0.1,23557,13.3,23.1,15.2,19.6,11.3,30.8,82.0,10.2,0.1,1.1,2.0,4.6,22.8,81.2,11.2,7.1,0.6,3.8,109400.93709428616
675,Indiana,Gibson County,33596,1.5,94.2,2.0,0.1,0.3,0.0,27342,10.7,26.7,15.6,18.9,12.5,26.3,87.1,6.8,0.2,2.6,1.0,2.3,21.5,88.6,7.4,3.9,0.1,3.5,113737.47333888525
676,Indiana,Grant County,67615,4.1,85.3,7.1,0.2,0.9,0.0,21024,19.1,28.1,20.6,23.1,7.7,20.5,80.8,7.7,0.3,5.1,1.1,5.0,18.3,83.7,12.4,3.8,0.1,7.6,80307.70760898704
677,Indiana,Greene County,32431,1.3,96.8,0.2,0.0,0.4,0.0,24744,12.9,29.3,18.7,22.4,12.2,17.4,89.0,7.8,0.1,1.4,1.0,0.7,28.7,75.0,19.0,5.9,0.1,6.2,103382.10457752756
679,Indiana,Hancock County,72776,2.2,93.0,1.9,0.1,0.8,0.0,31428,7.0,38.3,14.2,25.1,10.5,11.9,88.6,5.5,0.1,0.9,0.5,4.3,26.1,83.5,12.7,3.8,0.1,4.0,176239.56199706104
680,Indiana,Harrison County,39450,1.7,95.7,0.2,0.6,0.4,0.0,25993,12.9,29.0,16.6,23.4,10.1,20.9,86.3,7.7,0.1,1.2,0.8,3.8,29.4,84.4,12.3,3.2,0.2,6.6,145947.30119060058
681,Indiana,Hendricks County,158170,3.6,85.8,6.0,0.2,2.5,0.0,33031,5.1,40.4,14.5,24.4,7.8,13.0,87.5,6.3,0.1,0.8,1.1,4.3,27.0,84.3,11.3,4.3,0.1,4.5,187370.36371258038
682,Indiana,Henry County,48649,1.7,93.8,2.3,0.2,0.5,0.0,23293,16.1,28.9,17.9,23.5,9.3,20.5,85.3,8.3,0.2,1.3,0.9,3.9,26.8,80.3,12.4,7.0,0.3,7.0,89302.2601967196
683,Indiana,Howard County,82457,3.2,85.8,7.0,0.4,1.3,0.0,26294,16.5,28.7,18.7,20.9,8.0,23.7,83.9,10.2,0.3,1.0,1.3,3.2,19.9,84.1,11.2,4.5,0.1,6.5,96032.14147922002
684,Indiana,Huntington County,36520,2.2,95.2,0.8,0.3,0.8,0.0,24222,11.6,27.4,16.6,21.5,9.1,25.4,85.5,6.9,0.3,3.5,0.5,3.4,20.2,85.0,9.5,5.4,0.1,3.9,107924.54971367093
685,Indiana,Jackson County,43779,6.4,89.3,1.1,0.3,1.9,0.0,23260,15.6,27.8,15.6,22.9,9.0,24.7,83.7,10.0,0.4,1.6,2.4,1.9,20.5,84.9,9.9,4.7,0.5,6.2,130240.80838256767
686,Indiana,Jasper County,33448,5.9,91.7,0.7,0.0,0.4,0.0,24953,9.0,25.3,15.8,20.7,16.8,21.4,85.3,8.3,0.5,1.9,0.9,3.1,27.0,85.9,9.2,4.6,0.3,5.2,159596.59280357914
687,Indiana,Jay County,21107,3.0,95.1,0.3,0.1,0.5,0.0,20193,17.9,22.4,15.6,16.3,14.2,31.4,79.2,10.0,0.6,2.2,2.2,5.9,19.6,81.3,9.6,8.4,0.7,6.1,79818.64542227525
688,Indiana,Jefferson County,32293,2.6,93.0,2.0,0.2,0.8,0.0,25429,13.7,30.0,16.0,17.7,9.5,26.7,83.2,8.1,0.4,3.0,1.3,3.9,24.2,82.8,12.7,3.7,0.7,6.9,121617.06130319793
689,Indiana,Jennings County,27840,2.3,95.4,1.4,0.2,0.4,0.0,22901,13.9,21.1,17.9,21.7,11.1,28.2,83.6,10.2,0.4,1.5,1.3,3.1,26.3,81.4,13.7,4.3,0.6,6.0,111244.47459483174
690,Indiana,Johnson County,149359,3.5,90.3,2.3,0.2,2.8,0.0,31101,9.4,39.1,15.3,23.6,8.6,13.4,86.6,7.1,0.3,1.3,0.8,3.8,26.1,83.3,11.3,5.3,0.0,4.6,164173.1400397436
691,Indiana,Knox County,37763,1.8,92.9,3.1,0.1,0.8,0.1,23441,15.6,27.1,21.1,19.3,10.4,22.1,86.4,7.7,0.4,2.2,1.9,1.5,18.4,84.4,11.3,4.3,0.1,5.4,83967.78714938606
692,Indiana,Kosciusko County,78720,7.9,88.6,0.7,0.2,1.0,0.0,27884,11.2,28.6,13.3,21.1,8.9,28.1,80.8,11.7,0.1,1.7,2.0,3.6,19.7,88.2,6.5,5.1,0.1,4.6,156309.0839959243
693,Indiana,Lake County,488694,18.4,54.5,23.9,0.2,1.3,0.0,26590,16.8,30.0,19.1,23.5,9.5,17.8,83.8,7.9,2.8,1.2,1.7,2.6,28.3,85.5,11.0,3.4,0.1,8.5,135247.75045401664
694,Indiana,Lawrence County,45669,1.6,95.9,0.3,0.4,0.4,0.0,25036,11.5,29.9,18.0,24.3,9.9,17.9,86.2,9.0,0.1,1.2,0.6,2.9,23.6,78.3,16.4,5.2,0.0,5.2,100442.26853114644
695,Indiana,Madison County,129641,3.8,85.3,7.5,0.2,0.5,0.0,23680,17.4,29.2,20.8,24.0,8.7,17.3,83.2,9.1,0.2,2.2,1.6,3.7,25.9,84.5,10.3,4.9,0.3,6.8,81929.15777657794
696,Indiana,Marion County,939964,10.1,56.7,27.2,0.2,2.9,0.0,26284,19.8,34.9,17.7,25.0,7.5,14.9,82.5,9.1,1.9,1.8,1.5,3.2,23.3,85.8,9.9,4.1,0.1,8.0,116415.89349543244
697,Indiana,Marshall County,46752,9.7,88.0,0.6,0.1,0.5,0.0,24289,11.5,26.6,13.8,20.3,9.3,30.0,79.6,11.2,0.4,2.6,2.7,3.5,22.4,86.5,7.7,5.7,0.1,6.8,137181.4140915814
698,Indiana,Martin County,10219,0.4,97.2,0.5,0.7,0.2,0.2,25138,13.3,29.5,15.1,17.0,12.6,25.8,79.5,10.7,0.2,3.5,1.5,4.6,26.4,69.1,23.5,7.2,0.2,4.2,93808.22037188253
699,Indiana,Miami County,36035,3.0,89.3,5.0,0.8,0.6,0.1,22890,16.0,24.6,18.1,20.0,10.6,26.6,86.9,7.7,0.2,1.5,1.9,1.9,24.1,79.9,14.6,5.1,0.4,7.8,80728.1881996164
700,Indiana,Monroe County,144436,3.3,84.1,3.0,0.2,6.3,0.0,26738,24.7,43.3,19.9,21.6,5.4,9.7,72.5,9.2,3.9,7.4,2.9,4.1,18.7,74.1,20.3,5.6,0.0,6.3,175915.14837840464
701,Indiana,Montgomery County,38288,4.7,92.2,0.8,0.2,0.8,0.0,25519,10.2,25.6,15.6,21.4,11.3,26.2,83.6,8.6,0.4,4.0,0.8,2.6,21.9,85.2,10.4,4.0,0.4,4.4,118678.91872587835
702,Indiana,Morgan County,69533,1.5,96.3,0.4,0.1,0.7,0.0,27402,11.8,27.1,15.6,24.3,14.4,18.5,85.2,9.4,0.1,1.3,0.9,3.1,28.1,83.2,11.4,5.4,0.1,5.7,157952.15911330303
703,Indiana,Newton County,14056,6.1,91.5,0.1,0.1,0.6,0.0,24315,14.0,17.0,15.6,23.5,20.5,23.5,83.1,10.2,0.4,1.3,3.9,1.1,31.2,85.5,9.1,5.3,0.0,7.1,115639.33886581451
705,Indiana,Ohio County,5911,1.0,96.7,1.3,0.1,0.3,0.0,27715,5.0,24.9,23.3,18.1,11.1,22.6,84.0,9.6,0.2,3.9,0.7,1.7,31.3,82.7,14.2,1.8,1.2,3.3,147124.1613143042
706,Indiana,Orange County,19623,1.4,95.6,1.3,0.1,0.5,0.0,22715,15.0,25.9,18.7,18.1,12.8,24.6,80.4,11.2,0.0,2.3,1.3,4.7,25.6,82.5,10.5,6.8,0.1,4.6,95905.45041312817
707,Indiana,Owen County,20957,1.2,96.4,0.4,0.3,0.5,0.0,24220,15.6,24.8,17.7,18.9,17.6,21.0,82.0,10.4,1.1,2.5,1.3,2.7,30.8,81.1,10.5,8.2,0.2,6.3,117655.88197685724
708,Indiana,Parke County,17062,1.5,94.8,1.0,0.2,0.0,0.5,21636,13.9,22.0,17.7,22.1,14.6,23.6,82.0,9.0,0.5,2.3,2.3,4.0,27.0,79.2,11.8,8.3,0.7,6.3,101102.00637339406
709,Indiana,Perry County,19229,1.3,94.3,2.7,0.2,0.3,0.0,23003,14.5,23.7,18.3,18.5,11.9,27.6,83.6,11.9,0.2,0.9,1.1,2.2,23.5,82.0,12.0,5.7,0.2,3.9,102686.13601570227
710,Indiana,Pike County,12471,0.5,96.8,1.0,0.0,1.0,0.0,25648,10.6,24.4,15.7,17.2,14.2,28.5,85.9,10.7,0.1,1.0,0.5,1.7,25.2,88.8,9.5,1.7,0.1,3.8,91190.06211830258
711,Indiana,Porter County,167391,9.6,84.0,3.3,0.2,1.4,0.1,31879,11.0,35.7,16.0,22.0,11.1,15.2,85.7,5.2,1.5,2.1,1.2,4.4,27.2,86.2,9.7,3.9,0.2,5.7,189547.05409624698
712,Indiana,Posey County,25599,1.1,96.2,1.5,0.0,0.4,0.0,30763,9.5,31.7,17.6,19.4,10.9,20.3,89.6,4.9,0.0,0.9,1.1,3.5,23.6,83.5,12.0,4.5,0.0,3.4,139345.66404866034
713,Indiana,Pulaski County,12761,2.9,94.6,0.4,0.1,0.6,0.0,24445,13.2,26.8,14.2,16.7,14.3,28.1,80.3,10.3,0.1,2.8,1.7,4.7,21.7,82.3,10.7,6.9,0.2,6.9,93515.17520305388
714,Indiana,Putnam County,37543,2.5,91.9,3.1,0.2,1.0,0.0,23842,11.6,28.5,17.5,22.8,11.5,19.8,79.2,9.7,0.0,7.4,0.8,2.9,25.0,84.7,10.6,4.7,0.0,5.1,136730.43813405765
715,Indiana,Randolph County,25203,3.3,93.9,0.7,0.0,0.2,0.0,23427,17.0,26.0,15.5,19.3,12.4,26.8,81.2,11.2,0.4,1.6,1.0,4.7,24.5,82.2,10.3,7.1,0.4,5.6,79718.3276980977
716,Indiana,Ripley County,28372,1.8,95.6,0.5,0.5,1.0,0.0,25385,10.5,27.7,16.3,20.4,13.1,22.6,85.1,7.6,0.2,1.5,1.4,4.1,27.2,82.9,11.0,5.7,0.4,5.7,150321.2371011719
717,Indiana,Rush County,16765,1.5,96.1,1.4,0.0,0.1,0.0,23749,18.3,24.4,14.2,22.8,14.3,24.3,85.8,8.0,0.5,0.9,0.2,4.7,26.0,83.4,10.4,6.0,0.3,4.7,106770.08214446936
718,Indiana,Scott County,23722,2.1,95.8,0.3,0.2,0.4,0.0,24186,13.7,22.9,15.7,19.8,8.5,33.1,86.1,8.7,0.0,0.7,1.6,2.9,26.0,84.0,11.4,4.4,0.2,5.6,108330.16728076145
719,Indiana,Shelby County,44339,4.0,92.6,1.0,0.1,0.7,0.0,27317,10.6,28.7,17.1,19.9,11.4,22.9,85.2,9.4,0.2,1.8,1.0,2.5,23.5,84.4,9.9,5.6,0.2,4.9,125813.40695799363
720,Indiana,Spencer County,20610,2.9,95.1,0.6,0.2,0.2,0.1,29114,9.7,28.6,14.4,20.8,12.0,24.3,85.3,7.0,0.2,1.0,1.2,5.3,26.8,85.9,7.9,6.1,0.1,5.7,128626.40066470568
721,Indiana,Starke County,22966,3.5,94.5,0.3,0.1,0.5,0.0,22153,16.7,24.3,16.9,20.0,12.1,26.7,80.7,13.5,0.2,1.4,0.8,3.5,30.3,85.5,9.8,4.6,0.1,7.6,101000.42010539287
722,Indiana,Steuben County,34459,3.5,94.0,0.2,0.1,0.5,0.0,26902,10.1,25.6,15.3,23.8,8.6,26.7,82.0,10.0,0.2,2.6,1.5,3.7,22.0,84.4,9.7,5.7,0.2,4.9,173046.3974150258
723,Indiana,Sullivan County,20900,1.7,92.1,3.7,0.2,0.8,0.0,22239,15.6,26.2,18.7,18.0,16.5,20.6,87.5,9.3,0.2,1.8,0.3,0.9,22.8,82.9,12.4,4.5,0.2,5.9,86882.04533977913
724,Indiana,Switzerland County,10617,1.4,95.7,0.8,0.0,0.5,0.0,21511,19.7,16.6,23.2,19.9,18.4,21.9,79.0,12.9,0.0,1.2,1.1,5.7,37.4,78.9,14.9,6.2,0.0,6.6,124090.87575319527
725,Indiana,Tippecanoe County,186081,8.1,77.0,4.7,0.1,8.0,0.0,25481,20.9,39.2,17.7,20.6,6.7,15.8,74.1,10.6,3.1,6.7,2.3,3.2,17.7,79.5,16.8,3.5,0.2,5.2,154438.6373580582
726,Indiana,Tipton County,15290,2.6,95.3,0.2,0.0,0.0,0.4,28507,9.4,32.3,15.8,16.5,13.8,21.6,84.9,8.8,0.3,1.3,1.9,2.7,23.7,81.8,14.0,4.0,0.2,3.8,118624.16660020727
727,Indiana,Union County,7225,0.0,95.8,0.1,0.0,0.5,0.0,22527,8.2,21.8,24.1,23.0,12.1,19.0,82.5,11.6,0.1,1.5,1.6,2.7,23.6,76.8,15.2,6.8,1.1,3.9,119994.06709831489
728,Indiana,Vanderburgh County,181831,2.5,84.1,9.1,0.2,1.2,0.1,26917,18.0,33.2,18.1,23.6,7.7,17.4,85.1,7.8,1.6,2.0,1.2,2.4,19.6,87.3,9.2,3.4,0.1,5.2,111153.85822397277
729,Indiana,Vermillion County,15644,1.1,96.8,0.4,0.3,0.2,0.0,23891,13.4,25.3,15.0,22.1,12.7,24.8,81.1,12.4,0.7,2.6,0.4,2.7,24.3,79.4,13.4,7.0,0.2,5.1,73159.22309755399
730,Indiana,Vigo County,107723,2.6,85.8,6.2,0.2,1.9,0.0,22932,19.9,32.5,21.0,22.1,7.3,17.1,82.1,9.4,1.2,3.1,1.3,2.9,19.9,83.0,13.5,3.5,0.1,7.9,90039.6750840266
731,Indiana,Wabash County,31848,2.5,94.5,0.9,0.7,0.2,0.0,24700,13.3,30.3,18.2,20.0,10.3,21.2,86.6,4.8,0.7,4.6,0.5,2.8,19.6,84.9,9.6,5.2,0.4,5.5,101670.31287873317
732,Indiana,Warren County,8269,1.5,96.5,0.5,0.2,0.0,0.0,29312,9.5,30.9,11.9,17.9,13.1,26.2,82.8,13.2,0.2,0.9,0.4,2.5,25.6,81.9,11.5,6.4,0.2,4.7,114157.27638478384
733,Indiana,Warrick County,61581,1.8,92.8,1.6,0.2,2.5,0.0,33528,7.7,39.3,14.4,21.6,10.1,14.6,88.4,6.8,0.3,1.0,1.0,2.6,23.6,85.3,10.4,4.1,0.2,3.4,165677.56203478173
734,Indiana,Washington County,27807,1.3,96.9,0.1,0.3,0.2,0.0,23223,13.3,28.0,13.1,18.7,14.4,25.8,82.0,10.9,0.1,1.1,0.9,4.9,31.4,82.8,9.9,7.2,0.1,7.0,121997.8149985411
735,Indiana,Wayne County,66972,2.8,88.5,5.0,0.2,1.0,0.0,23895,18.2,30.2,18.9,21.9,7.9,21.1,83.3,7.2,0.4,3.0,2.4,3.6,19.6,85.1,9.6,5.1,0.2,6.5,91529.91475861116
736,Indiana,Wells County,27832,2.8,95.0,0.7,0.2,0.5,0.0,25850,11.0,27.3,15.9,22.7,10.8,23.3,88.8,4.9,0.1,1.5,0.7,4.1,21.3,85.4,8.8,5.7,0.1,3.0,128992.95342233386
737,Indiana,White County,24279,7.9,89.8,0.4,0.2,0.2,0.0,26275,9.8,26.7,14.6,20.1,13.4,25.1,82.0,10.7,0.1,1.7,1.9,3.6,24.9,82.4,12.2,5.3,0.1,4.4,122257.06119388364
738,Indiana,Whitley County,33481,1.9,95.7,0.4,0.2,0.4,0.0,28073,9.5,27.0,13.8,22.6,10.3,26.4,87.0,7.9,0.3,0.8,1.2,2.7,22.9,85.8,9.1,5.1,0.0,3.6,147573.9132432633
739,Iowa,Adair County,7192,1.7,96.6,0.3,0.0,0.4,0.0,28861,9.5,28.2,16.9,20.0,17.3,17.6,77.9,12.4,0.3,2.8,0.4,6.2,22.3,73.8,15.3,10.4,0.5,3.0,103101.91340216897
740,Iowa,Adams County,3785,1.2,96.8,0.4,0.1,0.6,0.0,27022,11.2,37.4,14.3,17.0,13.1,18.3,80.7,9.6,0.2,3.3,0.8,5.3,19.6,72.0,12.1,15.5,0.3,4.2,105796.74904910741
741,Iowa,Allamakee County,13940,6.1,91.2,0.9,0.1,0.3,0.0,27377,11.4,29.8,15.3,17.5,17.5,19.9,74.1,11.1,0.2,5.0,2.1,7.5,24.3,77.8,10.3,10.8,1.1,3.3,144110.7844926909
742,Iowa,Appanoose County,12547,1.8,95.7,0.6,0.1,0.5,0.0,25543,17.1,28.7,14.0,25.6,9.1,22.6,80.8,11.1,0.3,2.0,1.0,4.7,19.6,77.2,13.0,9.6,0.2,6.3,72108.35597209299
743,Iowa,Audubon County,5711,0.4,97.1,0.4,0.0,0.5,0.0,31523,11.1,29.6,17.3,22.0,14.9,16.1,81.9,8.8,0.6,2.6,1.0,5.2,19.2,73.1,13.6,13.0,0.3,2.7,84852.42160386605
744,Iowa,Benton County,25646,1.4,96.6,0.7,0.1,0.3,0.0,32356,8.7,31.8,13.3,23.9,11.9,19.2,82.4,8.8,0.1,3.0,0.9,4.8,23.8,80.9,11.1,7.9,0.1,3.6,148361.70746839684
745,Iowa,Black Hawk County,132960,4.2,82.2,8.8,0.2,2.1,0.2,27669,15.9,31.8,18.4,24.3,7.4,18.2,82.1,8.5,0.6,4.1,1.6,3.2,15.7,81.8,13.9,4.2,0.1,5.3,123396.94275754112
746,Iowa,Boone County,26381,2.5,94.6,0.4,0.1,0.4,0.7,30190,9.4,31.5,17.3,24.3,9.9,17.0,82.2,10.1,0.2,3.2,1.0,3.2,21.4,75.8,19.1,5.0,0.1,4.4,138000.29264056857
747,Iowa,Bremer County,24741,1.4,95.3,0.9,0.2,1.1,0.0,32105,7.7,37.1,15.4,22.8,9.1,15.5,79.2,7.2,0.4,7.1,0.6,5.5,20.2,80.8,12.2,7.0,0.0,3.6,169792.36747481892
748,Iowa,Buchanan County,21101,1.5,96.4,0.3,0.3,0.6,0.0,30974,7.8,30.5,16.6,19.8,12.5,20.6,79.1,6.5,0.3,5.7,2.7,5.8,22.4,77.8,13.3,8.8,0.1,3.2,132477.49900421986
750,Iowa,Butler County,14822,1.3,96.8,0.2,0.3,0.4,0.1,28584,9.4,29.9,14.1,23.9,11.3,20.8,81.3,9.4,0.2,3.0,0.9,5.2,24.0,77.2,11.2,11.3,0.3,3.2,119145.52003588021
751,Iowa,Calhoun County,9814,1.8,94.8,1.8,0.3,0.3,0.0,27370,15.3,33.3,18.5,19.7,14.0,14.3,82.4,7.6,0.5,2.0,1.5,6.0,20.4,69.9,16.7,13.2,0.1,2.3,85412.55843111177
752,Iowa,Carroll County,20428,2.4,95.3,1.5,0.1,0.2,0.0,29191,10.3,31.3,15.6,24.4,10.7,18.1,83.4,6.3,0.4,2.3,0.9,6.7,14.0,79.3,10.4,10.1,0.2,2.5,130950.3826771888
753,Iowa,Cass County,13327,2.4,95.8,0.3,0.1,0.5,0.2,26427,15.1,29.4,16.7,22.4,13.2,18.3,78.0,10.9,0.7,4.8,0.8,4.8,18.4,76.7,12.1,10.7,0.5,2.5,90616.26047133763
754,Iowa,Cedar County,18368,1.9,95.8,0.7,0.2,0.3,0.0,30362,5.4,34.9,14.2,23.0,11.5,16.4,82.6,6.2,0.3,2.2,1.6,7.2,25.3,72.6,17.4,9.4,0.6,3.0,153190.8759561595
755,Iowa,Cerro Gordo County,43134,4.6,91.2,1.7,0.3,1.1,0.0,31292,11.3,32.1,16.8,22.5,9.7,19.0,82.6,8.2,0.8,3.5,1.6,3.4,16.3,82.0,11.6,6.2,0.2,4.1,117115.23189092202
756,Iowa,Cherokee County,11577,3.4,94.0,1.0,0.4,0.4,0.0,30973,11.9,27.7,15.3,23.7,13.6,19.7,83.4,6.7,0.0,1.7,0.4,7.7,16.1,71.4,16.6,11.4,0.6,3.3,103831.83137430968
757,Iowa,Chickasaw County,12140,2.2,96.3,0.4,0.3,0.4,0.0,27973,8.9,30.4,15.6,18.2,12.8,23.0,78.9,8.4,0.3,4.7,0.7,6.9,19.6,76.0,13.8,9.9,0.3,2.5,123870.01308281421
758,Iowa,Clarke County,9267,12.7,84.6,0.1,0.0,1.0,0.0,25879,15.4,31.1,16.4,15.9,13.2,23.3,79.0,14.6,0.3,1.7,1.0,3.2,24.3,80.9,11.9,6.8,0.4,4.4,106158.2702622938
759,Iowa,Clay County,16387,3.3,94.0,0.2,0.0,0.5,0.0,28514,11.8,33.2,13.8,24.4,11.9,16.6,77.4,11.9,0.3,2.1,1.7,6.6,16.3,80.6,10.3,8.8,0.2,3.4,125018.293611694
760,Iowa,Clayton County,17711,1.9,96.2,1.0,0.1,0.4,0.0,27719,10.4,27.6,15.6,20.2,13.4,23.1,78.5,8.7,0.4,4.5,1.1,6.8,21.5,74.5,11.3,13.4,0.8,3.0,127751.6891448835
761,Iowa,Clinton County,47587,3.0,91.5,2.6,0.4,0.7,0.0,28091,13.1,28.6,16.4,22.8,10.6,21.5,82.8,8.2,0.7,2.5,1.3,4.5,19.5,84.1,9.6,6.1,0.2,4.2,113740.53661661258
766,Iowa,Delaware County,17326,1.4,97.0,0.3,0.1,0.3,0.0,30768,9.2,30.9,13.2,20.9,12.4,22.6,82.0,6.5,0.2,3.0,0.3,8.0,22.6,79.0,10.4,9.9,0.7,2.5,158241.5849721773
767,Iowa,Des Moines County,39876,2.9,88.0,6.0,0.2,0.6,0.0,27168,15.3,27.8,18.4,23.5,8.9,21.4,82.8,7.3,0.5,3.0,3.2,3.2,15.9,83.4,10.7,5.8,0.0,5.6,102518.64047571574
768,Iowa,Dickinson County,17000,1.9,96.1,0.5,0.3,0.4,0.0,36588,8.1,36.1,14.6,21.2,11.5,16.7,81.2,8.3,0.5,2.4,2.3,5.3,15.7,80.2,10.5,9.1,0.2,3.0,232730.74090944344
769,Iowa,Dubuque County,96571,2.3,91.4,2.8,0.0,1.3,0.4,30117,11.9,34.9,16.8,24.7,7.7,15.8,82.4,7.7,1.1,3.6,1.0,4.2,16.4,85.5,9.8,4.5,0.1,3.9,164796.3505515972
770,Iowa,Emmet County,9661,9.3,88.0,1.6,0.4,0.2,0.0,29396,13.8,31.4,16.7,19.1,12.0,20.8,77.8,10.2,0.2,3.4,1.4,7.0,16.7,79.4,10.9,9.4,0.3,3.9,90884.05714419635
771,Iowa,Fayette County,20139,2.3,94.1,1.2,0.0,0.9,0.0,27020,12.8,30.2,19.8,18.5,11.5,20.1,76.2,8.0,0.4,5.6,1.5,8.4,19.5,78.8,11.4,9.3,0.4,3.5,91079.20416714395
772,Iowa,Floyd County,15904,2.5,92.8,1.9,0.4,1.5,0.1,28323,15.6,34.1,13.7,24.4,9.8,17.9,78.2,7.8,0.4,3.9,1.7,8.0,19.0,79.5,10.9,9.7,0.0,2.7,106123.81296323279
773,Iowa,Franklin County,10326,12.1,85.9,1.4,0.0,0.1,0.0,25248,15.6,31.1,16.1,17.3,15.4,20.1,77.9,9.7,0.7,5.4,0.6,5.8,16.8,69.7,15.7,14.5,0.2,4.6,93812.62118500909
774,Iowa,Fremont County,6985,2.5,95.3,0.5,0.5,0.0,0.0,29813,11.0,34.8,17.2,17.9,11.7,18.3,82.8,8.3,0.0,3.4,1.8,3.6,24.5,74.0,17.0,9.0,0.1,3.1,92370.14789611881
775,Iowa,Greene County,9046,2.7,95.1,0.1,0.1,1.3,0.0,27968,10.0,35.7,16.6,19.3,10.4,18.1,78.3,8.9,0.2,4.3,2.1,6.2,19.6,76.2,13.5,10.1,0.2,6.2,79948.4855335004
776,Iowa,Grundy County,12354,1.2,97.1,0.7,0.0,0.3,0.0,35662,5.8,36.7,14.0,22.9,11.9,14.5,83.3,7.0,0.1,3.7,0.6,5.3,21.1,75.4,15.1,9.5,0.0,2.9,127400.41395171349
777,Iowa,Guthrie County,10664,2.4,95.6,0.3,0.3,0.3,0.0,30646,10.1,33.8,15.7,22.6,14.9,13.1,77.9,11.4,0.1,4.3,1.0,5.3,26.2,75.0,15.5,8.8,0.7,3.5,153090.31113279334
778,Iowa,Hamilton County,15201,6.0,89.6,1.1,0.0,3.0,0.0,27963,9.4,31.8,17.5,19.5,12.2,18.9,83.4,6.9,0.0,3.9,0.6,5.3,18.4,73.8,16.4,9.5,0.2,2.3,92173.5605406732
779,Iowa,Hancock County,10971,3.9,93.8,0.6,0.3,0.1,0.0,29147,9.1,32.6,14.6,20.1,9.1,23.5,79.2,8.2,0.5,2.3,1.2,8.5,18.2,76.1,12.6,10.6,0.6,1.7,103170.01832306445
780,Iowa,Hardin County,17239,4.2,92.3,1.4,0.3,0.6,0.0,28445,8.0,32.7,16.2,20.0,12.6,18.4,82.9,7.7,0.1,4.3,1.2,3.8,17.9,77.2,13.4,8.9,0.5,2.5,90910.1512212562
781,Iowa,Harrison County,14196,1.6,96.5,0.2,0.3,0.3,0.1,29332,10.4,31.4,13.5,23.0,13.2,18.9,81.5,9.0,0.2,2.6,1.9,4.7,26.4,80.0,10.2,9.7,0.1,1.7,146605.78023688236
782,Iowa,Henry County,19865,4.7,88.6,2.1,0.4,2.5,0.0,26340,12.2,29.9,18.5,20.1,9.1,22.3,83.3,7.8,0.0,2.8,2.7,3.4,18.7,76.7,15.4,7.4,0.5,5.5,117063.32515258201
783,Iowa,Howard County,9321,1.5,96.7,0.7,0.0,0.2,0.0,27906,11.6,33.1,16.9,14.6,12.7,22.8,76.2,8.5,0.2,5.3,1.7,8.1,17.8,77.1,12.0,10.7,0.2,2.9,101773.05207306963
784,Iowa,Humboldt County,9586,4.0,94.0,0.2,0.3,0.3,0.0,29587,13.0,31.0,17.5,19.8,12.4,19.3,83.5,9.4,0.1,1.6,1.4,4.0,19.1,77.5,12.2,10.0,0.3,3.3,100915.83179416145
785,Iowa,Ida County,6965,2.1,96.0,0.0,0.7,0.4,0.0,30192,10.3,34.3,14.9,19.7,10.8,20.4,79.5,9.3,0.0,4.3,1.2,5.6,18.1,78.3,12.3,8.9,0.5,3.2,94538.22440053236
786,Iowa,Iowa County,16231,2.5,95.6,0.8,0.0,0.2,0.0,29881,9.8,30.3,18.0,22.0,11.5,18.2,79.6,10.2,0.2,3.9,0.6,5.5,22.5,76.2,14.4,9.1,0.2,2.1,142658.5030913871
787,Iowa,Jackson County,19409,1.4,95.7,0.6,0.0,0.5,0.7,27672,12.0,30.3,15.4,21.1,12.5,20.7,84.8,5.2,0.3,3.2,1.0,5.6,23.3,79.8,11.3,8.7,0.1,4.7,140271.98338508664
788,Iowa,Jasper County,36789,2.0,94.2,1.6,0.2,0.4,0.1,27214,9.1,28.2,15.9,24.2,10.7,20.9,81.6,9.9,0.6,1.8,0.9,5.1,22.9,81.1,12.1,6.6,0.3,4.6,121463.99971222837
789,Iowa,Jefferson County,17945,2.9,80.6,5.8,0.0,5.2,0.0,26630,15.2,36.5,15.8,23.1,8.7,15.9,76.3,9.0,0.0,2.9,1.8,9.9,14.8,82.5,9.3,8.2,0.0,6.7,118945.64055405854
790,Iowa,Johnson County,144425,5.5,79.6,6.3,0.2,6.2,0.1,33039,17.7,47.0,17.8,20.8,5.2,9.2,68.0,8.6,5.9,9.3,4.0,4.2,18.9,68.9,26.5,4.5,0.1,3.3,209448.53104058185
791,Iowa,Jones County,20468,1.8,94.4,2.5,0.4,0.1,0.0,29653,9.1,32.2,17.0,20.0,10.7,20.1,81.6,7.7,0.3,3.8,0.4,6.3,24.6,77.2,12.0,10.1,0.7,4.2,143489.95059426682
792,Iowa,Keokuk County,10223,1.5,96.8,0.1,0.1,0.4,0.1,26638,11.2,33.4,15.9,17.1,14.7,18.9,79.1,9.8,0.3,3.4,1.4,6.1,23.9,70.0,16.5,13.1,0.4,5.3,99156.91399636191
793,Iowa,Kossuth County,15166,2.2,95.5,0.8,0.1,0.6,0.0,29949,10.0,35.1,13.5,21.7,11.8,17.9,82.4,5.5,0.8,4.1,1.7,5.7,14.7,74.7,11.8,13.2,0.2,2.1,108447.23691805283
794,Iowa,Lee County,34785,3.5,91.0,2.5,0.1,0.6,0.0,24408,16.3,24.9,20.0,20.1,11.1,23.9,84.8,6.8,0.5,2.3,2.5,3.1,17.5,78.3,14.8,6.5,0.3,7.6,83171.95866453013
795,Iowa,Linn County,220008,3.1,87.0,4.8,0.1,2.3,0.1,32786,9.5,38.6,15.2,24.4,8.7,13.0,84.8,8.3,0.7,1.9,1.0,3.2,18.8,85.6,9.6,4.6,0.1,3.8,147745.0136273846
796,Iowa,Louisa County,11238,15.8,78.6,1.0,0.3,3.9,0.0,27234,11.0,23.5,15.2,18.5,13.0,29.7,79.0,12.7,0.1,1.1,1.8,5.3,24.3,82.5,10.7,6.8,0.0,4.1,101764.76692437532
797,Iowa,Lucas County,8600,0.1,99.1,0.1,0.0,0.0,0.0,27234,9.9,26.9,16.5,28.5,11.9,16.2,86.2,7.1,0.0,1.1,0.7,4.9,19.8,74.0,15.6,10.4,0.0,4.2,95754.57186918077
798,Iowa,Lyon County,11745,2.5,96.1,0.1,0.2,0.2,0.1,28356,4.9,37.7,15.6,19.3,13.0,14.5,79.3,7.6,0.1,5.3,0.5,7.2,16.2,74.2,12.3,12.9,0.6,2.4,126920.35796458863
799,Iowa,Madison County,15720,1.8,95.9,0.2,0.0,1.1,0.0,31449,7.3,37.8,15.9,20.0,12.7,13.6,81.0,8.9,0.3,2.4,0.4,7.0,28.2,81.3,12.0,6.7,0.0,5.2,187568.48861914492
800,Iowa,Mahaska County,22301,2.0,93.8,1.5,0.2,1.3,0.1,26575,14.4,32.9,15.7,21.5,11.1,18.8,78.2,10.8,0.5,3.3,2.3,4.9,18.3,80.7,11.5,7.3,0.5,5.6,111930.22436577773
801,Iowa,Marion County,33127,1.9,94.8,0.6,0.3,1.1,0.0,27815,9.3,35.8,16.2,20.2,7.9,19.9,77.4,9.9,0.4,5.7,1.5,5.2,19.0,83.2,11.4,5.4,0.0,3.6,146559.63941629516
802,Iowa,Marshall County,40476,20.7,72.5,1.0,0.2,3.2,0.0,25693,11.2,26.5,18.1,19.6,10.3,25.5,76.7,14.6,0.1,3.1,1.8,3.5,17.5,83.0,11.8,5.2,0.0,5.3,97534.5455881292
803,Iowa,Mills County,14933,2.8,94.6,0.8,0.5,0.2,0.0,31309,9.1,32.1,18.4,23.1,12.9,13.5,84.8,6.7,1.7,1.9,0.7,4.2,24.7,75.5,16.9,7.5,0.2,3.2,176800.11298349744
804,Iowa,Mitchell County,10663,1.3,96.8,0.1,0.3,0.6,0.0,27407,8.3,29.6,16.0,21.2,12.2,20.9,77.4,5.6,0.1,5.1,2.6,9.2,17.0,74.0,14.1,10.9,1.0,3.6,117500.14614412466
805,Iowa,Monona County,8865,0.8,95.2,0.1,2.6,0.2,0.0,26829,14.9,29.1,19.5,23.9,14.4,13.1,82.4,7.8,0.0,4.2,0.4,5.2,21.1,75.6,13.0,11.3,0.1,3.2,89088.8942558372
806,Iowa,Monroe County,7912,2.8,93.5,0.1,0.0,0.9,0.0,25929,10.9,29.7,21.3,17.0,12.2,19.9,81.8,9.0,0.1,3.4,0.6,5.0,22.4,76.7,14.0,9.3,0.0,5.6,89438.70416976196
807,Iowa,Montgomery County,10239,3.6,94.1,0.0,0.4,0.0,0.0,25005,16.5,30.4,17.0,22.3,10.6,19.6,79.6,9.5,0.4,4.0,1.6,4.9,19.0,74.7,13.1,11.8,0.4,6.7,79458.9235362895
808,Iowa,Muscatine County,42923,17.5,77.8,1.9,0.2,1.1,0.1,28028,10.5,29.2,14.9,21.1,9.5,25.3,84.7,7.8,0.4,1.6,0.8,4.6,17.2,80.8,13.1,5.9,0.1,3.5,130852.80824603567
809,Iowa,Osceola County,6149,7.4,90.4,1.3,0.0,0.1,0.1,26776,11.4,32.0,16.5,16.5,18.9,16.1,78.1,11.3,0.2,3.6,1.6,5.2,19.1,75.7,11.4,12.7,0.2,1.7,88327.62192006601
810,Iowa,Page County,15393,3.2,91.6,2.0,0.9,1.1,0.0,25739,13.6,35.2,16.3,22.0,8.8,17.7,81.1,9.0,0.1,4.0,1.8,4.0,13.9,75.8,15.2,8.8,0.2,3.9,83339.9122395448
811,Iowa,Palo Alto County,9110,2.4,94.3,1.9,0.2,0.5,0.0,27902,7.1,33.3,19.6,20.1,10.3,16.7,78.6,12.7,0.3,4.3,1.5,2.7,15.3,73.8,17.4,8.5,0.4,1.3,97862.10157128419
812,Iowa,Plymouth County,25027,4.5,92.8,0.4,0.3,0.6,0.1,30686,9.1,31.8,16.2,24.2,11.2,16.6,81.8,8.0,0.1,2.8,1.7,5.5,17.8,78.8,11.9,8.9,0.4,2.9,166933.1506905788
813,Iowa,Pocahontas County,6972,3.5,93.6,1.7,0.0,0.6,0.0,27553,13.2,30.2,14.8,20.1,15.2,19.7,75.3,7.4,0.0,7.9,2.4,6.9,18.2,70.3,14.0,15.7,0.0,3.5,64247.510085843816
814,Iowa,Polk County,467235,8.1,78.5,6.3,0.2,4.3,0.1,33524,11.7,39.1,16.6,25.7,7.8,10.9,83.8,8.2,1.4,1.8,1.0,3.7,19.4,84.1,11.5,4.4,0.1,4.7,178044.14298164708
815,Iowa,Pottawattamie County,93287,7.5,88.3,1.4,0.3,0.6,0.0,29085,11.2,30.5,17.0,25.4,10.7,16.4,84.3,8.7,1.0,1.6,1.2,3.2,20.5,82.5,12.5,4.9,0.2,4.7,129951.14338356839
817,Iowa,Ringgold County,4986,2.2,96.0,0.1,0.3,0.9,0.0,27621,10.9,32.6,18.5,19.5,14.6,14.8,80.7,6.3,0.0,2.9,0.6,9.4,20.3,67.1,18.1,14.6,0.2,5.0,104273.59938674937
818,Iowa,Sac County,9936,2.7,95.5,0.8,0.0,0.0,0.0,29502,9.4,29.7,18.1,22.2,11.6,18.4,83.6,6.6,0.1,3.6,1.0,5.2,17.1,73.2,14.5,11.9,0.4,4.0,91241.67083038186
819,Iowa,Scott County,171493,6.4,80.7,7.9,0.3,2.5,0.0,30798,12.3,36.4,17.6,23.3,7.9,14.9,86.0,6.3,0.8,1.7,0.9,4.4,19.1,83.4,11.5,4.9,0.1,4.2,154936.3594086732
820,Iowa,Shelby County,11772,2.8,95.0,0.5,0.1,0.3,0.0,30799,8.7,35.2,12.8,25.2,12.0,14.9,79.4,11.1,0.4,2.8,0.7,5.5,18.8,71.9,13.8,13.3,1.0,3.7,120505.64103926253
821,Iowa,Sioux County,34692,10.2,87.5,0.4,0.2,0.7,0.0,27339,7.9,35.8,16.2,19.2,12.7,16.1,76.2,8.3,0.4,3.7,1.2,10.2,12.9,82.3,9.9,7.7,0.2,2.2,178568.69901903588
822,Iowa,Story County,95888,3.3,84.5,1.9,0.3,7.3,0.0,27392,22.0,46.7,17.3,20.0,6.6,9.4,72.8,6.2,5.7,7.3,3.0,5.0,17.7,66.0,29.3,4.7,0.1,4.4,182909.16567315426
823,Iowa,Tama County,17236,8.7,82.2,0.6,6.9,0.4,0.0,27074,11.8,28.6,17.8,20.7,12.4,20.5,78.8,12.8,0.1,3.0,1.5,3.9,22.7,76.5,14.7,8.3,0.4,3.8,103123.12514060417
824,Iowa,Taylor County,6214,7.5,90.7,0.3,0.0,0.7,0.0,27344,11.0,30.4,13.9,16.5,12.8,26.3,80.6,10.4,0.0,3.6,1.4,4.1,21.2,70.6,16.6,12.7,0.0,2.8,79550.45012998952
825,Iowa,Union County,12497,2.8,94.5,1.2,0.3,0.7,0.1,25098,13.8,27.4,18.1,19.7,6.2,28.7,79.9,10.3,0.4,4.7,0.7,3.9,17.5,76.7,14.6,8.5,0.3,4.3,90724.05446425195
826,Iowa,Van Buren County,7308,1.4,96.9,0.3,0.1,0.1,0.0,24952,14.0,29.4,14.1,19.3,13.1,24.1,73.0,11.7,1.3,4.3,4.5,5.3,22.3,76.7,13.0,8.9,1.3,4.8,77994.29328686731
827,Iowa,Wapello County,35321,10.5,83.8,2.9,0.1,0.9,0.2,23413,17.0,26.6,17.6,19.2,11.0,25.6,82.1,10.4,0.3,2.2,2.1,2.8,18.1,82.8,11.4,5.7,0.1,6.3,78778.5314776649
828,Iowa,Warren County,48630,2.6,94.7,0.2,0.1,0.5,0.3,33013,6.2,39.8,14.5,26.0,9.5,10.3,84.0,6.6,0.2,3.0,0.4,5.8,23.7,81.1,13.0,5.6,0.3,3.8,196282.87341684356
829,Iowa,Washington County,22095,5.9,91.5,0.9,0.3,0.6,0.0,28397,9.1,29.7,16.3,23.9,16.1,14.0,77.4,11.4,0.4,3.8,2.1,4.9,20.7,72.4,17.6,9.6,0.4,3.6,136866.48662571193
830,Iowa,Wayne County,6405,0.5,96.5,0.7,0.3,0.0,0.0,23367,15.9,30.9,12.6,17.8,14.8,23.9,76.9,11.1,0.6,3.5,2.2,5.7,23.8,70.3,13.9,14.5,1.3,2.6,71141.82595712466
831,Iowa,Webster County,36945,4.5,88.1,4.6,0.3,1.3,0.0,24629,16.2,32.0,20.1,20.8,11.6,15.5,83.6,7.6,0.5,3.0,1.3,4.0,16.5,79.1,13.2,7.6,0.1,5.7,93607.54807424062
832,Iowa,Winnebago County,10545,4.2,92.3,1.1,0.2,1.2,0.0,26558,10.1,29.8,16.8,16.9,9.5,27.2,80.4,9.6,0.3,3.7,1.9,4.1,16.7,82.3,9.8,7.5,0.4,7.0,104952.79501584475
834,Iowa,Woodbury County,102397,15.8,74.7,2.9,1.4,2.8,0.2,25699,14.0,30.0,17.2,22.3,10.4,20.1,83.1,8.7,1.0,1.7,1.5,4.0,17.8,84.4,10.6,5.0,0.1,4.8,117056.19352178613
835,Iowa,Worth County,7502,2.8,94.7,1.1,0.0,0.3,0.0,26781,10.1,23.7,20.1,20.7,15.1,20.5,83.9,7.7,0.5,2.7,1.3,3.8,20.5,80.7,12.1,7.2,0.0,6.2,113102.16598111267
836,Iowa,Wright County,12864,11.1,86.7,0.5,0.0,0.4,0.0,28200,12.6,28.2,16.5,18.7,11.5,25.2,79.6,10.2,0.1,3.9,2.1,4.1,15.9,77.4,13.7,8.9,0.0,5.8,82866.5760031231
837,Kansas,Allen County,12752,3.3,90.7,1.5,0.1,0.6,0.1,23011,14.2,27.5,15.6,20.7,8.6,27.5,80.9,10.7,0.9,3.5,0.7,3.3,17.4,75.3,15.9,8.4,0.4,3.6,52258.26188253782
838,Kansas,Anderson County,7840,0.7,95.2,0.2,3.5,0.0,0.0,21887,13.6,28.4,23.1,17.1,15.0,16.3,77.6,11.8,0.0,2.5,1.4,6.7,24.2,72.3,12.0,14.7,1.0,4.2,79432.19753238455
839,Kansas,Atchison County,16466,2.9,88.4,3.1,0.4,0.3,0.1,25494,18.5,33.0,17.1,24.1,8.0,17.8,76.9,8.6,0.0,7.6,0.8,6.1,19.8,79.4,14.8,5.5,0.3,6.3,86705.80063480746
840,Kansas,Barber County,4905,3.2,92.4,0.7,1.5,0.7,0.0,28840,15.9,29.3,16.0,19.5,16.6,18.6,82.8,8.5,0.0,2.4,1.5,4.8,15.8,69.6,16.8,13.2,0.5,2.5,42563.52847945009
841,Kansas,Barton County,27067,14.5,82.0,1.1,0.3,0.1,0.2,26264,15.7,29.1,17.7,23.4,14.2,15.6,82.2,10.9,0.7,1.8,0.9,3.5,17.9,77.1,15.2,7.5,0.2,4.2,75397.53666363184
842,Kansas,Bourbon County,14757,2.5,90.5,3.2,0.7,0.9,0.0,20707,17.6,29.5,20.1,22.0,10.6,17.7,78.9,9.9,0.1,4.0,1.4,5.6,17.1,78.2,15.4,6.3,0.1,2.2,62547.36251424955
843,Kansas,Brown County,9736,4.2,83.4,0.9,7.7,0.6,0.1,24319,13.2,30.4,21.6,20.3,7.9,19.8,80.8,7.9,0.1,3.7,0.4,7.1,18.2,72.9,15.5,11.5,0.2,3.4,69709.85406928095
844,Kansas,Butler County,66260,4.6,89.5,2.1,0.8,1.1,0.0,28478,10.8,40.0,15.2,21.4,11.6,11.8,84.8,7.9,0.1,1.6,1.3,4.2,22.7,77.9,16.0,6.0,0.1,4.5,148920.0110346238
845,Kansas,Chase County,2665,4.4,91.6,1.5,0.0,0.0,0.0,24469,12.6,35.7,12.5,20.5,13.9,17.4,74.1,9.9,1.0,3.2,3.4,8.3,20.9,70.6,21.9,7.5,0.0,4.8,90238.01344227225
846,Kansas,Chautauqua County,3425,3.4,86.7,0.4,5.3,0.0,0.0,23621,14.3,32.6,14.8,15.9,19.3,17.4,75.3,11.4,0.0,7.5,1.1,4.8,19.7,68.0,19.7,12.0,0.2,6.2,52501.81212450416
847,Kansas,Cherokee County,20501,2.4,88.6,0.4,3.0,0.2,0.5,21006,13.7,32.4,15.8,21.5,8.4,22.0,84.9,7.8,0.0,3.2,0.9,3.2,18.8,75.2,17.5,7.0,0.2,5.4,60244.829581985374
848,Kansas,Cheyenne County,2677,6.5,90.3,0.0,0.0,0.9,0.0,27934,11.2,37.7,13.6,21.7,15.7,11.3,71.7,8.6,0.0,10.1,2.2,7.4,13.2,64.4,21.8,13.0,0.8,1.7,72462.62466532087
849,Kansas,Clark County,2089,10.7,83.1,1.0,1.4,0.9,0.0,27087,8.9,44.3,14.1,19.5,16.3,5.7,78.6,5.8,0.0,7.9,2.6,5.1,17.4,66.4,18.9,14.4,0.4,1.5,41859.672404397505
850,Kansas,Clay County,8203,2.4,94.5,0.7,0.6,0.6,0.0,28115,9.4,32.8,15.1,24.5,15.7,12.0,80.7,9.7,0.1,2.3,0.8,6.4,19.7,71.0,20.3,8.5,0.3,3.3,88853.01116566667
851,Kansas,Cloud County,9191,3.2,93.3,0.7,0.3,0.3,0.0,25579,11.9,31.6,18.3,21.8,10.1,18.3,79.7,9.6,0.3,3.2,1.9,5.2,17.0,74.3,17.1,8.3,0.3,5.0,62753.99934032505
852,Kansas,Coffey County,8328,2.5,93.7,0.8,0.6,0.5,0.0,31679,11.3,30.9,18.0,20.2,16.9,14.0,82.5,10.5,0.6,1.7,0.6,4.1,19.9,70.3,21.3,8.4,0.0,3.7,100688.03668944379
853,Kansas,Comanche County,1741,8.4,90.8,0.0,0.0,0.0,0.0,28388,8.1,38.8,17.4,18.4,15.4,10.0,84.0,6.7,0.0,4.3,0.6,4.3,13.4,71.2,19.1,8.3,1.4,1.8,47478.69885453235
854,Kansas,Cowley County,35732,10.6,80.2,2.6,1.8,1.6,0.0,23130,16.0,27.1,20.3,20.5,11.6,20.6,80.2,12.7,0.0,2.1,1.5,3.5,18.0,76.8,16.7,6.1,0.4,5.2,69040.88915535352
855,Kansas,Crawford County,39099,5.3,87.4,2.4,0.5,1.8,0.0,21207,21.1,32.1,20.9,19.5,9.7,17.9,84.5,7.8,0.2,3.2,1.7,2.7,16.4,76.3,17.8,5.3,0.5,5.4,77346.23107667147
856,Kansas,Decatur County,2891,2.6,94.7,0.2,0.9,0.5,0.0,30890,17.5,33.9,13.7,23.3,18.8,10.3,77.9,10.2,0.0,2.8,1.6,7.4,16.9,63.4,21.7,14.8,0.0,2.8,57074.29755919283
857,Kansas,Dickinson County,19162,4.5,91.1,0.9,0.8,0.4,0.0,24434,11.6,29.2,17.2,23.1,12.9,17.6,81.2,8.7,0.2,2.8,2.2,4.8,21.1,74.7,16.8,8.1,0.5,5.4,99056.81054131179
858,Kansas,Doniphan County,7790,2.7,90.2,3.7,1.1,0.2,0.0,24520,13.7,29.2,19.8,22.0,9.2,19.7,82.4,5.0,0.3,4.3,1.2,6.7,20.0,74.0,17.7,7.7,0.6,4.5,82502.3338008593
859,Kansas,Douglas County,117806,6.0,79.1,4.0,2.2,4.8,0.0,29438,18.7,45.2,17.5,24.0,5.0,8.2,78.1,8.8,2.1,5.3,1.8,3.8,20.4,73.0,22.3,4.7,0.0,4.7,184925.76959591734
860,Kansas,Edwards County,2946,20.1,77.2,1.3,0.0,0.3,0.0,27966,10.2,31.0,14.5,20.1,14.3,20.1,80.2,7.1,0.0,2.4,4.7,5.7,19.2,69.5,20.4,9.7,0.5,2.9,47314.740005849366
861,Kansas,Elk County,2581,4.1,91.0,0.2,1.9,0.5,0.0,21156,13.5,34.7,21.2,13.7,14.5,15.9,71.8,12.9,0.0,5.1,3.4,6.8,27.0,60.5,26.1,13.2,0.2,6.9,49362.543994940446
862,Kansas,Ellis County,28877,5.6,90.2,0.9,0.2,1.4,0.1,29339,16.7,33.1,20.0,25.8,10.8,10.4,86.6,6.1,0.2,3.2,0.3,3.6,12.8,72.1,20.8,6.8,0.2,2.8,161082.88713275173
863,Kansas,Ellsworth County,6331,6.0,86.1,3.8,1.8,0.6,0.0,24102,11.4,34.1,20.8,18.7,12.0,14.4,77.2,10.4,0.4,4.8,2.3,4.8,16.5,73.5,18.5,7.5,0.4,3.0,74045.77873090342
866,Kansas,Franklin County,25599,4.1,91.0,1.5,0.3,0.3,0.0,25701,12.5,29.9,17.1,21.7,12.5,18.7,82.0,8.4,0.6,2.6,2.0,4.3,23.7,78.8,14.6,6.4,0.2,5.4,123310.20127317058
867,Kansas,Geary County,35796,15.6,57.2,16.8,0.7,3.1,0.8,21583,14.9,31.8,23.4,20.3,10.5,14.1,83.5,9.2,0.1,1.9,2.2,3.0,16.2,62.5,32.3,4.9,0.3,8.0,136482.5969783876
869,Kansas,Graham County,2561,3.2,88.8,4.1,0.1,0.7,0.0,27165,12.3,32.9,21.0,22.8,13.8,9.5,77.9,9.0,0.1,2.5,3.0,7.5,15.0,59.9,25.6,14.5,0.0,1.7,55818.50309349056
870,Kansas,Grant County,7716,46.8,51.8,0.0,0.3,0.0,0.0,26138,10.0,29.6,13.4,20.5,21.1,15.4,78.8,10.0,0.5,3.4,0.2,7.1,14.5,73.8,14.3,11.7,0.3,4.6,101091.58860169013
871,Kansas,Gray County,6004,15.0,84.3,0.0,0.0,0.0,0.2,27031,8.5,34.2,14.4,18.6,18.1,14.7,81.8,7.4,0.0,4.7,0.6,5.4,15.5,72.5,12.5,14.0,1.0,2.8,124120.05285847285
872,Kansas,Greeley County,1210,22.1,74.8,0.8,0.7,0.2,0.0,25775,11.5,35.2,14.3,26.8,14.8,8.9,72.7,10.2,0.0,5.6,3.1,8.4,12.0,65.0,20.7,14.3,0.0,1.1,78003.90191391064
873,Kansas,Greenwood County,6227,3.7,92.4,0.2,0.2,0.0,0.0,24837,12.4,28.4,19.5,20.7,14.7,16.6,83.7,9.5,0.2,1.7,0.9,4.0,22.8,68.3,20.9,10.4,0.3,3.9,50020.85003148249
874,Kansas,Hamilton County,2621,33.7,63.8,0.7,0.2,0.0,0.0,21694,9.3,33.5,15.4,15.6,24.2,11.3,64.9,16.8,0.0,4.3,1.4,12.5,14.1,72.7,16.5,10.1,0.6,1.9,75595.96182285383
875,Kansas,Harper County,5746,6.3,90.3,0.1,2.3,0.2,0.0,25698,16.8,29.3,13.7,24.7,16.6,15.7,82.9,9.0,0.2,4.5,0.8,2.7,16.0,73.0,17.4,8.3,1.3,3.7,50796.125860121036
876,Kansas,Harvey County,34683,11.7,83.3,1.8,0.3,0.6,0.2,26587,11.2,38.9,16.3,18.9,9.5,16.4,80.1,10.2,0.0,3.1,2.3,4.4,19.6,79.2,14.6,5.6,0.6,2.9,106520.65295861242
877,Kansas,Haskell County,4081,29.4,69.6,0.0,0.1,0.6,0.0,24141,13.3,29.4,15.4,19.5,20.8,14.9,77.4,11.2,0.0,5.3,1.3,4.7,13.7,64.5,19.5,15.1,0.9,3.6,104287.25712776057
879,Kansas,Jackson County,13322,4.4,84.3,0.7,6.8,0.2,0.3,25920,9.9,30.8,19.6,21.0,12.5,16.1,83.4,9.3,0.2,1.4,0.5,5.3,25.1,70.5,19.9,8.9,0.7,5.6,105545.97969623287
880,Kansas,Jefferson County,18856,2.5,93.9,0.6,0.6,0.0,0.0,27783,8.3,33.6,14.6,21.1,14.5,16.2,85.2,8.8,0.4,1.3,0.8,3.6,30.0,72.7,20.5,6.7,0.0,5.8,132751.39623384812
881,Kansas,Jewell County,2963,2.4,95.5,0.4,0.3,0.0,0.1,24361,14.2,41.4,13.0,17.1,13.0,15.6,76.7,9.7,0.0,5.2,2.3,6.2,18.4,62.8,19.5,17.4,0.3,2.2,60987.73503012493
884,Kansas,Kingman County,7576,3.2,93.8,0.4,0.4,0.0,0.0,30927,7.6,32.6,14.4,19.4,17.1,16.4,81.2,8.4,0.1,2.3,2.5,5.4,22.1,70.0,15.6,14.3,0.2,4.7,85092.2732577886
885,Kansas,Kiowa County,2524,6.4,89.2,1.0,0.6,1.2,0.0,24961,8.7,40.2,17.1,16.9,14.8,11.0,79.5,6.6,0.2,6.4,1.1,6.1,14.5,70.5,18.0,11.5,0.0,3.0,84088.52874200136
886,Kansas,Labette County,20553,4.4,85.4,3.8,0.9,0.3,0.0,22841,17.8,32.6,20.3,17.5,9.4,20.2,84.4,6.9,0.3,3.3,1.9,3.2,15.8,73.9,19.9,6.0,0.3,4.7,55073.60684663954
888,Kansas,Leavenworth County,79359,6.8,79.2,8.4,0.4,1.5,0.0,30170,9.0,37.8,19.0,21.7,10.2,11.4,81.4,11.0,0.3,2.1,1.8,3.3,22.6,70.8,25.5,3.7,0.0,4.2,179441.48403469156
889,Kansas,Lincoln County,3121,3.0,95.7,0.7,0.1,0.0,0.0,25667,8.4,38.6,16.1,16.1,17.7,11.5,77.8,9.7,0.8,5.8,0.8,5.1,18.8,61.8,25.3,12.9,0.0,6.0,65937.70929577244
890,Kansas,Linn County,9602,2.6,93.9,0.7,1.0,0.3,0.0,25796,17.4,24.7,16.3,22.8,19.1,17.1,84.1,10.2,0.3,1.2,0.7,3.5,32.8,74.9,16.7,8.4,0.1,5.8,83333.93114654365
891,Kansas,Logan County,2790,5.6,90.6,0.0,0.4,0.0,0.0,28549,8.9,34.0,12.7,23.2,15.0,14.9,76.1,11.2,0.0,4.2,0.6,7.9,13.1,60.7,24.8,14.4,0.1,3.0,81670.99980870508
892,Kansas,Lyon County,33302,20.9,71.6,2.1,0.2,2.0,0.0,24307,18.6,30.9,18.5,19.8,11.0,19.8,78.0,12.5,0.6,3.8,1.5,3.6,17.0,74.1,20.2,5.6,0.1,5.8,97328.34112370678
893,Kansas,McPherson County,28792,4.0,91.8,1.0,0.5,0.5,0.0,29508,7.6,36.1,17.1,18.4,9.9,18.5,83.2,7.4,0.1,4.9,1.1,3.3,13.5,78.1,12.6,8.8,0.5,2.5,139307.17441040615
894,Kansas,Marion County,12087,3.3,93.2,0.7,0.1,0.3,0.0,25620,10.7,30.6,15.4,21.5,11.9,20.7,78.1,9.3,0.0,6.2,1.0,5.4,20.0,75.6,14.7,9.1,0.6,3.9,69580.36955667369
895,Kansas,Marshall County,9859,2.4,95.0,0.3,0.3,0.3,0.3,27908,8.9,30.7,14.4,21.1,10.8,23.0,80.5,7.4,0.8,5.2,1.6,4.5,15.5,74.6,14.5,10.6,0.3,4.1,75282.62660378318
896,Kansas,Meade County,4295,16.6,80.2,0.6,0.0,1.0,0.0,25173,12.2,37.5,14.5,15.3,21.7,11.0,70.8,14.1,0.0,6.2,1.2,7.8,15.3,64.3,24.1,11.1,0.4,2.8,68591.37286112703
897,Kansas,Miami County,32976,3.0,93.1,1.5,0.8,0.3,0.0,31611,7.7,35.6,13.1,24.5,13.4,13.5,82.9,7.6,0.2,1.3,1.3,6.8,27.9,77.9,14.3,7.7,0.1,4.4,190747.6434406737
898,Kansas,Mitchell County,6230,2.2,95.6,0.7,0.4,0.5,0.0,26108,14.8,39.2,11.5,19.6,16.0,13.7,87.4,4.2,0.2,4.6,1.4,2.3,9.6,74.4,14.6,10.7,0.3,3.8,85256.64140387837
899,Kansas,Montgomery County,33463,6.2,80.1,5.3,3.0,1.0,0.2,22823,17.5,29.5,18.3,19.9,10.0,22.3,80.1,10.4,0.0,4.4,2.5,2.6,16.6,77.4,15.9,6.4,0.3,5.8,56980.13821045262
900,Kansas,Morris County,5605,4.5,92.3,0.1,0.2,0.5,0.0,26569,9.8,29.0,19.5,18.3,18.8,14.4,77.5,7.7,0.0,6.2,0.9,7.7,21.3,67.1,16.7,15.5,0.7,2.3,89128.54113920742
902,Kansas,Nemaha County,10095,1.8,95.6,0.5,0.5,0.3,0.0,27438,10.8,35.5,15.1,21.7,11.1,16.5,77.2,10.9,0.5,6.4,0.5,4.6,15.9,76.0,14.4,9.1,0.5,1.8,107070.122959847
903,Kansas,Neosho County,16209,5.0,90.6,1.0,0.4,0.4,0.0,23589,21.4,31.0,14.7,23.0,12.4,18.9,81.6,11.7,0.1,2.5,1.5,2.6,16.6,73.7,19.1,7.1,0.1,2.9,57777.2140771107
904,Kansas,Ness County,3001,10.7,88.5,0.2,0.2,0.3,0.0,30761,8.9,32.9,14.2,18.8,19.2,14.9,75.7,10.0,0.2,4.6,0.4,9.1,12.9,61.3,21.7,16.1,0.9,2.6,57471.140740546194
905,Kansas,Norton County,5527,5.1,89.5,2.4,0.7,0.4,0.3,22935,11.6,35.9,18.0,23.4,11.9,10.7,82.1,10.9,0.0,0.2,0.9,5.9,13.6,61.8,24.8,12.9,0.5,2.5,65433.40522820496
906,Kansas,Osage County,15894,3.0,93.7,0.7,0.2,0.2,0.0,27209,12.8,31.8,17.6,22.3,14.4,13.9,80.7,12.5,0.0,1.9,0.7,4.1,29.5,74.2,19.2,6.5,0.2,7.0,99658.68994353157
908,Kansas,Ottawa County,5957,2.7,94.3,0.8,0.2,0.2,0.0,28839,9.7,34.8,15.9,22.7,12.7,13.9,77.9,10.0,0.3,2.7,1.9,7.1,23.7,69.6,14.7,15.4,0.4,3.3,90476.95709637324
910,Kansas,Phillips County,5446,3.2,94.1,0.4,0.3,0.3,0.1,24795,8.1,32.9,17.0,21.8,14.3,14.1,79.8,8.2,0.0,5.5,0.5,6.0,14.1,71.0,18.8,10.3,0.0,1.8,56238.819968559495
911,Kansas,Pottawatomie County,23188,5.3,89.9,0.6,1.3,0.8,0.0,27978,9.7,40.5,12.4,21.7,12.0,13.4,78.6,13.3,0.0,2.4,1.8,3.9,21.1,69.6,22.5,7.9,0.0,3.9,195551.42411749586
912,Kansas,Pratt County,9670,7.2,91.5,0.3,0.2,0.1,0.0,27063,10.9,32.9,17.5,19.7,16.9,13.0,80.4,11.5,0.2,2.9,2.2,2.8,12.8,76.1,16.3,7.5,0.1,4.1,79895.65309659943
914,Kansas,Reno County,63360,9.1,84.7,2.7,0.5,0.5,0.0,25267,14.0,31.4,19.1,23.5,10.6,15.4,82.4,9.1,0.3,2.5,2.4,3.4,17.5,79.3,14.8,5.7,0.3,5.0,89994.1135171599
915,Kansas,Republic County,4705,1.6,96.2,0.2,0.3,0.7,0.0,27121,11.7,38.9,14.8,19.4,12.7,14.2,81.2,4.4,0.0,4.3,1.7,8.4,17.6,71.4,15.6,12.6,0.4,2.6,64041.26446018552
916,Kansas,Rice County,9868,11.2,84.0,1.7,0.3,0.6,0.2,23355,16.4,34.7,18.3,17.5,14.7,14.8,78.7,12.2,0.2,5.9,0.8,2.2,16.5,77.5,16.2,6.1,0.3,6.5,64208.53698241224
917,Kansas,Riley County,75696,8.1,76.9,6.3,0.4,4.9,0.2,26619,22.0,42.6,21.5,21.7,6.9,7.3,73.7,8.7,0.4,8.7,2.6,5.9,14.9,65.2,30.3,4.4,0.1,5.6,185958.89581594293
918,Kansas,Rooks County,5148,2.5,94.5,0.7,0.2,0.4,0.0,25415,11.3,33.7,19.7,20.2,14.5,12.0,80.6,9.7,0.0,2.8,0.8,6.2,16.0,68.0,20.4,10.8,0.8,3.4,64466.78793889126
919,Kansas,Rush County,3119,3.1,94.3,0.0,0.2,0.6,0.0,25983,6.7,35.1,18.9,19.0,15.1,11.8,74.9,9.9,0.0,5.4,1.6,8.2,19.0,59.3,24.3,15.6,0.8,4.9,42858.9038891079
920,Kansas,Russell County,6987,2.8,93.2,1.2,0.2,0.0,1.0,25686,13.8,34.2,18.1,15.2,13.8,18.7,87.6,5.8,0.1,2.2,0.9,3.4,14.7,72.7,18.8,7.9,0.6,4.8,63678.18483218143
921,Kansas,Saline County,55334,10.9,80.5,3.1,0.3,2.4,0.0,27951,12.6,33.1,17.8,20.7,8.9,19.4,83.4,8.0,0.6,1.8,3.3,2.9,14.8,83.0,12.4,4.3,0.2,4.2,111198.55178322729
923,Kansas,Sedgwick County,510484,14.1,68.6,8.8,0.6,4.3,0.0,27583,14.7,35.8,16.9,23.4,10.1,13.8,85.0,8.3,0.5,1.4,1.5,3.2,18.8,82.5,12.5,4.8,0.1,5.6,123113.63066612714
925,Kansas,Shawnee County,178392,12.0,74.5,7.6,0.6,1.2,0.0,28584,13.2,38.2,16.8,23.6,8.7,12.8,83.2,9.7,0.9,1.9,1.4,2.9,18.0,75.8,19.9,4.2,0.1,5.4,112067.7585470579
926,Kansas,Sherman County,5999,12.0,84.8,0.3,0.2,1.9,0.0,25653,16.5,37.8,12.5,24.8,14.7,10.2,84.2,5.1,0.0,1.2,2.9,6.6,15.3,70.3,22.2,7.5,0.0,4.1,76897.98876024973
927,Kansas,Smith County,3693,1.9,95.1,0.4,0.6,0.2,0.0,28122,13.3,38.5,17.7,21.7,11.0,11.0,72.9,8.4,0.0,7.6,0.8,10.4,14.5,66.6,17.5,15.2,0.7,3.0,56939.14973191116
928,Kansas,Stafford County,4251,13.3,83.7,0.7,0.1,0.2,0.0,25941,14.5,35.2,18.4,22.9,15.5,8.1,76.5,12.0,0.1,3.9,2.4,5.2,19.3,64.0,24.0,11.3,0.7,3.7,55168.328995445656
930,Kansas,Stevens County,5741,35.2,62.0,0.1,0.3,0.3,0.2,24691,16.8,33.0,11.2,16.5,20.7,18.7,80.3,12.3,0.0,3.1,0.4,3.9,15.7,71.7,14.8,13.5,0.0,4.5,100175.84853442574
931,Kansas,Sumner County,23336,5.3,90.0,0.9,1.0,0.4,0.0,25393,11.8,31.3,16.4,20.6,13.1,18.6,81.8,9.4,0.2,2.7,0.7,5.2,23.5,75.4,17.3,7.0,0.2,5.1,79472.8252123077
932,Kansas,Thomas County,7847,5.5,91.2,1.4,0.8,0.5,0.0,26718,11.1,32.5,23.1,24.3,9.3,10.8,79.2,7.6,0.0,4.0,2.6,6.6,11.1,68.7,19.1,12.0,0.2,1.9,113444.82560291159
933,Kansas,Trego County,2899,1.2,94.5,0.1,1.3,1.6,0.0,33233,4.8,29.1,13.2,26.2,15.9,15.6,75.3,11.8,0.0,6.6,1.3,5.1,20.0,63.7,25.4,10.8,0.2,0.8,75026.47609778932
934,Kansas,Wabaunsee County,6918,3.4,93.0,0.3,0.4,0.5,0.0,25790,6.1,35.5,15.0,24.5,13.7,11.3,77.6,10.7,0.4,3.1,1.5,6.7,27.0,73.2,19.8,6.7,0.4,4.3,125059.08266123357
935,Kansas,Wallace County,1591,5.1,93.7,0.0,0.0,0.0,0.0,29931,10.6,46.0,16.6,17.8,9.4,10.2,75.7,7.0,0.0,6.2,0.3,10.9,13.9,64.2,19.1,15.5,1.3,5.4,69360.55479180267
936,Kansas,Washington County,5572,3.3,94.3,0.3,0.1,0.1,0.0,26927,9.7,30.6,14.7,18.7,19.1,16.9,77.7,11.6,0.1,4.0,1.6,4.9,19.2,72.2,17.2,10.3,0.4,2.2,85307.17094808003
938,Kansas,Wilson County,8858,2.9,92.4,0.5,0.4,0.7,0.0,25107,16.8,29.7,19.2,19.7,12.8,18.7,78.4,9.1,0.2,6.9,1.4,3.9,17.1,73.5,14.3,12.1,0.1,5.1,61687.63898147506
939,Kansas,Woodson County,3178,0.8,93.1,1.1,0.6,0.7,0.0,21419,20.6,33.4,16.0,15.1,13.1,22.5,76.0,10.7,0.1,6.5,2.5,4.1,23.0,64.9,19.9,13.9,1.3,5.5,60113.20584995133
940,Kansas,Wyandotte County,163227,28.1,41.6,22.7,0.3,3.9,0.1,20192,21.4,23.5,21.3,23.3,12.4,19.5,81.0,13.1,1.0,1.4,0.7,2.6,21.5,84.0,11.6,4.3,0.1,8.3,88535.16996997833
941,Kentucky,Adair County,19304,1.8,93.4,3.6,0.1,0.1,0.0,18408,21.5,28.5,15.9,19.7,12.2,23.8,84.5,9.0,0.0,2.6,0.5,3.4,22.2,74.1,15.8,9.9,0.1,6.2,83523.0533373262
942,Kentucky,Allen County,20628,1.9,95.4,1.9,0.0,0.2,0.0,21652,20.0,24.5,16.6,21.8,13.5,23.7,77.9,11.0,0.2,2.5,1.6,6.9,24.1,74.8,13.9,11.3,0.1,7.5,97159.41030373397
943,Kentucky,Anderson County,22017,1.7,94.2,2.4,0.0,0.7,0.0,24991,12.0,31.8,14.7,27.6,9.4,16.6,86.4,10.7,0.0,0.5,0.2,2.1,26.6,69.3,24.1,6.5,0.1,6.3,122932.16608502746
944,Kentucky,Ballard County,8152,1.2,93.0,3.9,0.2,0.4,0.0,25063,18.2,27.7,17.3,23.8,9.9,21.3,89.3,3.8,2.2,0.4,0.8,3.6,23.6,81.4,11.9,6.7,0.0,4.7,78611.02811489286
945,Kentucky,Barren County,43418,3.0,90.7,3.9,0.2,0.5,0.0,20493,22.9,28.4,14.7,21.5,9.8,25.6,80.3,11.7,0.2,1.7,1.0,5.1,20.7,79.0,13.6,7.0,0.4,7.6,107520.41954159238
946,Kentucky,Bath County,12189,1.5,95.4,1.0,0.1,0.3,0.0,20059,24.0,26.3,17.9,17.5,9.2,29.2,82.3,12.4,0.2,1.3,0.4,3.4,25.5,75.1,16.9,7.9,0.1,7.8,81822.86026335253
948,Kentucky,Boone County,127682,4.1,88.4,3.0,0.1,2.3,0.0,33553,7.6,39.4,13.2,27.8,6.7,12.8,84.8,8.1,0.8,0.9,0.9,4.4,24.0,85.6,10.5,3.8,0.1,4.9,186576.39513254937
949,Kentucky,Bourbon County,20017,6.7,85.2,7.2,0.0,0.3,0.0,25994,16.6,29.4,20.2,22.4,12.3,15.7,79.5,9.6,0.5,2.3,2.1,6.0,22.7,77.4,14.9,7.3,0.4,6.9,136389.4051171669
950,Kentucky,Boyd County,48486,1.7,93.3,2.4,0.1,0.3,0.0,26420,19.3,36.3,17.9,23.7,8.9,13.3,82.8,10.9,0.3,3.4,1.1,1.5,21.6,79.5,15.4,4.8,0.3,9.3,76183.11260474853
951,Kentucky,Boyle County,29773,3.2,85.9,7.1,0.2,0.8,0.0,23822,15.5,33.0,18.1,20.3,7.5,21.0,80.4,10.6,0.1,3.8,0.9,4.1,20.5,79.7,14.6,5.6,0.2,4.9,122829.20627663257
952,Kentucky,Bracken County,8330,1.6,96.4,0.0,0.2,0.5,0.0,22433,21.4,27.0,16.3,20.2,16.0,20.4,82.1,10.9,0.1,2.4,0.5,4.0,35.6,76.4,16.4,7.1,0.1,7.6,89030.03889287065
954,Kentucky,Breckinridge County,19991,1.3,94.7,1.7,0.1,0.4,0.0,20735,17.7,27.1,15.8,18.2,15.5,23.5,75.4,15.9,1.1,2.0,1.2,4.4,31.6,76.6,15.1,8.2,0.1,9.8,85191.76146563799
955,Kentucky,Bullitt County,78622,1.8,94.9,0.6,0.2,0.6,0.1,26643,10.2,27.3,13.0,26.9,11.1,21.7,85.2,10.0,0.1,0.7,1.0,3.0,28.1,86.4,9.5,4.0,0.2,5.9,165522.22328412402
956,Kentucky,Butler County,12735,3.1,95.1,0.4,0.2,0.1,0.0,21787,22.0,26.8,11.3,21.0,12.7,28.2,82.5,10.2,0.3,0.6,2.0,4.4,26.0,75.6,15.4,8.1,0.9,5.4,104370.92921239784
958,Kentucky,Calloway County,38616,2.6,89.7,3.7,0.3,1.8,0.1,21757,22.4,31.1,20.0,24.7,9.5,14.7,77.1,9.8,0.2,7.7,1.6,3.5,16.6,72.7,20.6,6.4,0.3,5.7,49646.648257230176
959,Kentucky,Campbell County,91804,1.9,92.4,3.2,0.0,0.9,0.0,31065,14.2,39.1,15.3,25.8,7.9,11.8,80.9,9.1,2.1,3.1,1.2,3.6,22.4,85.0,11.0,3.9,0.1,5.4,164084.16357243466
960,Kentucky,Carlisle County,4890,2.3,94.4,1.6,0.6,0.2,0.0,24015,17.3,27.9,20.8,23.2,10.6,17.6,84.4,8.1,0.0,0.1,2.1,5.4,26.2,77.5,16.6,5.8,0.2,7.0,64821.30613517993
961,Kentucky,Carroll County,10695,6.6,89.1,2.5,0.1,0.3,0.0,22296,27.7,20.1,17.0,22.2,13.4,27.4,80.4,12.9,0.0,2.7,0.8,3.1,18.5,85.7,10.6,3.6,0.2,10.3,88274.08245706133
962,Kentucky,Carter County,27385,0.9,96.8,0.8,0.4,0.1,0.0,18477,21.5,24.6,19.9,26.5,13.4,15.6,79.6,12.6,0.2,4.2,0.8,2.6,30.3,75.4,18.0,6.5,0.1,10.0,78997.09195986671
963,Kentucky,Casey County,15805,2.8,95.0,0.6,0.3,0.3,0.0,18319,26.6,28.0,14.9,19.9,14.0,23.2,80.2,12.4,0.2,0.7,1.5,5.0,28.9,74.2,17.3,8.2,0.3,7.5,63411.589329648144
964,Kentucky,Christian County,72438,7.5,66.3,20.4,0.5,1.3,0.3,21393,19.7,27.8,20.4,22.2,8.5,21.1,78.2,8.6,0.5,8.9,1.9,1.9,17.3,75.7,17.6,6.6,0.2,8.0,99107.27295498888
965,Kentucky,Clark County,35757,2.7,90.5,5.0,0.1,0.5,0.0,26219,15.0,33.4,15.0,24.0,10.8,16.8,82.4,9.8,0.1,1.8,2.2,3.5,23.1,79.6,15.4,4.9,0.1,6.7,133711.27223019878
967,Kentucky,Clinton County,10208,2.8,96.1,0.5,0.0,0.2,0.0,19325,20.0,25.2,19.5,19.9,10.1,25.4,83.3,12.2,0.5,0.3,1.4,2.4,18.4,74.8,18.1,6.9,0.2,7.4,85355.33513035178
968,Kentucky,Crittenden County,9154,1.0,96.4,1.3,0.0,0.0,0.0,22765,17.7,28.3,17.5,18.3,14.3,21.6,77.9,13.0,0.8,2.8,1.5,3.9,24.5,71.0,18.9,9.9,0.1,4.4,75921.31084599975
969,Kentucky,Cumberland County,6744,0.4,93.0,3.0,0.0,0.3,0.0,18669,20.7,34.7,14.8,22.7,9.9,17.9,82.7,8.5,0.0,0.2,1.0,7.7,19.9,75.9,18.7,5.4,0.0,5.1,77731.9567843208
970,Kentucky,Daviess County,99258,2.9,88.9,4.4,0.2,1.3,0.0,26501,15.8,29.9,18.0,23.8,9.0,19.3,86.8,7.9,0.5,2.1,1.1,1.5,19.2,83.4,11.7,4.7,0.2,6.0,111139.58259294594
971,Kentucky,Edmonson County,12063,0.9,95.5,1.6,0.3,0.1,0.0,21851,20.0,25.9,21.1,21.7,15.3,16.1,80.5,13.7,0.0,2.1,2.0,1.6,29.8,75.1,19.9,4.8,0.2,9.3,91842.46713223682
973,Kentucky,Estill County,14382,0.3,97.6,0.1,0.4,0.0,0.0,17728,30.4,24.5,15.5,18.8,12.6,28.5,79.2,15.8,0.0,0.8,1.1,3.2,33.4,79.1,15.2,5.2,0.4,12.4,61181.25612189547
974,Kentucky,Fayette County,315109,7.0,71.8,14.3,0.2,3.6,0.0,31653,18.6,42.9,18.1,22.9,6.0,10.1,78.7,9.3,2.0,3.8,1.9,4.4,20.9,79.3,15.5,5.0,0.1,6.1,177893.07175891483
975,Kentucky,Fleming County,14515,1.2,96.1,1.7,0.0,0.1,0.0,23351,19.5,28.2,12.0,23.1,18.0,18.7,80.6,13.7,0.3,1.8,0.7,2.9,29.4,73.8,17.1,9.1,0.0,9.5,93902.71238398313
976,Kentucky,Floyd County,37447,0.7,97.3,0.9,0.1,0.3,0.0,18366,30.7,29.5,19.1,27.3,11.0,13.2,88.5,7.8,0.2,1.0,0.5,2.1,23.0,70.4,22.4,7.1,0.0,11.6,64899.99467025586
977,Kentucky,Franklin County,49969,3.0,81.9,9.8,0.3,1.8,0.0,28001,13.1,37.4,14.8,25.4,8.2,14.2,84.2,10.7,0.3,1.9,0.3,2.6,19.0,63.8,31.0,5.0,0.1,7.2,135786.99809423063
978,Kentucky,Fulton County,6259,0.7,71.2,24.4,0.1,0.2,0.0,18111,25.3,29.9,25.7,17.8,8.1,18.5,77.1,10.6,0.9,1.7,3.2,6.5,21.9,72.1,18.1,9.3,0.5,7.6,46410.24191676872
979,Kentucky,Gallatin County,8652,5.2,91.3,1.5,0.0,0.1,0.0,22508,13.4,20.2,18.3,27.1,13.0,21.4,79.8,13.5,0.2,1.9,0.6,4.0,29.4,77.8,15.9,6.0,0.3,6.0,110730.66622872483
980,Kentucky,Garrard County,17226,2.2,94.3,0.9,0.2,0.1,0.0,24874,18.2,29.9,17.8,20.6,16.2,15.4,80.3,11.9,0.1,0.4,1.7,5.7,34.0,76.2,13.7,10.0,0.1,8.9,123895.82805323285
981,Kentucky,Grant County,24800,2.7,93.9,0.9,0.1,0.1,0.0,20892,21.5,20.5,16.9,25.6,11.1,26.0,80.3,14.9,0.1,1.4,0.4,3.0,30.2,84.6,11.5,3.9,0.0,4.9,138479.05774853282
982,Kentucky,Graves County,37259,6.1,87.1,4.5,0.2,0.5,0.2,22112,19.2,27.7,20.6,21.2,10.7,19.7,87.0,7.2,0.3,0.9,1.6,3.0,22.7,77.4,15.1,7.5,0.0,7.7,72650.30506441696
983,Kentucky,Grayson County,26129,1.3,95.3,1.3,0.4,0.2,0.0,19520,25.7,26.0,15.5,19.0,14.6,24.9,80.4,14.1,0.1,0.9,2.0,2.5,28.2,78.2,13.4,8.2,0.2,6.4,89540.22343508697
984,Kentucky,Green County,11044,0.6,94.4,3.1,0.0,0.3,0.0,23448,19.0,19.9,18.3,23.5,8.5,29.8,81.4,12.5,0.3,1.1,1.0,3.7,26.9,76.6,15.3,8.1,0.1,5.1,79951.32963068532
985,Kentucky,Greenup County,36012,1.0,96.3,0.8,0.1,0.4,0.0,25378,16.5,36.2,16.1,24.0,10.5,13.3,86.3,10.1,0.3,1.2,0.2,1.8,23.1,79.2,15.6,5.0,0.2,8.7,98680.96410137705
986,Kentucky,Hancock County,8700,1.5,95.8,0.9,0.1,0.6,0.0,22438,15.7,24.1,15.7,19.2,12.1,28.9,89.1,5.8,0.1,1.5,1.2,2.3,22.5,83.9,11.2,4.8,0.1,6.2,100024.58043050616
987,Kentucky,Hardin County,107699,5.6,76.3,11.3,0.2,2.0,0.3,26436,14.2,32.6,17.7,25.3,8.0,16.4,81.8,11.1,0.3,2.7,1.4,2.8,22.2,75.5,20.4,4.1,0.0,6.4,130518.65124640988
989,Kentucky,Harrison County,18630,2.3,93.8,1.7,0.0,0.0,0.0,22497,16.4,25.5,16.7,21.6,8.4,27.8,81.8,11.2,0.2,2.0,1.9,2.8,24.6,81.1,12.8,6.0,0.0,6.9,101455.69194266759
990,Kentucky,Hart County,18531,1.7,91.7,4.3,0.4,0.5,0.0,19715,23.1,22.4,14.7,22.5,14.5,26.0,75.7,15.4,0.0,2.1,3.2,3.6,29.1,73.0,14.9,11.5,0.6,6.6,86361.92861716087
991,Kentucky,Henderson County,46252,2.4,87.0,7.1,0.1,0.4,0.0,23958,19.3,28.6,17.3,22.6,10.4,21.1,86.9,7.8,0.5,1.6,0.8,2.4,20.8,82.3,13.1,4.4,0.1,4.8,120121.14914488042
992,Kentucky,Henry County,15677,3.2,91.8,3.5,0.3,0.1,0.1,23932,18.2,22.5,20.6,20.6,14.1,22.2,83.4,11.0,0.3,1.1,0.6,3.5,30.5,79.4,12.1,8.2,0.3,6.5,127252.30435166617
994,Kentucky,Hopkins County,45985,1.9,88.8,6.2,0.3,0.5,0.0,23288,17.2,28.4,18.6,22.2,12.7,18.2,89.5,5.7,0.2,1.6,1.4,1.6,21.3,78.2,16.3,5.3,0.2,5.9,83904.07350150989
996,Kentucky,Jefferson County,764378,5.0,68.5,21.0,0.1,2.7,0.0,31039,15.0,36.9,15.9,24.7,6.4,16.1,80.9,8.8,2.7,2.0,1.7,3.9,22.2,84.7,10.9,4.2,0.2,6.4,153932.00227560007
997,Kentucky,Jessamine County,51667,3.2,89.6,3.9,0.3,1.4,0.0,28195,18.0,35.7,17.1,22.7,10.2,14.3,79.5,12.1,0.3,2.4,0.7,5.1,23.9,83.2,11.0,5.5,0.3,6.9,165330.52142220142
998,Kentucky,Johnson County,23064,0.4,97.5,0.5,0.1,1.1,0.0,19925,24.1,36.7,18.5,24.8,11.4,8.7,83.6,9.2,0.3,4.8,0.3,1.9,26.7,75.3,19.9,4.8,0.0,9.2,87771.2631479288
999,Kentucky,Kenton County,163987,3.0,88.9,4.3,0.1,1.3,0.0,30195,12.9,37.1,15.2,25.7,7.5,14.5,82.2,9.1,2.4,1.8,1.3,3.3,23.4,86.3,10.0,3.6,0.1,5.3,152854.8001998136
1000,Kentucky,Knott County,15690,0.9,97.2,0.4,0.0,0.1,0.1,17670,32.6,31.2,21.5,24.4,13.0,9.9,82.2,7.6,0.1,5.6,2.4,2.0,29.3,71.1,23.7,5.2,0.0,13.6,60036.559088219685
1002,Kentucky,Larue County,14102,3.2,91.6,3.6,0.0,0.3,0.0,21879,15.8,23.3,13.9,18.3,15.0,29.5,78.9,14.9,0.0,1.7,0.3,4.1,26.7,83.1,10.8,6.0,0.1,6.3,111658.30660407031
1003,Kentucky,Laurel County,59901,1.5,95.9,0.7,0.5,0.5,0.0,20446,24.6,25.4,15.6,28.6,9.0,21.4,86.2,8.8,0.1,1.2,1.0,2.8,20.1,79.5,14.9,5.4,0.2,9.9,104644.83949120769
1004,Kentucky,Lawrence County,15844,0.9,97.2,0.4,0.0,0.4,0.0,18885,24.5,26.2,15.7,28.1,12.8,17.2,82.2,9.7,0.3,0.9,3.5,3.5,31.8,79.2,15.7,5.0,0.0,7.8,88916.4534113831
1006,Kentucky,Letcher County,23011,0.7,97.7,0.3,0.2,0.2,0.0,18085,30.5,35.3,15.9,22.1,13.5,13.2,84.1,9.1,0.7,1.6,0.7,3.8,25.6,75.3,19.8,4.6,0.3,12.2,62068.10824460927
1007,Kentucky,Lewis County,13565,0.2,97.9,0.4,0.8,0.1,0.0,19346,26.1,28.0,18.0,14.6,15.6,23.8,81.0,10.8,0.2,0.9,2.1,5.1,32.4,73.1,14.2,12.8,0.0,7.0,60666.25793209396
1008,Kentucky,Lincoln County,24413,1.6,94.3,2.2,0.2,0.0,0.0,19351,23.8,25.7,21.7,18.3,11.7,22.6,80.0,11.3,0.2,2.0,0.3,6.2,28.2,72.7,15.7,11.6,0.1,8.7,99475.23378616241
1009,Kentucky,Livingston County,9288,1.7,95.8,0.2,0.2,0.2,0.0,24464,16.2,21.8,15.1,20.7,23.0,19.4,85.8,7.8,0.4,0.5,1.5,4.1,25.2,78.3,15.7,5.9,0.0,5.9,75601.34307959273
1010,Kentucky,Logan County,26847,2.7,88.8,6.3,0.2,0.1,0.0,21465,17.4,27.0,15.3,20.5,13.3,23.8,87.4,7.6,0.1,1.3,1.0,2.6,23.3,79.7,12.3,7.7,0.4,6.2,101818.63221346652
1011,Kentucky,Lyon County,8268,1.2,91.0,5.3,0.5,0.5,0.0,27098,14.1,25.6,20.3,24.5,12.9,16.8,87.8,9.1,0.1,0.8,0.9,1.2,20.3,77.5,16.3,6.2,0.0,3.4,90903.1943303835
1012,Kentucky,McCracken County,65285,2.4,83.6,11.1,0.2,0.7,0.0,29881,17.1,34.0,19.4,24.3,9.4,12.9,86.8,6.5,0.4,2.0,1.1,3.2,18.1,79.4,13.2,7.2,0.1,4.9,102351.56441171037
1014,Kentucky,McLean County,9361,1.3,96.3,0.3,0.2,0.6,0.0,22884,19.2,25.1,13.0,21.8,16.3,23.8,88.0,6.2,0.0,2.9,0.4,2.5,27.0,78.1,14.2,7.6,0.1,7.1,69366.7827210695
1015,Kentucky,Madison County,88376,2.3,89.8,4.3,0.3,0.9,0.0,23733,19.5,36.3,19.6,22.4,7.3,14.4,80.2,8.3,0.2,5.7,2.5,3.1,22.6,77.5,18.0,4.4,0.2,6.9,161520.71467804242
1016,Kentucky,Magoffin County,12783,1.0,99.0,0.0,0.0,0.0,0.0,17279,28.6,32.1,16.6,13.6,21.7,16.1,80.5,16.4,0.4,0.9,0.3,1.4,31.8,71.0,27.2,1.8,0.0,10.3,70596.9856716559
1017,Kentucky,Marion County,19335,2.5,87.7,8.5,0.0,0.3,0.0,21823,18.4,27.6,19.1,14.9,9.2,29.2,80.5,11.4,0.4,3.1,0.6,4.0,20.4,73.1,16.8,9.9,0.3,9.4,113000.42669054208
1018,Kentucky,Marshall County,31177,1.4,96.7,0.6,0.1,0.4,0.0,27391,10.8,28.6,15.2,22.3,12.3,21.5,88.1,6.3,0.4,0.8,1.8,2.6,23.2,78.1,15.3,6.5,0.1,6.3,97224.83508448268
1020,Kentucky,Mason County,17167,0.7,89.4,5.8,0.0,0.7,0.0,25285,18.0,29.1,15.4,23.2,13.5,18.9,82.7,11.7,0.3,1.5,0.9,2.9,25.8,81.0,14.7,4.2,0.1,5.8,84021.6713484525
1021,Kentucky,Meade County,28452,3.8,89.5,3.2,0.8,0.6,0.0,25119,13.1,29.6,16.0,19.6,16.4,18.4,86.8,8.7,0.4,0.7,0.5,2.9,30.7,75.7,20.8,3.5,0.0,8.2,132280.07545362707
1022,Kentucky,Menifee County,6381,0.9,97.8,0.1,0.0,0.3,0.0,19744,20.1,20.5,16.9,20.1,9.8,32.7,85.1,10.3,1.6,0.5,0.0,2.5,30.9,70.1,23.5,6.4,0.0,5.4,64518.29422599627
1023,Kentucky,Mercer County,21378,2.7,91.2,4.1,0.1,0.7,0.0,24981,16.7,29.7,17.0,21.0,12.6,19.7,83.8,9.5,0.2,1.1,0.6,4.8,26.4,76.9,14.1,8.0,1.0,9.1,119168.26837860949
1025,Kentucky,Monroe County,10645,3.0,93.6,2.5,0.0,0.2,0.1,21985,23.5,33.4,11.5,18.0,15.4,21.8,82.1,10.0,0.7,0.9,0.5,5.8,23.6,70.1,15.0,13.5,1.3,7.7,60047.79820467361
1026,Kentucky,Montgomery County,27550,2.7,93.0,2.8,0.3,0.0,0.1,21371,23.0,26.0,15.1,24.8,9.8,24.3,81.7,14.7,0.0,0.7,0.7,2.2,22.8,79.7,15.0,5.1,0.3,7.9,114424.25749125914
1027,Kentucky,Morgan County,13281,1.2,93.2,3.3,0.1,0.7,0.0,17089,25.6,30.8,16.9,18.4,15.1,18.8,87.1,9.3,0.0,0.3,1.1,2.2,35.2,65.7,28.5,5.8,0.0,8.1,63527.75857728848
1028,Kentucky,Muhlenberg County,31153,1.5,92.1,4.9,0.2,0.2,0.0,20376,20.5,23.3,19.5,19.7,13.6,23.9,89.1,8.4,0.1,0.5,1.0,1.0,23.8,77.0,17.5,5.2,0.4,9.6,67991.0380971743
1029,Kentucky,Nelson County,45131,2.1,90.6,5.3,0.1,0.4,0.0,28156,11.4,28.3,16.4,19.4,9.5,26.4,85.3,9.6,0.0,1.2,0.4,3.5,26.2,82.7,12.7,4.6,0.0,5.9,135979.1984443916
1030,Kentucky,Nicholas County,7061,1.5,96.0,1.1,0.2,0.0,0.0,21519,27.8,24.8,16.7,19.0,15.2,24.2,76.6,16.6,1.2,1.5,0.2,3.8,32.9,75.9,13.0,10.5,0.6,6.8,77797.59848835645
1031,Kentucky,Ohio County,24062,3.4,94.4,0.9,0.0,0.3,0.0,21368,21.3,26.7,16.2,20.3,16.1,20.5,82.4,13.8,0.3,1.8,0.4,1.2,24.3,79.0,13.7,7.3,0.0,10.0,108639.05584971618
1032,Kentucky,Oldham County,64633,3.8,88.5,3.6,0.2,1.4,0.1,38063,5.6,45.1,13.1,25.3,7.1,9.4,85.1,6.5,0.5,0.6,1.0,6.2,27.7,82.5,12.4,5.1,0.1,3.5,274706.86227228347
1033,Kentucky,Owen County,10686,2.6,94.9,1.8,0.3,0.0,0.1,22802,16.7,27.7,15.7,21.0,8.7,26.9,77.4,13.6,0.4,0.5,1.2,6.8,31.9,74.6,18.6,6.4,0.4,5.3,94706.17683070939
1034,Kentucky,Owsley County,4497,0.5,94.2,4.1,0.3,0.0,0.0,16582,33.0,36.3,16.4,24.4,13.4,9.5,82.3,12.0,0.0,0.6,3.8,1.2,22.6,61.5,30.1,8.4,0.0,12.5,66250.87487194547
1035,Kentucky,Pendleton County,14530,0.6,96.6,0.9,0.1,0.4,0.0,23191,15.1,24.6,12.9,22.2,14.9,25.4,88.4,8.2,0.4,0.2,0.0,2.9,33.9,81.8,12.4,5.8,0.0,4.8,104557.54898137735
1036,Kentucky,Perry County,27329,1.0,95.6,1.6,0.1,0.9,0.1,19890,26.2,31.8,17.0,26.1,12.7,12.4,83.9,8.5,0.3,0.3,4.6,2.5,22.7,75.2,20.5,4.4,0.0,13.1,71011.67331076304
1037,Kentucky,Pike County,61586,0.9,97.0,0.8,0.1,0.5,0.0,20576,26.4,29.6,17.5,25.2,13.8,13.8,82.8,10.1,0.7,2.5,1.1,2.7,24.1,76.3,18.7,4.9,0.1,10.9,57257.57535245046
1039,Kentucky,Pulaski County,63974,2.4,94.2,0.9,0.2,0.7,0.0,21036,25.2,29.3,18.9,23.9,10.2,17.8,85.2,9.8,0.1,1.6,1.6,1.6,21.0,78.1,14.9,6.7,0.2,8.6,88230.7712098958
1040,Kentucky,Robertson County,2161,2.2,94.6,1.9,0.0,0.0,0.0,21764,30.4,30.6,12.8,18.2,16.2,22.1,85.4,10.3,0.0,2.4,0.5,1.5,34.4,78.8,17.7,3.5,0.0,5.9,72981.56280573522
1041,Kentucky,Rockcastle County,16815,0.8,97.5,0.2,1.0,0.1,0.0,19750,21.0,28.4,13.5,23.8,12.2,22.1,85.6,8.0,0.5,3.3,0.9,1.7,24.7,77.1,17.0,5.9,0.0,9.7,73370.98405783805
1042,Kentucky,Rowan County,24392,2.0,94.5,1.4,0.1,0.7,0.0,19032,26.7,34.3,23.0,21.0,8.4,13.3,79.9,12.0,1.0,1.8,1.6,3.7,22.1,75.3,20.5,4.1,0.1,4.5,99891.81914834263
1043,Kentucky,Russell County,17731,3.6,94.0,0.5,0.2,0.5,0.6,18857,25.3,28.3,15.3,18.7,10.8,26.9,86.4,9.2,0.4,1.6,0.2,2.3,20.6,78.6,14.6,6.7,0.0,9.4,72162.0455326169
1044,Kentucky,Scott County,52322,4.3,87.2,4.7,0.2,0.9,0.0,30702,11.5,34.5,15.3,19.1,9.1,22.0,82.9,10.1,0.6,1.9,0.8,3.7,21.1,80.9,14.1,4.8,0.1,4.8,179528.64966677836
1045,Kentucky,Shelby County,45831,9.1,80.4,6.8,0.0,0.8,0.0,30240,12.4,33.3,16.9,23.3,9.7,16.8,82.1,9.5,0.4,2.3,1.3,4.4,25.4,80.6,12.3,6.7,0.3,4.4,189439.06694099377
1046,Kentucky,Simpson County,17881,2.2,85.5,9.5,1.0,0.8,0.0,22663,17.4,25.7,15.6,25.1,8.5,25.1,88.4,6.2,0.2,0.6,2.2,2.5,19.5,81.7,11.2,6.8,0.3,5.1,121620.10002008044
1047,Kentucky,Spencer County,18012,2.0,94.4,1.0,0.0,1.0,0.0,30779,8.7,33.3,12.5,20.4,12.5,21.3,85.6,9.6,0.3,0.9,1.2,2.4,32.0,82.7,12.6,4.7,0.0,5.6,201692.51903880364
1048,Kentucky,Taylor County,25406,2.3,89.8,4.7,0.0,0.9,0.0,19885,23.1,26.1,17.0,26.0,10.3,20.6,82.1,9.1,0.1,3.8,1.3,3.7,19.0,81.8,12.3,5.6,0.3,7.6,110971.7044433483
1049,Kentucky,Todd County,12377,3.8,86.0,7.8,0.1,0.1,0.0,19555,20.1,25.6,12.2,18.6,13.1,30.6,83.8,8.9,0.0,0.8,2.8,3.6,26.4,71.8,17.1,10.7,0.3,6.9,93137.37038667408
1050,Kentucky,Trigg County,14286,2.0,88.3,8.8,0.0,0.4,0.0,26224,15.8,30.8,16.7,21.4,10.4,20.7,84.0,9.0,0.0,2.8,1.0,3.2,26.8,75.0,19.0,5.9,0.2,10.4,75198.37484285758
1051,Kentucky,Trimble County,8697,2.9,94.5,0.0,0.3,0.1,0.3,26542,15.2,24.7,16.7,21.6,15.8,21.2,82.1,11.3,0.0,0.2,1.6,4.9,28.7,79.7,13.3,6.3,0.6,10.5,119241.10314789145
1052,Kentucky,Union County,14915,1.9,82.6,13.1,0.1,0.3,0.0,21758,22.9,22.4,18.3,17.8,20.5,21.0,78.7,7.9,0.6,11.0,1.3,0.5,20.3,70.3,23.1,6.3,0.2,7.3,73160.9552859913
1053,Kentucky,Warren County,123824,5.1,79.6,9.2,0.4,3.3,0.2,25840,18.0,32.5,17.5,25.4,7.1,17.5,81.2,11.4,0.3,3.2,1.0,2.9,20.2,81.1,14.3,4.5,0.1,5.6,167462.16590107913
1054,Kentucky,Washington County,11999,4.3,87.7,5.2,0.0,0.8,0.0,22611,17.0,26.8,15.7,18.5,12.2,26.9,81.6,9.9,1.1,1.3,2.0,4.0,26.5,74.8,14.6,10.4,0.3,5.7,111613.86551984539
1055,Kentucky,Wayne County,20692,3.1,93.5,1.4,0.1,0.2,0.0,17627,23.2,25.8,19.4,22.3,11.1,21.5,85.2,8.2,0.8,1.8,0.8,3.2,20.9,74.9,19.2,5.7,0.2,10.1,75917.46793015265
1056,Kentucky,Webster County,13180,5.2,88.6,3.9,0.1,0.0,0.0,21150,21.4,26.7,16.2,17.6,16.2,23.2,82.3,12.3,0.1,3.2,0.5,1.6,25.3,81.4,12.4,6.1,0.1,6.1,63659.07637708462
1057,Kentucky,Whitley County,36027,1.2,96.1,1.2,0.3,0.1,0.0,18463,25.2,31.0,17.6,25.9,9.2,16.3,81.6,11.1,0.6,4.1,0.6,2.0,20.6,73.4,22.1,4.6,0.0,9.2,87439.02746797747
1059,Kentucky,Woodford County,25817,6.6,86.5,4.4,0.0,0.3,0.0,31208,14.5,40.0,16.6,19.3,11.4,12.8,82.0,8.8,0.1,2.5,1.4,5.3,21.9,76.6,15.1,8.2,0.0,3.8,194209.01166051583
1060,Louisiana,Acadia Parish,62607,2.4,77.5,17.6,0.1,0.1,0.0,21591,21.5,27.6,16.9,25.7,15.0,14.8,83.2,10.3,0.2,1.6,2.2,2.5,27.6,80.0,12.1,7.6,0.3,8.9,127895.08034896739
1061,Louisiana,Allen Parish,25667,4.9,71.1,19.0,1.8,0.7,0.0,20103,16.6,29.1,23.1,21.3,15.0,11.5,84.3,9.8,0.7,0.7,2.2,2.3,28.3,72.8,23.8,3.2,0.2,9.4,110363.05203400318
1062,Louisiana,Ascension Parish,119129,5.3,69.4,21.8,0.0,0.9,0.0,31520,11.7,37.3,15.0,23.5,11.0,13.1,87.1,7.8,0.1,0.5,1.0,3.6,30.0,80.7,14.1,5.2,0.1,6.3,215255.91338395633
1063,Louisiana,Assumption Parish,22881,2.8,65.8,29.7,0.6,0.3,0.0,25765,15.7,26.1,18.6,20.9,18.3,16.1,87.3,8.2,0.2,1.0,1.8,1.5,29.6,81.4,13.9,4.1,0.7,6.9,140614.0862476573
1064,Louisiana,Avoyelles Parish,41095,1.8,65.3,30.1,1.2,0.1,0.1,20199,23.7,31.6,24.4,17.4,12.6,14.0,85.2,9.0,0.2,2.0,2.0,1.6,30.2,75.3,19.7,4.9,0.1,7.7,157926.60364200827
1065,Louisiana,Beauregard Parish,36598,3.7,80.0,12.7,0.6,0.4,0.0,24551,17.3,29.2,16.2,21.2,18.2,15.3,80.6,12.0,0.3,1.8,3.6,1.6,30.1,76.5,18.2,5.2,0.1,7.4,163265.50814575664
1066,Louisiana,Bienville Parish,13806,1.7,54.3,41.5,0.1,0.0,0.0,22701,25.3,30.0,15.8,19.1,13.9,21.2,86.0,8.6,0.2,1.6,0.8,2.8,32.6,68.9,23.4,6.8,0.9,7.4,79939.43007103029
1067,Louisiana,Bossier Parish,125698,6.5,67.6,21.6,0.5,1.5,0.1,27235,16.4,37.0,17.5,24.1,11.4,9.9,86.9,7.0,0.3,1.4,1.4,3.0,21.7,76.0,18.8,5.0,0.1,5.8,171948.27453239312
1068,Louisiana,Caddo Parish,251069,2.8,45.6,48.3,0.4,1.2,0.0,25565,23.4,33.1,21.5,24.4,8.9,12.0,86.4,7.2,1.8,1.2,1.0,2.4,20.9,81.2,14.1,4.6,0.1,7.0,112517.58568263106
1069,Louisiana,Calcasieu Parish,198753,3.2,68.2,24.6,0.3,1.4,0.0,26569,16.8,30.6,21.1,22.5,12.6,13.2,86.1,8.2,0.3,1.5,1.8,2.1,20.5,80.9,14.0,5.0,0.1,6.6,196599.35730612534
1070,Louisiana,Caldwell Parish,10000,3.1,79.1,16.8,0.6,0.2,0.0,20961,26.2,23.8,25.4,24.3,14.8,11.7,84.4,7.2,0.0,4.4,2.3,1.7,23.7,69.9,25.4,4.6,0.0,9.4,117184.2364769777
1071,Louisiana,Cameron Parish,6806,5.5,91.3,2.8,0.0,0.3,0.0,29681,8.7,24.9,12.0,26.8,17.8,18.5,86.7,8.6,0.2,0.8,2.8,0.9,33.6,76.5,16.3,7.0,0.3,3.0,191856.28029773035
1072,Louisiana,Catahoula Parish,10044,1.5,66.0,31.9,0.1,0.2,0.0,20717,21.8,32.0,19.4,20.6,18.2,9.9,91.3,5.7,0.0,1.0,1.5,0.6,23.3,67.0,22.6,10.1,0.4,5.6,101917.17750264639
1074,Louisiana,Concordia Parish,20211,1.3,56.9,41.1,0.1,0.2,0.1,17551,31.2,24.1,21.7,28.7,14.6,10.8,91.4,5.1,0.3,1.2,1.3,0.8,20.2,76.7,16.9,6.4,0.0,9.2,79961.2911780011
1075,Louisiana,De Soto Parish,27164,2.8,58.2,36.7,1.1,0.2,0.1,23471,26.3,28.0,17.7,23.0,14.7,16.7,86.2,9.6,0.7,0.9,0.5,2.1,29.2,81.4,15.2,3.3,0.1,10.6,139465.4247910258
1076,Louisiana,East Baton Rouge Parish,446167,4.0,45.2,45.6,0.1,3.4,0.0,30162,19.1,38.1,18.7,24.4,8.4,10.5,82.9,9.8,1.6,1.8,1.2,2.8,23.6,78.6,16.7,4.5,0.1,6.9,169298.90834852576
1077,Louisiana,East Feliciana Parish,19553,1.5,52.9,44.4,0.3,0.2,0.0,21138,17.9,27.0,22.6,22.2,14.5,13.7,88.1,7.2,0.1,1.8,0.2,2.5,30.6,71.2,24.6,3.9,0.4,6.1,175389.36683765022
1078,Louisiana,Evangeline Parish,33750,3.4,67.0,27.4,0.1,0.4,0.0,18655,26.4,27.7,20.1,21.7,15.8,14.7,87.5,6.4,0.0,2.9,1.7,1.4,28.3,78.3,13.8,7.9,0.0,11.9,99306.73815531452
1079,Louisiana,Franklin Parish,20388,0.2,65.3,33.4,0.0,0.0,0.0,18786,28.8,25.5,15.2,28.5,17.9,12.9,86.7,5.6,0.2,1.9,2.6,3.0,21.8,75.8,14.1,10.0,0.1,8.8,82910.24940305484
1080,Louisiana,Grant Parish,22305,4.9,76.6,15.2,1.3,0.2,0.0,18509,20.2,25.7,20.3,21.6,15.3,17.0,79.0,14.7,0.6,0.7,2.9,2.2,34.5,73.6,21.6,4.7,0.1,7.9,135267.59552407774
1081,Louisiana,Iberia Parish,73346,4.0,59.2,31.4,0.1,2.8,0.0,23410,20.4,26.4,19.0,24.9,15.2,14.4,84.2,9.5,0.4,2.2,2.1,1.6,24.2,80.6,12.9,6.5,0.1,11.2,124158.42804661348
1082,Louisiana,Iberville Parish,33122,2.5,47.7,48.7,0.3,0.1,0.0,22252,19.3,26.9,22.1,25.1,11.9,13.9,85.2,8.0,0.7,2.3,2.1,1.8,24.9,76.1,19.6,4.2,0.0,7.5,138946.89497519188
1083,Louisiana,Jackson Parish,15952,1.6,66.9,30.1,0.1,0.5,0.0,20109,25.4,27.0,20.0,23.6,14.6,14.8,82.0,10.8,0.3,1.2,1.8,4.0,30.1,73.0,20.6,5.8,0.6,6.2,91323.54801910043
1084,Louisiana,Jefferson Parish,437038,14.3,53.4,26.1,0.3,4.2,0.0,28839,16.3,32.6,19.2,24.4,13.1,10.6,82.0,10.9,1.1,1.6,1.6,2.8,24.0,82.2,11.5,6.1,0.2,5.9,203458.55445575505
1085,Louisiana,Jefferson Davis Parish,31405,2.3,78.6,16.3,0.7,0.4,0.0,23068,19.6,27.0,19.3,22.4,17.0,14.3,81.9,11.3,0.0,1.5,3.7,1.6,30.8,75.0,19.0,5.8,0.2,9.1,128202.24907356159
1086,Louisiana,Lafayette Parish,238230,4.6,66.1,25.6,0.2,1.8,0.0,30656,16.6,35.7,18.8,24.1,10.8,10.6,83.5,9.1,0.7,1.9,1.8,3.0,24.1,81.6,10.7,7.5,0.2,5.1,201380.48553137644
1089,Louisiana,Lincoln Parish,47536,2.9,53.2,40.4,0.2,1.8,0.0,21934,31.2,36.3,22.8,22.7,7.0,11.2,81.9,10.1,0.1,3.2,1.6,3.3,19.3,69.8,24.7,5.6,0.0,8.8,169812.11465895592
1090,Louisiana,Livingston Parish,137096,3.5,88.4,5.9,0.2,0.5,0.0,27280,13.2,30.4,16.1,24.3,15.0,14.2,87.9,8.2,0.1,0.4,0.7,2.7,33.8,80.3,15.3,4.3,0.1,5.8,180595.2236074762
1091,Louisiana,Morehouse Parish,26290,1.3,49.5,47.9,0.1,0.4,0.0,18776,27.6,24.7,18.6,22.7,14.2,19.8,89.7,7.7,0.1,0.7,1.1,0.8,23.2,85.4,10.3,4.1,0.3,6.1,82966.55296321977
1092,Louisiana,Natchitoches Parish,39051,2.2,52.7,40.9,1.1,0.7,0.0,18219,31.9,27.7,17.3,23.4,10.5,21.0,84.3,10.3,0.5,2.0,1.3,1.7,22.9,76.7,19.6,3.7,0.0,13.6,156248.64526820977
1094,Louisiana,Ouachita Parish,156433,2.2,58.3,37.4,0.2,1.0,0.0,22538,24.5,33.8,18.8,26.7,9.0,11.7,85.6,9.1,1.1,0.9,1.1,2.2,19.9,80.9,14.7,4.3,0.1,7.0,135364.7535107742
1095,Louisiana,Plaquemines Parish,23394,6.7,65.2,20.6,0.8,3.3,0.0,26177,19.3,32.4,18.4,18.9,18.0,12.3,84.2,10.9,0.2,2.2,1.1,1.4,25.8,74.8,18.4,6.5,0.3,3.0,251779.7671510876
1096,Louisiana,Pointe Coupee Parish,22271,2.5,60.4,35.4,0.3,0.2,0.0,27160,17.5,22.6,21.1,26.6,16.3,13.3,80.4,8.9,0.9,2.7,4.5,2.7,29.1,78.4,15.9,5.0,0.7,8.3,140603.80337060805
1097,Louisiana,Rapides Parish,132080,3.0,61.4,31.9,0.6,1.6,0.0,23486,19.5,32.4,22.3,23.1,10.2,12.0,82.2,9.7,1.7,1.8,2.3,2.3,22.5,74.3,20.9,4.5,0.3,7.7,132040.7271028573
1098,Louisiana,Red River Parish,8723,1.9,57.0,37.5,0.4,0.0,0.0,25154,20.4,27.0,19.0,20.4,18.7,15.0,82.8,6.9,0.3,0.7,4.1,5.2,33.9,76.0,20.1,3.9,0.0,4.7,129777.65636927677
1099,Louisiana,Richland Parish,20619,2.1,60.5,35.8,0.0,0.5,0.0,19975,28.2,24.8,24.6,23.5,14.5,12.7,87.9,8.7,0.2,0.9,1.2,1.0,20.8,81.0,15.8,3.1,0.1,7.0,122566.59790735734
1100,Louisiana,Sabine Parish,24145,3.8,68.1,16.5,7.5,0.4,0.0,22980,19.6,29.0,16.3,19.6,18.5,16.6,79.3,11.6,0.3,3.0,3.1,2.7,32.1,82.5,12.5,4.6,0.4,9.5,158301.856580305
1101,Louisiana,Tangipahoa Parish,128850,4.1,63.5,29.4,0.3,0.7,0.0,23520,21.9,29.0,19.2,26.0,12.1,13.7,78.7,14.6,0.4,1.5,1.6,3.2,31.3,79.4,15.1,5.4,0.1,8.9,181155.04991718082
1102,Louisiana,Terrebonne Parish,113067,5.0,67.1,19.2,5.4,0.9,0.1,24017,20.1,26.8,17.7,23.6,14.9,17.0,81.1,10.5,0.3,1.2,3.5,3.4,22.7,82.4,11.4,6.1,0.1,6.1,167908.83148356754
1103,Louisiana,Union Parish,22537,4.7,68.6,25.3,0.1,0.1,0.1,20742,22.0,25.1,18.2,19.6,18.6,18.6,85.6,8.4,0.7,1.0,1.8,2.5,31.9,79.0,14.1,6.9,0.0,6.6,123213.12695985135
1104,Louisiana,Vermilion Parish,59841,3.3,78.4,14.2,0.5,2.2,0.0,23608,17.9,26.0,17.3,25.3,17.1,14.2,81.0,11.3,0.1,3.2,1.6,2.8,28.7,81.1,12.9,6.1,0.0,7.3,150530.92440524828
1105,Louisiana,Vernon Parish,51906,9.4,70.1,14.1,1.4,1.7,0.4,22583,16.9,30.7,19.2,24.1,16.4,9.5,85.0,8.4,0.1,2.6,1.9,1.9,21.6,64.8,30.8,4.3,0.1,8.7,143453.776760659
1106,Louisiana,Washington Parish,46449,2.1,65.8,30.1,0.3,0.2,0.0,18345,26.3,24.7,21.6,24.0,15.4,14.3,81.1,12.8,0.1,1.4,2.0,2.6,33.0,76.0,18.3,5.5,0.2,12.3,116171.05358277983
1107,Louisiana,Webster Parish,40043,1.8,62.2,34.2,0.3,0.3,0.1,19256,24.9,25.6,19.3,21.0,16.1,17.9,88.1,7.0,0.4,1.5,0.8,2.2,24.2,77.1,16.5,6.2,0.2,6.5,132887.1817093353
1108,Louisiana,West Baton Rouge Parish,25518,3.0,56.8,38.5,0.3,0.3,0.0,28140,17.9,31.9,17.3,22.1,12.7,16.0,89.4,6.9,0.4,1.2,1.4,0.8,23.8,77.1,17.8,5.0,0.0,5.7,191719.28298708424
1109,Louisiana,West Carroll Parish,11274,3.2,79.6,15.9,0.2,0.0,0.1,22857,22.0,31.2,12.3,26.2,17.9,12.3,87.0,9.5,0.0,0.7,1.5,1.4,23.3,75.9,17.1,6.7,0.3,10.2,112805.72632499515
1111,Louisiana,Winn Parish,14631,1.9,65.2,31.2,0.5,0.0,0.0,18417,27.3,27.5,18.7,20.9,16.6,16.3,85.1,10.4,1.2,1.2,1.3,0.9,27.3,72.5,23.0,4.5,0.0,6.0,97455.39966593719
1112,Maine,Androscoggin County,107317,1.8,91.1,1.6,0.2,0.8,0.0,26276,14.3,33.2,19.3,23.5,9.8,14.1,78.8,11.2,0.2,4.0,1.7,4.1,24.2,82.1,11.2,6.5,0.1,5.2,155023.23158799118
1113,Maine,Aroostook County,68840,1.1,94.5,0.9,1.7,0.4,0.0,23631,17.5,31.6,18.6,22.3,12.9,14.8,80.1,9.8,0.1,4.2,1.6,4.3,17.6,75.0,16.4,8.4,0.2,5.3,88426.21821704703
1114,Maine,Cumberland County,289173,2.0,90.7,2.8,0.2,2.1,0.0,36780,10.7,45.1,16.2,23.8,7.1,7.8,76.7,8.2,1.4,4.9,1.8,7.0,22.9,81.8,10.4,7.7,0.1,4.0,284616.25975628855
1115,Maine,Franklin County,30177,1.3,95.8,0.3,0.4,0.5,0.1,24162,12.4,32.0,20.4,22.3,12.7,12.5,76.0,10.4,0.4,6.1,1.2,6.0,23.7,74.3,15.5,10.0,0.2,6.1,142640.73946300027
1116,Maine,Hancock County,54468,1.3,95.1,0.8,0.4,1.0,0.1,31178,11.6,34.0,20.8,20.7,15.3,9.1,73.6,12.6,0.7,5.2,1.4,6.5,23.1,72.5,12.6,14.8,0.1,5.7,226133.00733777977
1117,Maine,Kennebec County,121289,1.5,94.9,0.8,0.6,0.9,0.0,27336,14.1,37.1,17.8,25.5,9.9,9.8,80.1,9.3,0.2,4.4,1.1,4.8,23.4,73.1,19.7,7.1,0.1,5.7,148102.36724391545
1118,Maine,Knox County,39700,1.3,95.6,0.6,0.4,0.6,0.0,29806,11.6,33.6,17.2,23.9,15.3,10.0,76.8,9.8,0.3,4.8,1.8,6.6,17.4,73.0,12.3,14.7,0.1,4.7,218331.12348347972
1119,Maine,Lincoln County,34021,1.1,96.2,0.3,0.5,0.9,0.0,31522,11.8,34.5,19.7,19.1,15.6,11.0,76.8,10.4,0.6,3.3,1.8,7.0,24.8,73.4,12.5,14.1,0.1,3.4,222276.72236033075
1120,Maine,Oxford County,57230,1.2,95.6,0.3,0.3,0.6,0.0,22862,15.2,27.7,20.8,20.8,14.6,16.0,81.4,10.0,0.2,2.3,1.0,5.0,28.4,77.8,12.1,9.8,0.2,6.3,148803.65803122445
1121,Maine,Penobscot County,152284,1.3,94.0,0.8,1.0,1.0,0.0,26347,15.9,35.5,20.2,24.5,9.9,10.0,79.7,10.8,0.6,3.4,1.4,4.1,22.5,78.2,15.5,6.2,0.1,6.5,139238.363118051
1122,Maine,Piscataquis County,16960,1.4,95.4,0.4,0.7,0.6,0.0,23464,18.7,29.3,18.9,17.7,13.4,20.7,80.0,8.9,0.2,3.6,1.3,6.0,25.4,75.7,14.7,9.5,0.1,7.8,109530.66331937874
1123,Maine,Sagadahoc County,35149,1.6,94.9,0.7,0.1,0.6,0.0,32947,11.3,36.8,17.9,21.6,12.7,10.9,80.1,9.0,0.1,3.9,1.2,5.7,22.9,76.9,14.3,8.8,0.0,4.1,210329.52150672124
1124,Maine,Somerset County,50994,1.0,96.0,0.4,0.4,0.3,0.0,22641,17.8,27.4,18.5,22.8,14.5,16.9,82.4,9.2,0.1,2.3,1.9,4.2,24.4,79.7,12.5,7.8,0.1,8.8,107322.43344718056
1125,Maine,Waldo County,39280,1.2,95.8,0.5,0.3,0.4,0.0,27763,14.3,35.9,17.5,21.8,12.6,12.1,75.9,10.6,0.4,3.9,1.3,7.9,26.4,72.8,13.8,13.2,0.1,6.5,173077.56176043392
1126,Maine,Washington County,31822,1.9,90.1,0.4,4.7,0.5,0.0,24311,18.2,28.9,19.8,18.1,18.7,14.5,73.6,13.2,0.3,5.1,1.4,6.3,20.9,65.4,18.6,15.9,0.2,7.9,97353.393869762
1127,Maine,York County,201454,1.6,94.6,0.8,0.4,1.2,0.0,33635,8.5,35.6,18.2,23.7,10.0,12.5,80.1,9.5,0.7,2.4,1.6,5.7,28.0,77.5,14.5,7.9,0.1,4.8,267709.8897364822
1128,Maryland,Allegany County,72591,1.7,87.3,8.0,0.2,0.8,0.0,22355,16.8,29.9,23.4,24.8,8.8,13.1,82.5,9.7,0.5,4.4,1.2,1.7,20.9,73.6,22.6,3.7,0.0,9.0,95168.82205705892
1129,Maryland,Anne Arundel County,564600,7.3,69.6,15.9,0.1,3.6,0.1,43258,6.1,47.0,15.4,23.0,7.5,7.1,80.1,7.5,3.6,2.3,1.4,5.1,30.2,72.2,23.3,4.4,0.1,5.2,349654.66833754553
1130,Maryland,Baltimore County,828637,5.1,58.7,27.5,0.2,5.9,0.0,37270,9.1,43.4,16.6,24.4,7.0,8.6,79.2,8.7,4.8,1.8,1.5,4.0,29.5,77.2,17.8,4.8,0.2,5.5,245436.9781505262
1132,Maryland,Caroline County,32785,6.9,76.3,13.2,0.1,0.6,0.0,25355,16.5,27.6,21.5,22.0,16.8,12.2,83.7,8.6,0.9,2.4,1.7,2.6,32.1,75.1,16.8,8.0,0.1,6.5,189266.1363020075
1133,Maryland,Carroll County,167319,3.2,89.8,3.3,0.2,1.7,0.0,39690,5.5,44.0,15.5,22.3,10.6,7.7,85.5,6.9,0.8,1.4,0.7,4.7,35.6,76.5,18.7,4.8,0.0,4.0,325466.33575996064
1134,Maryland,Cecil County,102416,4.1,85.8,6.4,0.3,1.4,0.0,32542,9.4,35.2,16.3,21.5,12.9,14.1,82.9,8.4,1.2,1.6,1.4,4.6,29.3,78.6,17.1,4.2,0.1,5.8,228714.08238386756
1136,Maryland,Dorchester County,32386,5.0,63.8,26.8,0.1,1.0,0.0,28911,15.4,31.8,20.0,23.4,10.2,14.6,78.4,14.9,0.8,2.1,1.3,2.6,26.3,73.3,19.6,6.9,0.2,8.3,151636.46732237175
1137,Maryland,Frederick County,246105,8.8,74.8,8.8,0.2,4.5,0.1,39566,7.2,46.1,15.5,22.3,8.8,7.4,78.1,9.6,2.9,2.1,1.2,6.1,35.0,73.9,20.6,5.3,0.2,5.1,322387.04762003414
1138,Maryland,Garrett County,29516,1.1,96.6,0.6,0.1,0.4,0.0,26303,11.4,33.8,17.5,18.8,16.5,13.4,79.5,9.9,0.6,3.7,0.6,5.7,24.2,74.6,16.0,9.3,0.2,4.8,200947.82061946054
1139,Maryland,Harford County,250132,4.2,77.0,13.1,0.2,2.6,0.0,37972,7.5,43.3,15.2,24.5,7.9,9.1,83.4,8.6,1.7,1.2,0.8,4.4,32.1,74.9,20.9,4.1,0.1,5.2,278145.59441445844
1141,Maryland,Kent County,19666,4.3,78.1,14.8,0.2,1.1,0.0,32217,13.1,36.5,19.8,23.3,11.0,9.4,67.8,7.9,1.8,10.0,1.6,11.0,26.7,76.0,14.2,9.4,0.4,4.8,220252.12949763797
1143,Maryland,Somerset County,25801,3.5,51.5,41.8,0.4,1.0,0.0,18395,22.5,28.9,26.3,22.0,10.8,12.1,81.6,6.2,0.8,5.6,1.4,4.5,24.9,63.9,30.2,5.8,0.1,10.2,113956.03123470179
1145,Maryland,Washington County,149546,4.5,80.4,10.0,0.1,1.7,0.0,28742,12.8,33.2,19.3,23.6,10.2,13.7,80.8,9.8,1.4,2.1,1.1,4.8,29.3,77.4,17.3,5.1,0.1,6.8,199251.75029066415
1146,Maryland,Wicomico County,102014,5.0,63.9,25.1,0.2,3.2,0.1,27755,15.9,32.7,20.8,24.5,9.3,12.7,83.6,8.6,0.6,2.4,1.5,3.3,21.2,75.3,19.4,5.2,0.1,7.6,157018.4911744555
1147,Maryland,Worcester County,51559,3.4,80.0,13.4,0.2,1.3,0.1,34425,10.3,35.5,22.3,25.7,9.2,7.4,80.5,7.3,2.2,2.6,1.9,5.5,24.3,75.5,17.3,7.1,0.1,7.1,243879.06806556627
1148,Massachusetts,Barnstable County,213900,2.7,90.2,2.7,0.4,1.5,0.1,40886,7.5,37.9,21.2,23.4,10.6,7.0,81.1,7.2,1.3,2.5,1.5,6.3,23.3,75.1,12.6,12.1,0.2,5.5,399864.61587851896
1149,Massachusetts,Berkshire County,127751,4.3,89.0,2.6,0.2,1.6,0.0,33245,11.3,37.7,21.5,23.0,8.9,8.9,77.8,7.9,1.4,6.0,1.4,5.6,20.0,78.9,12.9,8.0,0.2,6.8,207376.13615215765
1150,Massachusetts,Bristol County,557016,7.3,82.8,3.5,0.0,2.2,0.0,32406,12.2,36.2,18.8,23.2,9.5,12.3,81.8,8.6,2.8,2.5,0.9,3.4,28.0,82.2,12.9,4.8,0.1,6.9,301457.77739324176
1152,Massachusetts,Essex County,775860,19.6,72.0,3.1,0.1,3.4,0.0,38604,10.9,41.2,18.7,22.5,7.0,10.6,74.2,8.5,5.9,3.3,2.4,5.7,29.8,82.0,11.7,6.1,0.2,6.0,411974.30836104316
1153,Massachusetts,Franklin County,70926,3.8,91.2,1.2,0.2,1.5,0.1,33010,10.9,41.5,18.6,20.2,8.9,10.7,76.8,9.5,1.8,4.2,1.1,6.6,24.2,71.9,17.6,10.2,0.3,5.8,208572.0334919625
1154,Massachusetts,Hampden County,469188,23.9,64.1,7.8,0.1,2.2,0.0,28072,17.2,34.2,21.1,24.0,7.6,13.0,82.2,8.0,2.0,3.0,1.3,3.6,22.6,80.1,14.9,4.9,0.1,8.0,195780.78239720725
1155,Massachusetts,Hampshire County,161197,5.4,84.2,2.8,0.1,5.3,0.0,32198,13.8,45.7,19.2,21.4,6.6,7.1,71.4,6.8,3.2,9.2,2.0,7.4,23.2,72.5,20.1,7.3,0.1,6.5,260698.01451714514
1159,Massachusetts,Plymouth County,509114,3.7,81.9,8.8,0.1,1.2,0.0,39247,8.0,38.8,19.2,24.6,8.2,9.2,80.4,7.0,5.7,1.4,1.0,4.5,33.0,81.5,13.0,5.5,0.1,6.0,365879.047444844
1161,Massachusetts,Worcester County,818249,10.8,77.9,4.3,0.2,4.7,0.0,34691,11.1,41.7,17.3,22.5,7.6,10.9,80.7,8.4,1.7,2.7,1.5,5.1,28.7,81.5,12.9,5.3,0.2,6.1,268835.033798347
1162,Michigan,Alcona County,10413,1.4,96.0,0.3,0.5,0.4,0.0,24463,14.9,23.5,20.9,22.9,13.2,19.6,80.8,9.6,0.2,1.8,2.3,5.3,24.0,78.3,14.0,7.5,0.2,9.3,147698.57671588816
1163,Michigan,Alger County,9254,1.4,84.2,7.2,3.3,0.1,0.0,21771,13.0,27.9,23.2,23.1,8.1,17.7,72.9,11.1,2.0,4.3,1.8,8.0,21.3,77.1,17.6,5.3,0.0,6.9,149790.393574185
1164,Michigan,Allegan County,114145,7.2,88.7,1.3,0.5,0.6,0.0,27172,10.8,30.3,14.7,20.1,12.4,22.5,86.0,7.6,0.3,1.4,0.7,4.1,23.9,86.3,7.7,5.9,0.2,3.6,178093.1633387752
1165,Michigan,Alpena County,28730,1.3,96.0,0.5,0.4,0.4,0.1,24030,15.0,29.5,19.8,26.1,10.0,14.6,82.9,8.4,0.7,2.7,1.2,3.9,16.9,83.0,10.4,6.4,0.2,6.4,111574.97611155447
1166,Michigan,Antrim County,23133,2.1,95.0,0.3,0.8,0.3,0.0,29307,12.6,27.5,21.6,22.5,10.8,17.7,74.7,14.5,0.7,1.9,1.0,7.3,25.0,79.6,9.9,10.3,0.2,6.1,172492.27230517447
1167,Michigan,Arenac County,15238,2.0,94.9,0.5,1.3,0.4,0.0,22622,18.5,25.6,21.1,22.0,11.6,19.7,83.6,8.2,0.7,3.1,1.5,3.0,27.2,82.6,10.2,7.0,0.3,9.6,91440.78128870932
1168,Michigan,Baraga County,8580,1.5,73.1,15.8,4.7,0.5,0.0,18975,14.4,25.8,22.5,24.1,10.1,17.5,83.2,8.5,0.0,3.5,0.9,4.0,19.0,77.6,16.6,5.4,0.4,6.0,103294.71953941497
1169,Michigan,Barry County,59607,2.7,94.6,0.4,0.2,0.5,0.0,27166,9.3,29.0,16.4,22.6,12.5,19.5,84.8,7.6,0.2,2.5,0.8,4.2,28.4,84.4,9.4,6.1,0.1,6.2,157552.0497259424
1170,Michigan,Bay County,105350,5.2,90.4,1.5,0.2,0.6,0.0,25462,16.3,29.4,20.4,25.0,8.8,16.4,86.2,7.6,0.7,1.4,0.9,3.2,22.1,83.8,10.6,5.5,0.1,7.4,93439.4785748034
1171,Michigan,Benzie County,17462,2.4,93.9,0.3,1.4,0.4,0.0,26790,10.0,31.0,20.5,22.9,13.4,12.2,75.9,13.4,1.2,1.8,1.5,6.1,26.2,78.1,14.8,6.9,0.2,6.5,195045.7882157206
1172,Michigan,Berrien County,154948,5.2,75.1,14.6,0.3,1.9,0.0,27505,17.2,34.2,18.5,22.3,9.0,16.0,82.0,8.6,0.6,2.7,1.7,4.5,19.3,84.9,9.0,5.9,0.2,7.3,150578.2334578296
1173,Michigan,Branch County,43543,4.5,90.9,2.3,0.3,0.5,0.0,22977,15.9,22.8,18.4,22.1,10.3,26.5,83.7,8.9,0.4,1.3,1.4,4.3,22.5,82.7,10.5,6.6,0.2,4.6,124567.40750544165
1174,Michigan,Calhoun County,134327,5.0,78.3,10.6,0.6,2.1,0.0,24859,17.4,29.0,19.6,21.4,7.5,22.5,82.2,9.7,0.7,3.1,1.0,3.2,20.2,82.5,12.4,4.9,0.1,7.4,97632.22277661359
1175,Michigan,Cass County,51397,3.7,86.4,4.8,1.1,0.8,0.0,28019,13.6,28.6,15.0,21.0,11.6,23.7,83.2,9.6,0.1,1.5,1.1,4.6,25.1,85.9,8.7,5.3,0.1,7.8,151841.9338152266
1176,Michigan,Charlevoix County,26160,1.8,94.0,0.4,1.2,0.4,0.1,31730,11.6,30.7,19.9,23.1,10.4,15.9,79.0,11.2,0.9,2.4,0.8,5.7,20.4,81.6,9.4,8.6,0.4,6.2,195793.73730156795
1177,Michigan,Cheboygan County,25475,1.3,92.2,0.8,2.0,0.4,0.0,24956,16.8,26.8,21.1,24.4,13.9,13.8,81.3,10.8,1.0,1.4,1.3,4.3,26.8,80.2,12.0,7.5,0.4,10.7,134181.26636364413
1178,Michigan,Chippewa County,38023,1.8,70.1,6.4,13.9,1.0,0.1,21958,17.1,29.1,27.0,23.5,7.6,12.7,77.4,11.7,0.8,5.1,1.4,3.6,16.8,65.8,26.7,7.0,0.6,9.0,100883.02011639187
1179,Michigan,Clare County,30597,1.9,95.1,0.5,0.5,0.3,0.0,21198,23.6,25.1,21.6,22.6,12.4,18.3,79.5,9.4,1.1,2.5,1.7,5.9,28.0,79.7,10.5,9.3,0.5,11.5,78537.39938967711
1180,Michigan,Clinton County,77321,4.4,90.2,1.7,0.1,1.5,0.0,32792,10.1,40.4,15.7,22.7,8.7,12.4,85.9,6.5,1.0,1.4,0.6,4.6,23.3,77.0,17.0,5.8,0.2,4.3,177380.93134407015
1181,Michigan,Crawford County,13821,1.8,95.0,0.7,0.5,0.6,0.1,22891,16.4,26.1,22.9,22.5,11.0,17.4,77.3,12.9,0.2,4.0,1.4,4.2,20.8,75.9,16.6,7.1,0.5,10.4,88492.76284748262
1182,Michigan,Delta County,36395,1.2,93.2,0.3,1.8,0.4,0.0,25582,14.4,28.1,18.0,23.6,10.9,19.4,81.0,10.5,0.7,2.7,1.5,3.6,19.9,80.5,13.9,5.2,0.4,6.5,105338.31691206449
1183,Michigan,Dickinson County,25694,1.4,95.6,0.6,0.8,0.6,0.0,25998,15.2,35.4,17.1,20.9,11.6,15.1,84.3,8.8,0.3,2.5,1.7,2.3,17.0,81.7,13.2,4.9,0.3,6.0,96973.60407249925
1184,Michigan,Eaton County,108586,5.2,83.4,6.5,0.5,2.1,0.0,30064,10.9,34.2,16.5,24.9,8.2,16.2,84.4,9.0,1.0,1.7,0.9,2.9,22.3,78.0,17.3,4.6,0.1,5.8,150993.6861374137
1185,Michigan,Emmet County,32978,1.6,91.4,0.5,2.2,0.6,0.1,31356,10.7,35.0,22.0,23.0,10.3,9.8,78.5,9.6,0.2,4.2,1.6,5.9,19.1,82.1,9.2,8.6,0.2,6.1,228467.3815666768
1186,Michigan,Genesee County,410881,3.3,72.5,19.8,0.4,1.0,0.0,25180,20.0,31.5,19.5,24.2,8.3,16.5,84.6,9.1,1.2,1.3,0.7,3.1,26.0,85.0,9.9,5.0,0.2,10.8,94702.9230052315
1187,Michigan,Gladwin County,25324,1.5,96.2,0.4,0.5,0.5,0.0,23491,20.2,24.7,17.8,22.6,14.9,20.0,81.0,8.8,0.6,3.8,2.2,3.6,30.4,81.3,10.6,7.4,0.8,7.4,99491.84931148023
1188,Michigan,Gogebic County,15577,1.3,89.6,4.2,2.7,0.3,0.1,22297,20.4,27.3,25.0,16.6,12.1,19.0,80.2,10.8,0.5,3.7,1.8,3.0,17.3,74.2,20.4,5.2,0.2,6.7,65195.75143087829
1189,Michigan,Grand Traverse County,91222,2.7,92.6,1.1,0.9,0.6,0.1,31701,9.7,36.7,18.4,25.8,7.7,11.3,80.4,9.0,1.0,2.3,1.9,5.5,20.5,83.6,8.6,7.5,0.3,5.4,210199.38730155586
1190,Michigan,Gratiot County,41319,5.8,86.5,5.6,0.2,0.3,0.0,20597,20.5,29.9,20.8,20.0,9.8,19.5,80.9,8.9,0.1,3.4,0.8,5.9,23.4,79.7,13.4,6.8,0.1,7.4,110376.13986650576
1191,Michigan,Hillsdale County,45909,2.2,95.1,0.7,0.4,0.4,0.0,23831,17.0,27.9,16.5,19.5,10.1,26.0,80.3,9.0,0.2,4.5,0.9,5.1,24.7,82.6,10.1,7.1,0.2,6.1,119077.09551941072
1192,Michigan,Houghton County,36333,1.5,92.4,0.7,0.3,2.9,0.0,21462,21.4,39.4,22.1,20.5,9.2,8.8,72.7,9.8,0.7,10.2,1.8,4.8,15.7,76.1,18.6,5.1,0.3,6.8,111380.41356550308
1193,Michigan,Huron County,31750,2.3,95.5,0.4,0.3,0.6,0.0,26352,13.6,28.9,16.3,20.9,13.4,20.5,82.7,8.4,0.4,3.5,1.5,3.5,21.0,80.6,10.6,8.5,0.2,5.8,100456.864591298
1194,Michigan,Ingham County,286185,7.6,70.6,10.6,0.3,6.0,0.0,27399,20.9,40.8,19.2,22.8,5.3,11.8,76.3,9.2,3.6,4.8,2.3,3.7,20.2,75.1,20.0,4.7,0.2,8.1,118917.2499834257
1195,Michigan,Ionia County,64147,4.7,88.3,4.7,0.2,0.4,0.0,22715,13.1,27.0,17.3,23.1,11.7,20.9,82.0,10.7,0.4,2.5,0.9,3.5,27.3,79.9,14.1,5.8,0.2,6.2,134703.1329537083
1196,Michigan,Iosco County,25317,2.0,94.3,0.7,0.8,0.6,0.0,24099,16.9,23.4,18.9,22.9,14.7,20.0,79.7,11.9,0.1,3.3,1.4,3.6,22.0,78.6,12.3,8.7,0.4,9.6,89837.77828418284
1197,Michigan,Iron County,11291,1.8,95.0,0.7,1.2,0.5,0.0,23658,14.2,23.3,23.5,23.5,15.7,14.0,80.2,11.1,0.3,1.8,0.6,6.0,21.9,74.1,17.8,7.7,0.4,5.7,78901.4145395049
1198,Michigan,Isabella County,70572,3.8,85.8,2.5,2.5,1.6,0.0,22009,27.3,31.0,25.7,23.5,8.0,11.8,77.8,7.7,1.1,6.6,1.9,4.9,17.9,77.9,16.8,4.8,0.5,8.4,127850.19124470162
1199,Michigan,Jackson County,158989,3.4,85.0,8.2,0.3,0.7,0.0,25952,15.2,30.5,18.6,24.4,8.4,18.1,83.6,9.4,0.4,2.1,1.1,3.4,23.3,83.1,11.3,5.4,0.2,7.6,124934.95912321533
1200,Michigan,Kalamazoo County,259830,4.7,78.0,10.6,0.2,2.4,0.0,29258,16.7,39.3,19.0,22.6,6.1,13.0,82.4,7.5,1.5,2.9,1.6,4.1,20.3,83.2,10.8,5.8,0.2,6.6,151229.46984346103
1201,Michigan,Kalkaska County,17358,1.8,94.7,0.7,0.6,0.4,0.0,22822,18.5,20.9,22.5,23.4,16.5,16.7,82.1,11.6,0.9,1.7,0.7,3.1,28.6,83.1,10.5,6.3,0.1,8.7,105187.36300334263
1202,Michigan,Kent County,636376,10.3,74.4,9.3,0.3,2.8,0.0,29433,13.4,36.2,16.0,23.6,7.3,16.9,81.0,9.2,2.1,2.1,1.4,4.2,21.1,87.9,7.2,4.8,0.1,5.4,181044.76112545122
1204,Michigan,Lake County,11669,2.6,84.8,7.6,0.7,0.2,0.0,18199,25.0,23.0,22.9,22.8,9.6,21.8,80.0,10.9,0.5,1.5,1.9,5.2,27.3,79.1,13.1,7.1,0.7,11.6,127659.67443475673
1205,Michigan,Lapeer County,88205,4.6,92.0,1.3,0.3,0.5,0.0,26650,9.7,29.5,16.4,21.8,12.4,20.0,86.7,8.0,0.5,1.3,0.6,2.9,34.7,85.7,8.7,5.3,0.2,7.4,174035.88414425572
1206,Michigan,Leelanau County,21564,4.2,90.2,0.5,2.5,0.7,0.0,37061,7.7,35.9,18.3,23.8,12.4,9.5,74.1,11.3,0.9,2.7,2.2,8.9,22.0,76.9,10.9,11.4,0.8,6.3,337171.7707906186
1207,Michigan,Lenawee County,98585,7.8,87.0,2.4,0.3,0.3,0.1,25649,13.7,28.4,18.5,23.4,9.8,19.8,83.0,9.9,0.3,2.7,1.0,3.1,26.8,82.5,12.0,5.4,0.1,5.9,133131.99262888034
1208,Michigan,Livingston County,186946,2.3,94.6,0.6,0.2,0.9,0.1,36845,5.9,40.0,14.7,24.9,9.1,11.3,87.3,6.4,0.3,0.9,0.8,4.4,32.4,85.0,9.5,5.4,0.1,4.6,239065.6679630418
1209,Michigan,Luce County,6406,3.2,78.2,6.4,6.3,0.2,0.0,19442,19.4,29.5,25.9,23.4,8.4,12.9,76.4,12.8,0.0,4.0,1.9,4.9,13.6,72.9,23.4,3.4,0.3,11.8,87010.6630182196
1211,Michigan,Macomb County,864019,2.5,80.2,10.9,0.2,3.7,0.0,29740,11.8,34.4,17.6,24.5,7.4,16.1,87.3,7.7,0.8,0.9,0.8,2.5,27.4,86.9,9.2,3.8,0.2,6.6,154225.12820448322
1212,Michigan,Manistee County,24432,2.9,89.4,2.8,1.6,0.4,0.0,24398,14.7,29.4,24.6,22.5,9.8,13.8,80.0,10.1,0.8,3.4,2.0,3.7,20.8,76.2,15.9,7.4,0.5,8.0,129502.21994729135
1213,Michigan,Marquette County,67145,1.4,92.4,1.6,0.8,0.9,0.0,25550,16.4,32.5,22.9,23.4,11.3,9.9,80.2,8.7,0.6,5.7,1.5,3.4,17.6,80.7,14.6,4.5,0.1,6.3,134118.4558935509
1214,Michigan,Mason County,28800,4.5,91.7,0.9,0.8,0.5,0.0,26251,16.0,30.1,20.2,23.7,9.3,16.6,80.7,10.9,0.3,2.8,1.0,4.3,17.6,78.0,14.8,6.5,0.8,7.6,155454.44777764144
1215,Michigan,Mecosta County,43181,2.1,91.5,2.5,0.4,0.7,0.0,21978,22.5,28.1,22.7,21.1,8.3,19.9,77.7,9.7,0.9,4.6,1.7,5.4,23.8,81.0,12.7,6.1,0.3,8.7,124671.58590389036
1216,Michigan,Menominee County,23389,1.7,93.3,0.3,2.3,0.4,0.0,26151,13.5,24.8,18.5,21.6,10.5,24.7,80.6,11.1,0.1,1.9,2.1,4.3,20.8,82.1,11.9,5.8,0.2,5.9,94822.75107099331
1217,Michigan,Midland County,83489,2.6,91.7,1.4,0.4,2.2,0.1,33013,11.3,39.9,17.0,21.7,8.8,12.6,85.9,7.2,1.0,1.5,1.0,3.5,21.1,84.8,9.4,5.6,0.2,7.0,130579.0210549081
1218,Michigan,Missaukee County,14982,2.7,94.4,0.4,0.6,0.2,0.0,21805,15.9,24.7,16.8,20.1,17.3,21.1,76.8,12.7,0.2,4.2,1.4,4.7,21.4,80.9,9.3,9.5,0.3,7.0,141952.39553004366
1219,Michigan,Monroe County,149619,3.5,91.5,2.3,0.3,0.6,0.0,29245,11.2,30.3,17.4,21.2,10.3,20.7,86.3,6.9,1.1,1.1,1.1,3.5,24.5,87.3,8.7,3.9,0.1,5.9,163476.55418887967
1220,Michigan,Montcalm County,62956,3.4,92.0,2.0,0.5,0.5,0.1,21509,17.5,24.5,16.2,23.2,12.9,23.2,82.2,10.4,0.4,2.0,1.1,3.9,30.0,82.4,10.8,6.5,0.3,7.0,121362.00088932994
1221,Michigan,Montmorency County,9290,1.3,96.2,0.2,0.8,0.0,0.0,23155,15.1,23.9,21.8,23.3,11.2,19.8,84.1,7.6,0.4,1.4,0.9,5.5,29.0,77.8,12.5,9.4,0.3,12.7,96011.55033889126
1222,Michigan,Muskegon County,172707,5.4,76.5,13.5,0.5,0.5,0.0,22829,18.5,28.0,19.7,21.6,8.4,22.3,83.9,10.7,0.5,1.0,1.0,2.9,21.2,84.5,10.6,4.8,0.1,8.9,117176.70860905317
1223,Michigan,Newaygo County,47899,5.8,90.7,1.3,0.6,0.3,0.0,22735,17.8,25.8,17.0,21.1,14.5,21.6,78.7,13.4,0.3,2.0,2.2,3.4,28.1,81.2,11.5,6.9,0.3,7.7,118883.72249607336
1225,Michigan,Oceana County,26317,14.5,82.2,1.2,0.8,0.2,0.0,22185,17.5,26.1,17.7,17.3,15.4,23.5,78.7,11.6,0.8,3.3,1.4,4.3,22.0,80.6,11.6,7.6,0.1,7.7,137729.0502343003
1226,Michigan,Ogemaw County,20979,2.0,95.0,0.3,1.2,0.6,0.0,22028,18.7,26.1,18.1,27.1,13.1,15.7,82.2,10.5,0.1,1.6,1.8,3.8,23.8,81.5,11.6,6.9,0.1,10.0,82525.25546867312
1227,Michigan,Ontonagon County,6072,1.4,95.2,0.3,1.0,0.1,0.1,22958,15.5,26.3,25.1,20.0,14.8,13.8,80.8,6.8,0.5,5.5,0.5,5.9,24.6,69.0,21.6,8.9,0.4,10.0,71397.16174658368
1228,Michigan,Osceola County,23221,1.7,94.9,1.0,0.8,0.3,0.0,21090,20.7,23.7,17.7,19.3,12.8,26.5,78.4,11.2,0.7,3.0,2.0,4.7,25.2,81.0,10.2,8.4,0.4,7.2,103640.74299195826
1230,Michigan,Otsego County,24247,1.6,94.7,0.4,0.5,0.5,0.0,26012,14.9,29.4,19.2,26.3,10.9,14.2,82.4,12.0,0.2,1.5,1.3,2.6,19.5,82.9,10.6,6.5,0.0,6.4,137625.46775308574
1231,Michigan,Ottawa County,280243,9.4,84.3,1.4,0.3,2.7,0.0,29121,9.5,34.3,15.8,22.0,8.0,19.9,83.2,8.6,0.8,2.4,1.3,3.6,20.5,86.8,8.5,4.6,0.1,4.4,212158.3895627973
1232,Michigan,Presque Isle County,12854,1.2,95.8,0.5,0.4,0.4,0.0,24793,14.9,27.5,19.8,20.5,14.5,17.7,79.9,11.1,0.1,3.4,1.2,4.3,24.4,77.4,13.1,9.2,0.3,11.4,148664.0911068074
1233,Michigan,Roscommon County,23934,1.6,95.3,0.3,0.9,0.2,0.0,22333,19.8,25.1,19.5,28.4,11.8,15.2,78.3,11.4,0.9,2.7,1.9,4.7,22.5,78.1,13.9,7.1,1.0,13.0,86763.04961980227
1234,Michigan,Saginaw County,193803,8.3,69.7,18.1,0.2,1.2,0.0,25348,17.7,30.5,21.4,24.6,8.3,15.2,84.1,8.6,0.5,2.2,1.1,3.5,21.7,84.7,11.1,4.0,0.2,8.2,81744.92042311154
1235,Michigan,Sanilac County,41535,3.7,94.1,0.6,0.3,0.4,0.0,23924,15.0,27.0,16.5,20.4,14.0,22.1,78.3,10.4,0.5,3.9,1.0,5.9,27.5,79.4,10.8,9.2,0.6,7.7,119998.00530340888
1236,Michigan,Schoolcraft County,8114,1.0,85.9,0.6,7.1,0.4,0.0,21534,21.4,25.5,24.9,21.3,13.6,14.7,76.2,11.6,1.7,4.7,0.7,5.0,18.8,76.3,17.7,5.9,0.1,13.9,101297.35026450851
1237,Michigan,Shiawassee County,68617,2.9,94.3,0.4,0.2,0.5,0.0,25218,13.1,28.0,16.7,22.8,12.4,20.2,81.8,9.1,0.4,2.3,1.0,5.4,27.4,81.8,11.5,6.5,0.2,7.1,114945.82437953638
1238,Michigan,Tuscola County,53569,3.2,93.7,1.1,0.3,0.3,0.0,23573,15.9,26.1,19.7,21.5,13.4,19.3,80.1,13.6,0.1,2.2,1.1,3.0,29.1,81.4,10.7,7.7,0.2,7.4,98827.43091295724
1239,Michigan,Van Buren County,75190,11.2,81.5,3.1,0.4,0.6,0.1,25433,15.8,28.9,19.0,21.3,12.3,18.6,81.6,10.3,0.3,2.9,0.8,4.1,24.4,81.6,11.6,6.7,0.1,6.6,153374.95230117385
1242,Michigan,Wexford County,32915,1.8,94.8,0.6,0.5,0.7,0.0,22028,17.3,27.3,17.0,21.4,10.2,24.1,80.4,11.2,0.2,2.6,1.5,4.1,21.0,82.0,10.2,7.5,0.3,7.2,75858.59375468471
1243,Minnesota,Aitkin County,15841,1.3,94.1,0.5,2.2,0.4,0.0,26883,12.1,30.7,19.9,23.1,13.2,13.0,79.4,9.1,0.5,4.1,1.5,5.4,26.0,75.8,15.7,8.4,0.1,6.2,150354.03153134967
1244,Minnesota,Anoka County,344861,4.2,82.7,5.5,0.5,4.2,0.0,34321,6.6,36.6,15.9,24.2,9.0,14.2,82.2,7.8,3.4,1.0,1.0,4.5,28.1,84.5,11.0,4.3,0.1,4.2,232339.998771084
1245,Minnesota,Becker County,33552,1.9,86.6,0.5,7.4,0.6,0.0,28525,12.7,32.8,17.7,18.8,13.8,16.8,78.9,8.9,0.5,3.2,1.3,7.2,22.4,75.1,16.0,8.7,0.2,3.6,222667.85250778391
1247,Minnesota,Benton County,39360,2.2,91.5,2.8,0.3,1.1,0.0,27018,14.1,31.1,17.2,22.9,9.8,19.0,82.7,8.3,1.3,1.9,1.8,4.1,23.1,82.7,11.6,5.4,0.3,4.2,177360.17973843627
1248,Minnesota,Big Stone County,5039,1.4,98.0,0.3,0.0,0.0,0.0,29035,11.7,31.7,13.2,23.2,16.2,15.6,77.3,9.9,0.4,4.3,0.6,7.5,17.5,70.7,17.0,11.9,0.3,2.8,105850.70351445187
1249,Minnesota,Blue Earth County,65767,3.2,88.9,3.3,0.3,2.1,0.0,28283,18.1,33.7,19.9,23.7,8.0,14.7,80.9,7.6,1.5,4.0,1.1,5.0,17.3,81.0,13.5,5.4,0.1,4.5,185941.61036928103
1250,Minnesota,Brown County,25243,4.1,93.9,0.3,0.1,0.7,0.1,29696,8.1,30.1,17.2,21.2,11.4,20.0,79.5,6.8,0.5,5.0,1.2,7.0,15.1,82.1,9.4,8.4,0.2,2.3,142826.6330141242
1251,Minnesota,Carlton County,35408,1.7,88.3,1.6,5.3,0.5,0.0,26900,12.1,31.3,23.1,19.9,9.8,16.0,82.6,9.5,0.1,2.0,0.8,4.9,22.2,72.8,21.1,5.9,0.2,3.9,167290.36264724343
1252,Minnesota,Carver County,98799,4.1,89.6,1.5,0.2,2.5,0.0,44212,4.0,46.5,14.3,24.2,6.1,8.9,82.5,7.0,2.0,1.2,0.9,6.4,26.3,85.5,9.1,5.2,0.1,2.4,319962.318776446
1253,Minnesota,Cass County,28810,2.0,83.3,0.4,10.9,0.6,0.0,28004,15.3,29.2,20.1,24.3,13.2,13.2,76.6,10.2,0.8,2.6,1.8,8.0,23.8,72.7,17.1,9.7,0.5,5.7,179083.16099258882
1254,Minnesota,Chippewa County,12040,6.3,88.8,0.6,1.4,0.7,1.0,29354,11.1,32.1,20.0,18.6,12.0,17.3,79.4,8.5,1.0,3.3,0.9,6.9,15.3,77.4,14.3,8.1,0.3,2.0,123909.31747511192
1255,Minnesota,Chisago County,54297,2.0,93.8,1.3,0.4,1.0,0.0,32105,5.4,34.0,17.3,22.9,12.7,13.2,82.2,8.0,1.6,1.5,1.2,5.5,32.8,82.2,12.0,5.7,0.1,4.2,230499.11940836057
1256,Minnesota,Clay County,62040,4.3,88.5,2.5,1.3,1.1,0.0,28122,12.5,36.1,18.2,24.6,9.2,11.8,79.1,8.1,1.0,4.0,1.5,6.3,18.9,79.6,14.6,5.5,0.2,2.8,214612.73458910632
1257,Minnesota,Clearwater County,8824,2.0,85.0,0.4,8.4,0.4,0.1,24515,17.9,27.4,18.2,17.6,19.1,17.8,76.8,12.9,0.8,2.7,1.0,5.7,25.8,72.9,17.5,9.4,0.3,7.3,140038.2378045833
1259,Minnesota,Cottonwood County,11437,7.1,87.1,0.6,0.5,2.8,0.3,27206,15.6,28.9,16.8,17.6,13.4,23.3,76.7,11.2,0.7,4.1,1.4,5.9,16.8,79.0,11.9,9.0,0.1,5.1,89732.65821880438
1260,Minnesota,Crow Wing County,63505,1.4,95.1,0.6,1.0,0.4,0.0,30013,9.6,32.9,20.3,24.1,10.0,12.8,83.3,8.0,0.4,1.5,1.6,5.2,21.4,81.2,12.0,6.8,0.1,3.5,192511.52383986508
1261,Minnesota,Dakota County,414655,6.8,79.7,5.6,0.2,4.7,0.0,38863,6.9,42.4,15.3,24.7,6.2,11.3,81.2,8.3,3.3,1.1,1.0,5.0,24.3,84.3,11.5,4.1,0.1,4.0,263314.9966310565
1262,Minnesota,Dodge County,20485,4.9,92.5,0.3,0.3,0.7,0.0,31417,5.7,34.6,16.3,20.5,12.6,16.0,79.6,8.3,1.6,2.0,0.9,7.7,24.5,81.9,11.2,6.6,0.2,2.9,185883.5425578008
1263,Minnesota,Douglas County,36891,1.5,96.2,0.6,0.3,0.1,0.0,33336,8.4,35.4,15.9,22.7,9.9,16.1,83.9,6.1,0.5,1.9,1.0,6.7,17.7,78.9,13.6,7.4,0.1,3.1,206683.63369924776
1264,Minnesota,Faribault County,13966,6.4,91.6,0.2,0.1,0.3,0.0,29116,11.5,32.7,15.4,19.8,13.8,18.2,80.1,8.3,0.2,4.0,0.8,6.6,18.8,76.2,11.3,12.1,0.5,2.8,87325.00804577369
1265,Minnesota,Fillmore County,20825,1.4,96.8,0.5,0.1,0.5,0.0,28441,11.3,34.8,16.7,19.0,14.9,14.6,72.5,12.1,2.1,4.4,1.2,7.7,26.5,78.3,11.0,10.3,0.4,2.8,165261.86760654618
1266,Minnesota,Freeborn County,30619,9.5,86.3,1.2,0.1,1.8,0.0,27603,11.8,27.5,19.5,19.9,11.8,21.2,81.5,10.5,0.7,2.4,2.3,2.5,18.7,84.0,9.0,6.8,0.1,4.1,103106.18635472497
1267,Minnesota,Goodhue County,46138,3.2,92.4,1.0,1.0,0.5,0.0,33477,10.8,35.9,17.8,20.1,10.6,15.6,81.0,7.4,1.3,3.9,1.1,5.2,24.1,81.5,10.4,8.0,0.1,4.2,200697.71417555903
1268,Minnesota,Grant County,5923,2.1,95.6,0.2,0.2,0.1,0.0,30359,10.6,31.7,16.4,21.6,14.2,16.1,79.6,7.3,0.5,5.5,0.8,6.4,22.7,73.5,13.9,12.3,0.2,4.8,126847.66993652123
1270,Minnesota,Houston County,18709,1.0,96.3,0.7,0.2,0.5,0.0,30150,8.9,35.6,15.3,19.8,15.2,14.0,81.3,7.1,0.3,3.1,2.3,5.9,21.9,79.8,10.6,9.2,0.3,3.1,173659.06366760776
1271,Minnesota,Hubbard County,20743,2.0,93.1,0.7,2.1,0.6,0.0,28073,10.8,32.3,21.2,20.5,12.5,13.5,78.9,8.8,0.6,3.8,1.1,6.7,21.6,72.8,18.1,8.8,0.3,3.7,180860.23684333102
1272,Minnesota,Isanti County,38584,1.8,94.2,0.5,0.3,1.0,0.0,30145,7.1,29.2,15.0,24.7,13.7,17.4,81.5,10.8,1.1,1.1,1.2,4.4,34.8,84.0,10.9,5.0,0.1,5.1,201894.5508384728
1273,Minnesota,Itasca County,45237,1.3,92.1,0.4,3.6,0.4,0.0,27497,12.6,31.7,19.9,21.7,12.9,13.8,81.8,9.4,0.8,2.4,1.3,4.4,22.7,77.8,16.1,5.9,0.2,5.7,148039.99660543018
1274,Minnesota,Jackson County,10104,3.4,93.1,0.1,0.1,2.5,0.0,31010,7.7,34.5,14.9,19.5,11.7,19.3,80.9,9.6,0.1,2.7,0.5,6.2,16.5,75.1,11.6,12.7,0.5,3.9,115779.19249124761
1275,Minnesota,Kanabec County,15948,1.5,95.2,0.4,0.9,0.5,0.0,26345,11.6,27.6,21.6,18.8,14.3,17.6,79.0,12.8,0.6,2.2,1.5,4.0,31.4,78.8,14.1,7.0,0.1,5.2,147443.32332249384
1276,Minnesota,Kandiyohi County,42577,11.9,81.8,4.2,0.2,0.8,0.0,29375,11.3,33.4,17.0,20.9,12.5,16.2,84.1,7.5,0.8,1.9,1.5,4.2,17.9,79.4,13.7,6.4,0.5,3.0,161949.8329307059
1277,Minnesota,Kittson County,4384,2.1,96.0,0.8,0.2,0.4,0.0,30525,11.2,32.8,16.9,18.4,9.5,22.4,72.4,9.8,1.4,7.6,0.5,8.3,20.6,73.3,14.8,11.7,0.2,2.6,123329.86895614723
1278,Minnesota,Koochiching County,12776,0.2,93.5,0.9,3.7,0.5,0.0,26804,17.1,27.1,19.5,24.0,10.7,18.7,71.6,14.4,1.6,4.9,3.3,4.2,16.2,79.2,14.0,6.7,0.0,6.9,93096.10888962222
1279,Minnesota,Lake County,10578,1.4,95.8,1.0,0.5,0.0,0.0,32319,9.3,42.0,18.2,15.7,9.4,14.7,76.7,11.0,0.0,4.3,1.9,6.1,21.0,78.2,16.5,5.3,0.0,3.8,146389.40870486482
1280,Minnesota,Lake of the Woods County,3841,1.7,93.5,0.0,0.2,0.8,0.0,24964,7.4,22.0,15.7,19.8,11.4,31.0,65.4,17.6,0.0,6.0,0.0,10.9,21.0,83.8,9.7,6.5,0.0,3.8,147618.7644103178
1281,Minnesota,Le Sueur County,27810,5.7,91.7,0.8,0.2,0.4,0.0,31135,8.8,31.9,14.9,20.0,13.7,19.4,82.3,9.2,0.4,2.8,0.6,4.7,25.8,80.2,12.8,6.8,0.2,3.9,200180.48984259565
1282,Minnesota,Lincoln County,5724,1.7,96.7,0.3,0.3,0.2,0.0,28382,11.4,35.2,16.3,19.1,17.1,12.2,73.1,10.1,0.1,5.8,0.4,10.6,21.8,71.0,12.4,16.2,0.5,3.0,115801.64508845535
1283,Minnesota,Lyon County,25789,6.2,85.4,3.3,0.4,3.6,0.0,30203,13.7,35.4,15.8,20.4,11.0,17.4,77.8,9.9,0.7,4.2,1.7,5.7,15.2,80.1,12.3,7.2,0.3,3.6,158713.14791577682
1284,Minnesota,McLeod County,35816,5.8,91.6,0.3,0.2,0.6,0.0,30145,8.4,30.2,17.6,20.0,11.6,20.5,85.1,7.9,0.3,2.3,1.1,3.3,22.5,85.7,8.1,6.1,0.2,3.0,169114.25856983723
1286,Minnesota,Marshall County,9397,4.2,93.7,0.3,0.2,0.3,0.0,28585,7.8,32.6,14.2,20.8,13.4,19.0,78.9,8.7,0.3,2.9,1.3,8.0,23.3,77.8,12.8,9.1,0.2,3.2,136849.41777738242
1287,Minnesota,Martin County,20084,4.1,93.6,0.3,0.1,0.9,0.0,30806,11.3,32.5,18.0,22.0,12.1,15.5,78.6,9.2,1.3,2.7,1.4,6.8,17.0,82.2,8.8,8.8,0.3,3.1,104185.30706504006
1288,Minnesota,Meeker County,23105,3.8,94.3,0.6,0.1,0.3,0.1,29216,8.3,32.2,15.7,18.2,12.6,21.5,83.4,8.6,0.4,2.6,0.9,4.1,24.4,80.8,11.7,7.1,0.3,2.9,169357.47995158346
1289,Minnesota,Mille Lacs County,25635,2.2,89.3,0.4,4.8,0.6,0.0,25732,11.5,27.8,19.1,20.2,15.4,17.5,79.4,10.8,0.7,2.7,1.6,4.9,30.0,80.6,12.3,7.0,0.1,6.6,176155.5854816787
1290,Minnesota,Morrison County,32880,1.6,95.9,0.6,0.2,0.5,0.0,28040,11.4,29.1,18.5,20.3,13.5,18.7,79.6,8.9,0.5,3.2,1.5,6.3,26.8,78.1,11.8,9.4,0.8,4.6,170518.13336408557
1291,Minnesota,Mower County,39386,11.0,80.8,3.4,0.1,2.4,0.0,28613,13.0,29.2,17.5,20.7,11.0,21.7,79.2,10.7,1.9,3.0,2.2,3.0,17.9,84.1,10.4,5.4,0.1,5.0,105299.7237630224
1292,Minnesota,Murray County,8394,3.6,93.8,0.6,0.2,1.1,0.0,30553,8.2,34.8,15.8,19.9,12.7,16.9,76.4,10.3,0.4,4.3,1.1,7.5,20.3,72.5,14.1,13.1,0.4,3.6,141848.81366235926
1293,Minnesota,Nicollet County,33477,4.3,89.6,3.0,0.1,1.6,0.0,29722,11.3,38.3,17.8,22.8,8.1,13.0,76.7,7.8,0.5,3.9,1.0,10.0,17.9,79.9,14.3,5.7,0.2,3.8,197609.93477452485
1294,Minnesota,Nobles County,21854,26.8,60.8,4.3,0.5,6.3,0.0,24935,15.8,23.9,13.7,20.8,12.2,29.4,73.0,17.2,0.4,3.2,2.0,4.2,16.1,80.7,9.9,9.2,0.2,6.5,140615.30922476933
1295,Minnesota,Norman County,6589,5.0,89.7,0.9,2.1,0.6,0.0,27099,12.0,34.1,18.2,19.1,14.6,14.0,79.1,7.8,0.6,3.8,1.5,7.1,21.1,70.5,14.7,14.5,0.3,3.3,112119.40983777416
1296,Minnesota,Olmsted County,151685,4.8,81.1,5.5,0.2,5.8,0.0,37956,9.1,49.6,15.8,19.3,6.4,8.8,73.9,11.4,5.4,3.5,1.7,4.1,17.5,86.5,8.8,4.6,0.1,4.3,215922.22107372902
1297,Minnesota,Otter Tail County,57790,3.2,93.0,1.4,0.4,0.6,0.0,29932,9.4,32.9,16.6,20.6,12.5,17.4,78.0,10.2,0.8,4.5,0.9,5.5,21.0,77.9,12.5,9.3,0.3,3.6,189678.32282929317
1298,Minnesota,Pennington County,14197,3.5,91.1,1.5,1.7,0.9,0.0,28562,10.3,30.0,13.0,28.3,9.2,19.5,79.4,9.8,0.7,3.5,2.0,4.7,14.5,82.9,10.7,6.2,0.1,3.2,194110.28402701244
1299,Minnesota,Pine County,29057,2.8,89.6,1.9,2.4,0.5,0.1,24044,13.6,25.1,23.9,20.3,14.9,15.8,77.0,13.9,0.6,3.0,1.2,4.3,31.1,76.5,16.6,6.7,0.3,5.9,139317.2935253775
1300,Minnesota,Pipestone County,9229,5.9,89.5,1.2,0.8,0.9,0.0,28706,11.8,30.3,15.2,20.0,14.6,19.9,75.2,12.0,0.8,3.9,1.5,6.6,20.1,77.4,11.6,10.8,0.1,4.2,123554.48733244838
1301,Minnesota,Polk County,31564,6.2,87.9,1.8,1.1,0.8,0.0,28260,12.4,35.0,18.0,21.3,12.3,13.3,81.1,8.8,0.6,2.9,1.1,5.4,18.6,76.2,16.5,7.0,0.3,3.6,173663.99590854024
1302,Minnesota,Pope County,10932,1.3,96.5,0.5,0.3,0.4,0.0,32454,7.9,36.2,15.3,21.6,10.4,16.5,81.6,7.7,0.4,4.3,1.1,5.0,18.3,77.5,13.7,8.4,0.3,3.0,192889.89949229735
1304,Minnesota,Red Lake County,4017,3.5,92.6,0.3,1.4,0.3,0.0,26988,9.4,30.4,13.6,25.3,13.2,17.6,82.2,9.2,0.2,3.2,0.4,4.8,22.2,76.1,14.6,8.8,0.5,2.9,159609.41178860283
1305,Minnesota,Redwood County,15430,3.1,87.6,0.8,4.5,3.0,0.0,27543,11.8,33.1,19.5,18.9,12.8,15.7,77.0,7.7,0.9,4.3,1.0,9.2,17.9,75.8,11.8,12.1,0.3,3.0,108872.27584521407
1306,Minnesota,Renville County,14798,8.0,88.8,0.5,1.2,0.5,0.0,31215,11.0,32.8,15.1,18.2,14.5,19.4,81.8,5.2,0.5,2.7,1.3,8.5,19.5,77.8,12.1,10.0,0.2,2.7,110404.41100792162
1308,Minnesota,Rock County,9433,2.8,94.1,1.0,0.7,1.0,0.0,29000,11.0,35.3,15.9,20.4,13.0,15.4,80.0,8.9,0.7,2.4,1.2,6.7,19.2,76.9,12.9,10.0,0.2,1.9,155997.51087988054
1310,Minnesota,Scott County,141463,4.9,82.3,3.4,0.8,6.0,0.0,38322,5.6,41.2,14.7,23.1,8.6,12.4,83.4,7.3,1.8,1.0,0.9,5.6,26.0,86.4,9.4,4.1,0.1,3.5,293687.95015631226
1311,Minnesota,Sherburne County,92024,2.5,91.9,2.3,0.4,1.1,0.0,33048,6.4,34.9,15.5,23.3,10.7,15.6,83.7,8.2,1.3,0.6,1.3,5.0,32.4,85.0,10.2,4.7,0.2,3.6,229084.695912412
1312,Minnesota,Sibley County,14888,8.6,89.1,0.6,0.2,0.7,0.0,29884,8.5,29.1,14.6,18.4,15.0,23.0,79.4,8.4,0.4,3.5,0.6,7.8,25.2,79.2,10.8,9.8,0.2,4.5,185577.57388274456
1313,Minnesota,Stearns County,155300,3.2,87.8,5.0,0.3,2.1,0.0,29148,13.1,32.7,17.9,24.0,8.8,16.6,79.5,7.5,1.3,4.6,1.3,5.8,20.4,83.2,11.1,5.5,0.2,4.5,186703.74297797002
1314,Minnesota,Steele County,36612,7.5,87.2,3.2,0.2,0.9,0.0,29930,9.9,32.8,14.6,23.6,9.2,19.7,86.1,6.0,1.0,1.8,1.0,4.1,18.2,84.7,9.4,5.9,0.1,4.5,166252.47906843244
1315,Minnesota,Stevens County,9759,5.0,89.1,0.8,1.7,1.9,0.3,31419,15.4,33.9,20.7,20.4,12.4,12.6,76.9,5.9,1.2,9.7,0.5,5.8,11.6,74.2,18.0,7.6,0.3,2.6,159740.1614716391
1316,Minnesota,Swift County,9448,4.5,92.5,2.1,0.0,0.3,0.1,29470,12.2,30.0,14.9,22.1,11.8,21.1,76.9,9.6,0.3,6.2,1.6,5.5,17.3,76.3,13.8,9.6,0.2,3.3,107375.87549795218
1317,Minnesota,Todd County,24423,5.5,91.7,0.4,0.3,0.4,0.0,24988,13.0,28.3,15.2,18.4,13.6,24.5,77.9,9.4,0.2,3.5,1.5,7.4,24.2,77.9,11.4,9.9,0.8,3.8,146147.99742436354
1318,Minnesota,Traverse County,3357,2.5,90.6,0.6,4.0,0.3,0.0,30234,10.9,36.2,20.4,20.2,14.0,9.3,70.8,15.1,0.6,4.2,1.4,7.9,16.8,67.2,15.5,17.0,0.2,3.2,105245.0913194989
1319,Minnesota,Wabasha County,21490,2.9,94.9,0.4,0.0,0.4,0.0,32307,6.1,34.4,15.2,22.3,11.2,16.9,76.9,9.9,1.9,5.0,0.9,5.4,23.8,81.8,8.8,9.1,0.4,3.2,178209.01256859195
1320,Minnesota,Wadena County,13626,1.8,94.7,1.1,0.7,0.4,0.0,24200,15.0,23.9,18.1,23.4,12.4,22.2,78.3,9.8,0.5,4.6,1.2,5.7,21.0,79.8,12.4,7.5,0.2,5.8,124523.91518985946
1321,Minnesota,Waseca County,18898,5.7,89.4,2.1,0.9,0.6,0.0,27383,9.2,31.3,15.8,21.7,10.4,20.8,81.6,9.6,0.6,1.9,1.9,4.5,20.4,79.2,12.7,7.7,0.4,3.2,143443.8235614577
1322,Minnesota,Washington County,250979,3.9,83.7,4.1,0.3,5.4,0.1,41591,5.0,46.0,14.7,23.1,6.5,9.8,83.3,7.5,2.3,1.0,0.8,5.1,25.8,83.2,12.7,4.0,0.1,3.5,291900.2956901079
1323,Minnesota,Watonwan County,10936,23.3,74.0,0.5,0.2,1.0,0.0,26884,12.2,28.1,14.3,19.3,15.2,23.0,76.0,9.1,0.4,6.7,1.2,6.7,18.4,79.2,12.2,8.0,0.6,2.4,83606.92835569142
1324,Minnesota,Wilkin County,6398,0.7,94.0,0.5,2.6,0.0,0.0,28575,9.9,37.6,14.7,21.1,14.2,12.5,79.1,10.9,1.0,2.2,0.4,6.3,18.5,74.8,14.6,9.9,0.7,1.4,146403.49039641113
1325,Minnesota,Winona County,50992,2.8,91.5,1.5,0.3,2.6,0.0,27200,14.5,35.1,18.7,21.1,7.3,17.7,76.6,9.0,2.0,6.5,1.5,4.4,17.9,83.1,11.2,5.5,0.3,5.1,168662.10854239578
1326,Minnesota,Wright County,131130,2.8,93.0,1.4,0.4,1.2,0.0,32506,5.0,34.0,14.1,25.1,11.4,15.3,83.6,8.0,0.8,1.4,1.5,4.7,30.0,85.9,8.6,5.3,0.2,3.6,245147.76975569807
1327,Minnesota,Yellow Medicine County,9930,4.3,90.2,0.5,2.7,0.6,0.0,28182,12.5,33.4,17.1,19.7,13.1,16.7,75.1,9.1,0.7,5.9,1.1,8.1,17.7,74.7,12.0,13.0,0.3,2.7,107235.35585123317
1329,Mississippi,Alcorn County,37242,3.0,83.2,11.7,0.0,0.3,0.0,20527,19.6,29.2,14.9,22.8,10.6,22.5,85.9,10.6,0.3,1.0,0.5,1.7,22.4,81.1,13.9,5.0,0.1,8.6,118038.14107022643
1330,Mississippi,Amite County,12574,0.2,57.3,42.0,0.0,0.3,0.0,19665,22.8,24.4,19.2,16.5,19.2,20.6,81.2,12.1,2.2,0.4,1.4,2.7,37.1,71.8,17.3,10.2,0.7,10.8,123198.66936108826
1331,Mississippi,Attala County,18731,2.0,54.0,42.2,0.1,0.4,0.0,20617,22.6,26.1,18.5,19.6,13.7,22.2,80.1,13.7,0.4,1.0,3.9,0.9,28.3,73.2,22.2,4.7,0.0,10.3,82915.596163761
1332,Mississippi,Benton County,8306,2.5,60.2,36.6,0.0,0.0,0.0,18599,20.2,24.4,12.1,20.9,11.7,30.9,88.2,6.9,0.0,0.5,2.3,2.1,30.5,83.0,11.6,5.4,0.0,13.7,126408.33778331154
1335,Mississippi,Carroll County,10221,0.5,64.3,33.5,0.1,0.7,0.0,22995,14.0,33.9,12.4,20.3,14.7,18.6,92.6,4.5,0.0,1.3,0.0,1.6,28.8,71.9,18.3,9.3,0.5,7.0,128698.1846212638
1337,Mississippi,Choctaw County,8360,0.5,67.6,30.9,0.5,0.1,0.1,19816,24.5,31.0,13.4,20.9,16.4,18.3,83.0,10.8,0.4,1.3,2.5,2.0,29.3,70.6,21.4,7.3,0.7,10.4,107528.67969797982
1338,Mississippi,Clarke County,16089,0.9,63.4,35.1,0.1,0.0,0.0,20564,18.5,26.2,16.6,21.0,20.3,16.0,83.1,9.4,0.0,2.9,2.8,1.8,32.0,79.0,15.0,5.7,0.3,9.1,84606.06347611024
1342,Mississippi,Covington County,19172,2.4,60.7,35.6,0.0,0.2,0.1,18749,23.1,24.4,16.0,24.5,17.9,17.2,80.5,16.1,0.3,1.0,1.2,0.8,26.1,77.7,16.1,6.1,0.1,8.8,104550.05906036578
1343,Mississippi,DeSoto County,173267,4.8,66.6,25.3,0.1,1.2,0.0,28316,9.8,32.7,15.1,26.0,10.4,15.8,88.6,8.1,0.1,0.4,0.6,2.1,24.9,82.3,12.4,5.2,0.0,6.1,173607.5831885255
1345,Mississippi,Franklin County,7772,0.8,63.2,36.0,0.0,0.0,0.0,24864,17.9,28.2,13.1,19.1,22.6,16.9,85.1,8.1,0.0,2.0,2.9,1.9,31.4,72.4,17.9,9.8,0.0,7.4,121102.05496339333
1346,Mississippi,George County,23545,2.7,87.4,7.7,0.5,0.9,0.0,20973,14.7,30.4,12.9,21.6,20.0,15.1,80.1,12.3,1.3,0.9,2.5,2.9,35.4,81.7,13.2,5.1,0.1,8.2,141879.58548319965
1347,Mississippi,Greene County,13801,1.1,72.1,25.6,0.2,0.0,0.0,18002,15.1,34.9,10.7,20.7,17.9,15.8,81.8,13.4,0.0,0.9,2.9,1.1,33.9,68.7,25.1,6.3,0.0,11.7,107137.83655977123
1348,Mississippi,Grenada County,21379,0.4,55.1,43.2,0.3,0.0,0.0,20150,24.2,32.5,16.8,24.7,8.3,17.7,86.7,8.4,0.3,1.7,2.3,0.6,18.2,74.1,20.2,5.7,0.0,10.4,77394.53514693576
1349,Mississippi,Hancock County,46277,3.8,84.9,8.7,0.3,0.2,0.0,24373,17.2,34.2,18.3,23.3,13.7,10.6,87.1,8.1,0.2,0.8,1.2,2.6,29.0,78.2,14.4,7.1,0.2,8.7,143416.50398008226
1350,Mississippi,Harrison County,200491,5.3,64.6,24.0,0.5,3.0,0.0,23127,20.5,28.6,23.9,24.6,11.7,11.2,82.7,8.5,0.9,4.3,1.2,2.4,22.7,75.4,18.8,5.5,0.2,9.4,137116.11136326627
1354,Mississippi,Itawamba County,23439,1.5,90.5,7.4,0.0,0.2,0.0,20859,18.4,23.0,15.5,21.4,12.0,28.0,84.5,10.9,0.2,0.5,0.8,3.1,24.4,81.8,12.4,5.8,0.0,6.1,125789.42749680649
1355,Mississippi,Jackson County,141314,5.9,68.3,21.6,0.3,2.2,0.0,24665,15.3,31.9,20.2,20.9,12.4,14.7,87.2,8.8,0.3,0.7,1.3,1.7,24.5,78.5,16.3,5.2,0.1,8.3,129330.60949758685
1359,Mississippi,Jones County,68328,4.3,64.9,29.0,0.2,0.5,0.1,20958,21.6,28.7,17.5,22.3,13.0,18.5,88.8,5.9,0.2,1.5,2.3,1.2,21.6,76.4,18.7,4.9,0.0,7.8,110357.16207905409
1361,Mississippi,Lafayette County,52744,2.5,70.0,23.8,0.1,2.1,0.0,25719,25.3,40.6,22.7,20.0,5.9,10.9,81.8,10.4,0.7,1.9,1.8,3.4,18.7,69.9,24.2,5.9,0.0,5.7,220686.18644546656
1363,Mississippi,Lauderdale County,78221,2.2,53.1,42.8,0.1,0.7,0.0,23339,21.5,34.0,16.9,25.6,10.8,12.6,83.0,11.3,0.0,2.7,1.7,1.2,19.8,77.6,17.3,4.6,0.5,7.2,102490.52660517172
1364,Mississippi,Lawrence County,12659,0.5,65.4,33.2,0.0,0.0,0.0,21826,19.8,28.3,12.0,20.6,20.0,19.1,86.2,6.4,0.5,0.9,1.4,4.6,35.5,81.2,12.7,6.1,0.0,9.3,95906.63135181637
1365,Mississippi,Leake County,22936,4.4,47.4,41.9,5.8,0.2,0.0,18825,25.1,24.2,20.5,20.3,14.9,20.1,78.1,17.8,0.3,1.3,0.8,1.7,29.7,75.7,18.5,5.8,0.0,9.2,123899.78229372638
1366,Mississippi,Lee County,84840,2.6,66.4,28.9,0.2,0.8,0.0,23968,17.3,31.0,15.4,25.1,7.5,21.0,87.7,8.1,0.3,1.1,0.8,2.1,19.9,83.2,12.1,4.7,0.1,6.3,134253.325402925
1368,Mississippi,Lincoln County,34542,1.1,67.2,30.8,0.0,0.7,0.0,20627,23.6,32.6,14.4,26.1,12.2,14.7,89.7,5.8,0.0,0.5,1.2,2.8,29.6,80.1,13.0,6.8,0.1,7.5,135346.2637036815
1369,Mississippi,Lowndes County,59558,2.0,52.2,43.5,0.2,1.0,0.0,23141,21.1,29.6,17.1,24.2,9.6,19.5,87.4,7.5,0.0,0.7,1.6,2.8,20.8,78.2,17.6,4.1,0.2,11.4,124342.36809179447
1370,Mississippi,Madison County,102212,2.9,55.6,38.2,0.2,2.5,0.0,36627,12.0,46.3,11.8,24.3,6.8,10.8,88.2,7.7,0.3,0.7,1.2,1.9,22.1,75.0,18.8,6.1,0.1,5.1,223703.36399545
1371,Mississippi,Marion County,25466,1.5,65.0,32.1,0.3,0.3,0.1,19610,25.9,28.2,15.7,24.4,17.4,14.3,82.3,8.4,0.5,0.6,4.5,3.7,30.8,80.7,12.2,6.3,0.8,8.3,106645.37658480894
1372,Mississippi,Marshall County,35981,3.5,47.7,47.6,0.1,0.1,0.0,19775,17.8,23.2,14.3,24.9,12.6,25.1,86.1,5.4,0.4,1.4,0.8,6.0,28.2,80.3,11.9,7.7,0.1,6.2,127758.4209958446
1373,Mississippi,Monroe County,35967,1.2,67.0,30.1,0.0,0.2,0.0,21643,19.2,26.5,17.0,19.6,10.5,26.5,85.5,10.2,0.2,0.9,0.2,3.0,25.0,80.8,13.9,5.1,0.3,7.4,114874.11039214954
1374,Mississippi,Montgomery County,10309,2.3,52.4,42.0,0.0,0.3,0.0,22666,25.6,30.6,17.3,20.0,13.7,18.3,89.1,6.6,0.0,0.0,1.8,2.4,27.1,67.0,29.1,3.8,0.0,9.1,86808.32689271108
1376,Mississippi,Newton County,21437,1.8,61.5,30.0,5.1,0.5,0.0,21177,23.0,31.4,14.1,21.6,13.7,19.1,84.2,11.2,0.0,1.0,1.6,1.9,26.1,70.7,23.6,5.3,0.4,7.7,101312.29854574827
1379,Mississippi,Panola County,34229,1.7,47.3,50.1,0.1,0.0,0.0,20191,20.5,29.7,13.8,21.7,8.1,26.7,86.6,7.8,0.1,0.8,0.9,3.8,25.6,79.5,16.6,3.9,0.0,7.6,107930.75063542054
1380,Mississippi,Pearl River County,55049,3.0,81.9,12.9,0.1,0.3,0.0,22136,17.9,29.4,17.5,24.1,12.9,16.1,82.3,12.3,0.0,1.3,1.6,2.6,34.5,75.3,17.5,6.9,0.2,10.0,150911.52131454917
1383,Mississippi,Pontotoc County,31075,6.2,77.2,14.8,0.0,0.8,0.0,20421,17.0,22.8,12.0,26.8,8.0,30.5,88.8,7.8,0.1,0.6,2.2,0.6,23.9,82.4,12.3,5.2,0.2,6.3,155044.9097934386
1384,Mississippi,Prentiss County,25389,1.4,83.1,13.4,0.0,0.1,0.0,19016,22.5,21.7,19.7,23.1,9.3,26.1,85.0,10.7,0.0,1.7,1.1,1.6,25.4,77.2,13.5,9.2,0.0,7.0,121004.41879442353
1385,Mississippi,Rankin County,149645,2.6,74.9,20.0,0.1,1.2,0.0,29055,8.5,40.1,15.1,25.2,10.4,9.3,87.4,8.7,0.1,0.5,0.9,2.5,25.4,75.8,18.8,5.3,0.1,4.5,169298.1353240871
1386,Mississippi,Scott County,28399,10.8,49.9,38.5,0.5,0.3,0.0,20520,27.8,24.1,16.4,21.1,15.8,22.6,79.2,17.2,0.2,0.8,0.9,1.6,25.9,80.5,14.0,5.3,0.2,10.9,87956.91731927189
1387,Mississippi,Simpson County,27215,0.5,61.6,36.5,0.0,0.2,0.0,19336,27.1,27.8,17.2,20.0,15.2,19.8,87.3,8.8,0.3,1.3,1.4,0.9,35.7,76.2,17.7,6.0,0.1,9.9,125485.34803199615
1388,Mississippi,Smith County,16114,1.6,74.3,23.6,0.0,0.0,0.0,21864,18.2,23.2,15.4,20.5,17.2,23.7,88.5,6.2,0.7,0.3,3.0,1.3,33.0,77.3,16.5,5.3,0.9,4.7,109556.2772349897
1391,Mississippi,Tallahatchie County,14552,15.0,35.4,47.2,0.4,1.5,0.2,14163,28.3,31.6,22.0,16.5,11.6,18.3,83.2,8.0,0.0,3.3,0.1,5.4,26.1,69.8,22.5,7.6,0.1,13.7,70529.09760993833
1392,Mississippi,Tate County,28333,2.5,64.8,30.0,0.1,0.3,0.1,21671,19.3,28.9,15.4,23.5,14.3,17.9,84.7,10.4,0.0,1.1,1.2,2.5,32.1,82.5,13.6,3.8,0.1,7.7,137087.04543828487
1393,Mississippi,Tippah County,21993,4.7,77.3,16.6,0.0,0.5,0.1,19780,22.8,25.7,10.1,22.9,9.6,31.6,84.7,10.2,0.0,1.2,0.4,3.5,23.9,81.7,12.7,5.5,0.2,8.9,115658.67578786
1394,Mississippi,Tishomingo County,19476,2.9,93.4,2.5,0.3,0.1,0.0,19379,18.6,22.3,15.9,23.2,11.4,27.2,85.8,10.4,0.3,1.5,1.0,1.1,22.3,82.4,12.2,5.2,0.1,10.8,115445.90989176724
1396,Mississippi,Union County,28202,4.2,78.6,14.8,0.0,0.9,0.2,19518,18.2,24.3,14.5,24.3,11.2,25.8,85.2,11.7,0.0,0.8,0.4,1.9,23.8,80.3,12.3,7.4,0.0,8.3,138119.58869857228
1397,Mississippi,Walthall County,14670,0.6,52.7,45.7,0.0,0.5,0.0,20155,26.3,29.8,14.0,22.6,16.4,17.2,82.4,11.5,0.2,0.7,2.5,2.7,35.1,72.2,16.3,11.4,0.1,6.7,111533.24105516319
1398,Mississippi,Warren County,47510,0.6,47.7,50.2,0.1,0.5,0.0,22542,23.7,34.3,21.6,19.7,9.4,15.0,87.0,9.2,0.1,1.0,1.4,1.3,18.5,71.9,23.3,4.6,0.2,7.9,125471.98989770866
1399,Mississippi,Wayne County,20458,0.6,57.8,40.5,0.3,0.1,0.0,21515,24.3,26.7,14.1,20.0,17.1,22.0,79.2,7.3,1.1,1.5,3.9,7.1,33.6,74.7,15.2,10.1,0.0,10.4,105701.91995420423
1400,Mississippi,Webster County,9868,1.5,78.0,19.2,0.2,0.2,0.0,20662,25.3,37.4,14.6,17.6,11.2,19.1,83.9,10.8,0.6,1.7,2.1,0.9,28.1,67.3,26.7,5.3,0.6,9.4,100799.80167208296
1402,Mississippi,Winston County,18482,1.2,50.3,47.0,1.2,0.0,0.0,23527,25.3,27.2,21.0,19.0,12.4,20.4,76.7,16.5,1.0,2.1,2.7,1.0,27.6,72.8,21.5,5.3,0.4,9.9,88366.0681592333
1403,Mississippi,Yalobusha County,12426,1.5,58.3,39.7,0.2,0.2,0.0,20037,22.6,21.7,16.2,20.4,11.6,30.1,87.9,11.1,0.1,0.4,0.4,0.2,25.4,77.6,18.6,3.8,0.0,5.3,115426.74878641484
1405,Missouri,Adair County,25437,2.3,90.5,2.4,0.2,2.3,0.1,21778,26.2,36.8,18.2,24.1,9.4,11.5,77.3,12.1,0.1,4.0,2.6,4.0,17.1,73.6,20.9,5.3,0.2,5.5,120283.8607350854
1406,Missouri,Andrew County,17358,2.3,94.9,1.3,0.1,0.1,0.0,28003,9.0,35.4,14.9,22.6,10.6,16.5,86.8,6.6,0.0,2.2,0.5,3.8,22.5,78.3,16.1,5.4,0.1,4.2,158837.64840822967
1407,Missouri,Atchison County,5335,1.2,96.6,0.4,0.4,0.6,0.0,28209,12.1,31.9,21.6,18.4,10.5,17.6,83.9,8.1,0.4,3.7,0.5,3.5,17.9,75.1,17.0,7.7,0.2,4.1,73573.03327498054
1408,Missouri,Audrain County,25763,2.9,87.1,6.1,0.2,0.2,0.0,21226,16.7,26.8,20.5,20.8,10.3,21.5,80.8,10.0,0.0,3.1,2.0,4.1,21.0,77.7,15.5,6.6,0.2,7.4,91009.40192273499
1409,Missouri,Barry County,35398,9.0,86.5,0.3,0.6,1.5,0.0,20840,20.5,24.7,15.6,20.1,13.1,26.5,79.8,11.6,0.4,2.2,1.3,4.7,23.4,80.4,10.5,9.0,0.0,8.0,119278.08707836265
1410,Missouri,Barton County,11942,2.5,92.7,0.2,1.9,0.6,0.0,24628,20.9,32.7,11.7,22.7,11.5,21.4,81.8,6.4,0.3,4.0,1.5,5.9,22.8,73.7,14.6,11.0,0.7,5.4,116624.83025195332
1411,Missouri,Bates County,16405,2.1,94.5,1.2,0.4,0.2,0.1,25873,14.3,27.1,20.1,20.9,16.1,15.9,74.6,12.7,0.6,3.0,1.0,8.1,30.1,74.5,13.6,11.6,0.3,5.2,130723.30137680906
1412,Missouri,Benton County,18918,1.9,95.3,0.4,0.4,0.1,0.0,20163,18.6,31.0,18.5,21.4,11.5,17.6,75.8,14.0,0.6,1.5,1.4,6.7,27.4,73.2,16.0,10.8,0.0,9.7,101231.07716546091
1413,Missouri,Bollinger County,12347,1.2,96.5,0.4,0.7,0.4,0.0,20687,19.9,24.4,17.5,19.0,16.8,22.3,71.2,18.2,1.0,4.5,1.1,4.1,32.6,80.3,9.9,9.7,0.0,5.1,145120.69610513313
1414,Missouri,Boone County,174589,3.3,79.5,8.5,0.1,4.2,0.1,28495,18.7,44.8,17.9,23.1,6.3,7.9,77.7,11.0,1.1,3.9,2.1,4.2,17.9,74.0,21.1,4.7,0.2,4.4,184522.68066664625
1415,Missouri,Buchanan County,89425,6.4,83.8,5.4,0.2,1.0,0.2,24271,17.3,28.0,19.5,23.5,8.1,21.0,83.5,10.7,0.8,1.5,1.2,2.3,17.4,84.1,11.3,4.6,0.1,5.7,109991.90986970911
1416,Missouri,Butler County,42826,2.0,89.0,5.4,0.5,0.7,0.0,20855,21.6,29.2,18.0,24.8,8.4,19.6,80.8,10.5,0.7,2.6,2.1,3.3,18.0,77.6,15.9,6.3,0.2,9.2,111362.58069734006
1417,Missouri,Caldwell County,9046,2.1,94.8,0.5,0.4,0.4,0.0,24200,13.3,28.2,17.6,22.3,16.1,15.8,82.9,9.3,0.1,3.4,0.7,3.7,32.6,72.4,19.0,8.5,0.1,3.8,111734.91105895139
1418,Missouri,Callaway County,44793,2.0,90.2,4.3,0.5,0.8,0.0,24208,12.3,31.9,18.5,23.9,11.6,14.2,82.5,10.2,0.1,1.0,2.7,3.5,23.5,70.8,23.9,5.2,0.1,4.3,157297.92177963495
1419,Missouri,Camden County,44855,2.7,94.5,0.7,0.6,0.6,0.0,25492,17.5,29.1,21.9,27.0,11.1,10.9,82.2,10.5,0.0,0.5,1.4,5.2,22.4,79.3,11.6,9.0,0.1,8.0,199584.9409608201
1420,Missouri,Cape Girardeau County,78013,2.3,86.4,7.9,0.1,1.4,0.0,25965,17.7,34.4,20.0,23.8,8.9,12.9,83.1,9.8,0.4,2.4,1.5,2.9,19.6,81.0,14.2,4.7,0.1,5.3,149059.4971117328
1421,Missouri,Carroll County,8909,1.5,94.9,0.9,0.0,0.3,0.0,24642,18.4,28.7,16.9,20.9,15.6,17.8,78.6,9.2,0.1,1.3,1.5,9.3,26.0,74.6,13.0,12.1,0.3,8.2,87502.73441422712
1422,Missouri,Carter County,6255,2.3,94.6,0.0,0.8,0.0,0.0,21569,14.5,29.8,22.2,15.2,13.4,19.4,72.4,11.6,0.0,4.9,3.5,7.7,24.6,75.0,13.4,11.7,0.0,6.9,109963.76755449099
1423,Missouri,Cass County,101888,4.2,88.5,3.7,0.4,0.8,0.0,30618,9.5,35.3,15.1,24.8,12.0,12.8,85.6,8.3,0.1,0.8,0.8,4.5,27.9,82.3,11.7,5.8,0.2,4.9,184190.1091651195
1424,Missouri,Cedar County,13862,2.0,95.0,0.0,0.0,0.2,0.2,20228,22.6,29.0,21.8,19.7,14.2,15.3,85.8,7.2,0.0,2.4,0.8,3.8,25.5,72.8,16.8,9.9,0.4,11.2,107114.00992004173
1425,Missouri,Christian County,83028,2.8,93.7,0.6,0.3,0.5,0.1,26628,10.4,35.9,16.8,26.9,9.6,10.9,84.7,8.5,0.1,0.8,1.4,4.5,25.4,83.0,10.6,6.3,0.1,5.3,169499.57788994326
1426,Missouri,Clay County,236068,6.6,82.1,5.6,0.3,2.2,0.2,31953,8.9,37.0,16.6,25.4,7.2,13.8,84.0,8.1,0.6,1.2,0.9,5.1,23.1,83.9,11.9,4.0,0.1,4.4,175086.98905453642
1427,Missouri,Clinton County,20495,2.0,93.9,2.0,0.4,0.3,0.0,27655,11.0,29.2,18.2,21.8,13.8,17.0,81.9,12.2,0.6,1.0,0.8,3.5,31.7,80.3,13.5,5.5,0.7,3.8,147032.41802676275
1428,Missouri,Cole County,76749,2.8,81.5,11.6,0.3,1.4,0.1,27559,12.6,37.6,16.0,25.7,8.2,12.4,85.6,9.3,0.4,1.1,0.9,2.7,18.0,68.5,26.5,4.8,0.2,4.4,147932.0897609182
1429,Missouri,Cooper County,17620,1.8,88.2,6.5,0.3,0.3,0.1,22371,11.2,31.3,20.4,23.6,10.4,14.3,83.4,9.6,0.2,2.0,1.2,3.7,24.0,78.1,14.6,7.2,0.1,5.0,130476.85246048332
1430,Missouri,Crawford County,24387,1.9,95.5,0.3,0.0,0.1,0.0,20799,20.0,24.2,23.5,17.4,13.7,21.3,80.5,13.2,0.4,1.8,0.8,3.4,26.8,79.8,10.8,8.9,0.5,11.6,125379.83635929709
1431,Missouri,Dade County,7581,2.0,94.0,0.4,0.7,0.1,0.1,20468,22.9,31.7,16.0,20.2,13.3,18.8,76.9,8.9,0.2,3.1,1.7,9.2,24.1,72.0,12.7,14.2,1.1,9.3,95514.12554833324
1432,Missouri,Dallas County,16441,1.9,94.9,0.0,0.7,0.2,0.0,19647,15.7,26.5,19.1,21.3,11.5,21.6,76.5,14.1,0.3,2.0,3.4,3.8,33.1,79.2,8.7,11.5,0.5,7.8,124059.81628812337
1433,Missouri,Daviess County,8300,1.5,96.2,0.8,0.7,0.2,0.0,22642,13.2,27.9,16.7,24.6,15.0,15.8,73.4,13.3,0.0,3.2,4.5,5.6,25.4,67.0,19.2,13.5,0.3,3.5,123813.0859308564
1434,Missouri,DeKalb County,12564,2.2,84.2,9.8,0.7,0.2,0.1,18994,12.5,31.1,18.1,20.6,11.9,18.4,83.2,9.5,0.0,0.7,1.3,5.2,25.0,74.5,17.4,7.8,0.3,3.4,139951.4974346465
1435,Missouri,Dent County,15566,1.6,94.8,0.4,0.9,0.4,0.0,20908,20.8,28.0,21.5,18.5,14.8,17.3,80.7,13.0,0.3,0.9,1.6,3.4,25.6,78.9,13.0,8.0,0.1,7.3,95344.67563168408
1436,Missouri,Douglas County,13391,1.4,98.0,0.1,0.1,0.1,0.0,18095,20.6,16.3,19.2,23.3,18.7,22.6,78.9,12.9,0.1,3.8,0.7,3.6,31.5,81.0,8.3,9.7,1.0,7.0,103705.76910321676
1437,Missouri,Dunklin County,30905,6.4,81.1,9.7,0.3,0.4,0.0,18878,26.6,27.9,20.4,21.3,12.4,18.0,82.3,11.5,0.1,2.4,1.3,2.3,20.5,75.0,16.9,7.9,0.2,6.9,77612.68099761922
1438,Missouri,Franklin County,102413,1.7,95.3,0.8,0.2,0.6,0.0,27209,10.6,30.2,15.5,22.7,12.3,19.3,85.3,8.9,0.6,1.7,0.7,2.9,28.3,84.9,9.3,5.6,0.2,4.9,157983.29520024126
1439,Missouri,Gasconade County,14769,1.3,96.2,0.6,0.4,0.2,0.0,25963,12.0,27.0,17.1,20.4,13.1,22.5,81.8,11.9,0.2,2.2,0.6,3.4,26.0,80.7,10.9,8.0,0.3,3.4,118803.8630387317
1440,Missouri,Gentry County,6688,0.3,96.4,0.9,0.7,0.4,0.1,20903,18.1,31.5,19.6,17.8,13.1,18.1,77.1,13.8,0.4,3.6,0.8,4.1,21.5,73.5,15.9,10.4,0.2,4.1,71390.82532467482
1441,Missouri,Greene County,286759,3.5,88.2,3.2,0.4,1.9,0.1,25529,18.5,35.9,18.8,26.9,7.1,11.3,81.7,9.6,0.7,2.4,1.5,4.1,19.3,83.4,11.5,5.0,0.1,5.0,127861.4959204287
1442,Missouri,Grundy County,10111,2.1,94.6,0.3,1.0,0.3,0.1,22014,20.5,30.2,18.0,18.7,13.2,19.9,79.4,7.3,1.7,5.4,1.4,4.8,16.9,74.7,16.0,8.5,0.7,3.6,53180.379846762546
1443,Missouri,Harrison County,8615,2.1,95.5,0.8,0.2,0.0,0.0,20947,18.3,29.5,19.4,23.0,13.6,14.6,76.2,12.3,0.0,5.6,2.4,3.5,19.3,71.7,16.6,11.1,0.7,3.3,63213.963469748385
1444,Missouri,Henry County,21834,2.2,94.0,1.5,0.7,0.2,0.0,24371,21.2,29.8,16.5,22.3,13.9,17.5,85.2,7.8,0.0,1.5,1.2,4.3,23.2,78.1,13.5,8.0,0.3,6.7,95345.29502696254
1445,Missouri,Hickory County,9352,1.5,95.3,0.1,1.7,0.0,0.1,19711,23.3,25.9,18.6,22.1,17.6,15.7,80.4,11.9,0.0,1.9,1.7,4.1,29.7,72.6,14.5,12.0,0.9,9.6,95012.6125563621
1446,Missouri,Howard County,10144,1.4,90.8,5.1,0.5,0.2,0.1,23430,16.4,35.1,19.2,19.5,12.3,13.9,77.8,10.4,0.5,2.3,1.8,7.2,23.3,72.1,17.2,10.7,0.0,4.6,114508.45206899074
1447,Missouri,Howell County,40139,2.1,94.5,0.3,0.3,0.5,0.0,20274,22.9,29.5,20.4,21.7,13.7,14.7,83.3,10.5,0.3,1.2,0.7,4.0,19.3,75.8,13.7,10.2,0.3,5.0,112536.09862526174
1448,Missouri,Iron County,10286,1.7,94.5,1.5,0.6,0.0,0.0,19414,21.2,18.9,26.1,21.8,13.2,20.2,82.3,10.4,0.2,2.4,1.5,3.0,28.2,73.1,19.0,7.8,0.1,8.6,79226.18253194261
1449,Missouri,Jackson County,688554,8.8,62.5,23.4,0.4,1.8,0.3,28965,15.9,36.5,17.6,25.6,7.6,12.7,82.7,7.6,2.2,1.7,1.3,4.5,23.4,83.7,11.3,4.9,0.1,5.7,125769.23396584838
1450,Missouri,Jasper County,118522,7.7,84.7,2.1,1.4,1.1,0.1,23390,17.3,30.3,17.7,24.3,9.8,17.9,84.0,9.2,0.4,1.5,1.2,3.8,17.7,83.3,10.5,5.9,0.3,5.5,116864.2582042893
1451,Missouri,Jefferson County,222639,1.8,94.7,1.0,0.2,0.8,0.0,27443,10.9,31.3,17.9,25.1,12.4,13.3,87.0,8.0,0.2,0.6,0.5,3.7,30.9,85.6,9.6,4.6,0.2,6.5,173838.46882274785
1452,Missouri,Johnson County,53941,4.1,86.2,4.5,0.6,1.4,0.3,23304,16.2,32.3,20.4,23.3,9.5,14.5,79.4,9.1,0.1,4.9,1.3,5.3,21.5,71.5,21.9,6.3,0.3,6.9,167410.1884801781
1453,Missouri,Knox County,3976,1.0,96.5,0.4,0.0,0.1,0.4,22171,20.2,33.3,12.9,21.3,16.0,16.6,77.7,7.2,0.0,4.4,0.6,10.0,22.8,73.4,10.5,15.5,0.5,5.8,73886.27095588714
1454,Missouri,Laclede County,35488,2.3,93.8,0.5,0.4,0.4,0.0,20534,17.7,26.6,16.4,20.4,8.5,28.0,80.6,12.6,0.1,1.7,1.3,3.7,21.3,80.8,11.1,8.1,0.1,7.7,122486.21159066819
1455,Missouri,Lafayette County,32655,2.7,92.2,2.0,0.2,0.5,0.1,27260,12.8,27.4,18.2,22.5,14.0,18.0,81.2,10.1,0.3,2.3,1.4,4.7,25.5,78.3,12.4,8.9,0.4,5.5,123133.5212886138
1456,Missouri,Lawrence County,38131,7.2,89.7,0.6,0.5,0.5,0.0,21022,17.1,27.7,21.2,19.6,10.2,21.2,78.1,12.2,0.1,1.8,2.7,5.1,22.2,79.6,11.4,8.6,0.4,6.2,100638.19828995042
1457,Missouri,Lewis County,10078,1.7,92.8,2.9,0.6,0.2,0.1,22083,15.2,23.6,20.0,19.8,13.0,23.5,74.8,10.7,0.5,4.1,1.2,8.7,25.3,81.2,10.7,8.0,0.1,2.9,107622.0345956412
1458,Missouri,Lincoln County,54800,2.3,93.4,1.9,0.2,0.4,0.1,24023,13.2,25.6,16.0,23.3,14.7,20.4,86.7,8.5,0.2,0.3,1.3,3.0,33.1,84.6,10.0,5.2,0.2,6.3,169988.6167959527
1459,Missouri,Linn County,12248,2.1,95.1,0.4,0.2,0.3,0.1,22361,16.5,26.3,18.4,23.4,13.0,18.9,79.9,11.8,0.0,2.5,1.9,4.0,19.0,77.0,14.3,8.2,0.5,3.2,69765.89808779347
1460,Missouri,Livingston County,15025,1.7,93.0,2.8,0.6,0.5,0.2,22248,17.9,29.5,22.3,23.9,9.7,14.7,81.5,9.6,0.4,2.7,1.2,4.6,18.7,72.4,19.3,8.2,0.1,3.4,104901.78599427386
1462,Missouri,Macon County,15319,1.3,94.0,2.3,0.3,0.4,0.0,20890,17.0,27.9,17.3,21.2,14.2,19.4,81.4,10.0,0.9,2.6,1.8,3.3,20.0,76.1,15.3,8.3,0.3,7.4,103679.41423887944
1463,Missouri,Madison County,12226,2.3,94.9,0.9,0.3,0.4,0.0,20081,18.8,20.9,21.1,21.7,18.6,17.6,79.9,13.6,0.1,1.1,2.4,2.9,25.4,78.6,17.0,4.4,0.0,5.8,95519.17343475374
1464,Missouri,Maries County,8959,2.5,95.8,0.4,0.9,0.2,0.0,22087,18.9,24.6,17.1,19.6,13.5,25.2,71.8,15.7,0.1,2.5,2.1,7.8,31.0,74.0,18.0,8.0,0.0,7.7,158981.97044100755
1465,Missouri,Marion County,28703,1.6,90.2,4.9,0.2,0.7,0.1,22662,18.4,30.3,18.6,20.6,12.3,18.2,83.8,7.3,0.4,3.1,1.3,4.2,18.6,79.9,13.4,6.6,0.1,6.5,106438.2522231448
1466,Missouri,Mercer County,3669,1.7,95.8,0.4,0.0,0.6,0.1,20374,17.7,32.4,14.0,18.9,12.9,21.7,74.8,7.3,1.1,6.2,1.8,8.9,21.7,67.7,17.4,14.2,0.8,3.5,63564.972004173935
1467,Missouri,Miller County,24947,1.8,95.0,0.4,1.2,0.5,0.0,23346,16.5,25.6,21.6,25.6,11.3,15.9,76.3,16.4,0.1,2.0,1.9,3.4,26.6,74.3,17.1,8.3,0.2,7.1,129543.99008447671
1468,Missouri,Mississippi County,13916,2.0,71.8,23.9,0.8,0.1,0.0,17918,31.7,21.9,23.5,22.7,12.9,19.0,78.0,16.7,0.3,2.1,0.4,2.6,16.5,75.4,16.0,8.3,0.3,10.0,61356.76355485028
1469,Missouri,Moniteau County,15904,4.6,89.7,3.4,0.7,0.0,0.0,21305,11.9,29.0,15.5,24.3,11.8,19.4,79.9,12.0,0.6,1.8,2.9,2.9,25.1,69.6,23.8,6.4,0.2,5.7,128879.45553445606
1470,Missouri,Monroe County,8676,1.6,93.3,3.4,0.1,0.2,0.2,22255,13.0,24.6,18.2,24.0,10.5,22.7,80.5,11.5,0.0,1.4,1.5,5.1,25.3,78.0,13.8,8.0,0.2,4.5,119916.93311521261
1471,Missouri,Montgomery County,11618,1.8,94.4,1.4,0.1,0.1,0.2,21757,16.1,28.3,18.5,17.6,12.9,22.7,84.9,8.5,0.5,2.6,0.3,3.1,25.8,76.0,14.8,9.0,0.2,5.8,133545.66403614767
1472,Missouri,Morgan County,20097,2.1,94.4,0.8,0.5,0.1,0.0,20055,25.5,23.8,17.5,28.3,11.2,19.2,71.7,13.5,0.0,4.2,4.8,5.8,23.6,73.6,13.6,12.4,0.4,7.3,168688.72788538274
1473,Missouri,New Madrid County,18030,1.8,80.0,16.0,0.4,0.0,0.0,20261,24.1,24.0,24.8,18.1,10.4,22.7,80.6,11.7,0.5,3.0,0.3,3.8,19.1,77.6,16.1,6.3,0.0,9.4,55862.95662981789
1474,Missouri,Newton County,58237,5.1,86.5,0.9,2.3,1.3,0.9,25837,12.9,28.9,16.3,23.5,10.9,20.4,81.1,10.8,0.1,1.5,1.5,5.0,21.7,83.5,9.5,6.6,0.4,5.4,113808.66695331586
1475,Missouri,Nodaway County,22744,1.6,92.8,2.6,0.3,1.7,0.3,21056,22.6,29.9,25.1,21.0,8.4,15.6,79.0,10.1,0.1,6.2,1.3,3.3,16.1,74.9,17.6,7.4,0.1,4.7,124267.58230518502
1476,Missouri,Oregon County,10779,1.6,94.3,0.2,1.0,0.8,0.0,18309,25.3,26.1,19.2,19.1,11.5,24.0,84.0,6.6,2.0,1.9,1.9,3.7,20.9,75.3,12.9,11.6,0.2,5.0,97970.59149217598
1477,Missouri,Osage County,13610,0.8,97.5,0.7,0.5,0.0,0.0,24995,6.8,27.6,15.5,25.7,13.7,17.4,80.0,14.4,0.2,1.3,1.3,2.8,25.6,71.8,21.9,5.7,0.5,3.3,138688.56939358232
1478,Missouri,Ozark County,9328,1.7,95.7,0.0,0.1,0.3,0.0,17857,27.6,28.5,11.0,23.2,17.0,20.3,79.7,11.6,0.2,2.8,0.7,5.0,29.4,71.2,12.6,16.3,0.0,8.4,107706.27427796648
1479,Missouri,Pemiscot County,17344,2.4,68.9,26.7,0.1,0.0,0.0,18883,28.5,24.7,22.8,18.4,9.4,24.7,85.2,9.6,0.4,2.5,0.6,1.8,17.4,79.0,16.0,4.9,0.2,10.7,72701.71019891609
1480,Missouri,Perry County,19135,2.1,95.6,0.3,0.5,0.7,0.0,24846,8.2,29.3,14.6,20.7,13.9,21.4,84.1,11.9,0.2,0.6,0.4,2.8,23.2,84.1,9.5,6.4,0.0,4.1,126180.63865647763
1481,Missouri,Pettis County,42309,8.6,85.3,2.8,0.1,0.6,0.1,22304,17.2,27.9,18.6,20.8,10.0,22.7,83.7,9.0,0.6,1.8,0.5,4.3,18.3,82.1,10.6,7.2,0.2,5.8,86494.91165022714
1482,Missouri,Phelps County,44873,2.4,89.1,2.5,0.8,3.7,0.0,23691,20.4,39.4,19.1,21.2,7.4,12.9,80.5,10.2,0.7,3.6,2.2,2.8,19.6,75.7,19.3,4.9,0.0,6.3,129714.71882556412
1483,Missouri,Pike County,18517,2.2,88.3,5.9,0.5,0.6,0.1,20947,15.1,26.5,16.6,24.5,14.8,17.6,81.2,7.1,0.2,2.6,1.6,7.4,23.0,73.2,17.0,9.6,0.1,4.8,110106.38696391803
1484,Missouri,Platte County,96899,5.8,82.0,6.6,0.3,2.8,0.0,37443,7.2,43.5,14.5,25.6,6.7,9.7,83.9,8.8,0.6,1.0,0.8,4.9,23.2,81.5,13.6,4.8,0.2,4.0,229778.8095698279
1485,Missouri,Polk County,31347,2.3,93.9,0.6,1.0,0.1,0.1,21357,14.4,34.4,19.1,19.7,12.3,14.4,78.4,11.3,0.1,2.8,0.9,6.5,24.2,77.8,11.7,9.7,0.8,5.8,137302.61002053233
1487,Missouri,Putnam County,4846,1.1,96.4,0.5,0.2,0.3,0.0,20729,16.9,29.2,14.5,18.9,15.6,21.9,73.6,15.7,0.0,2.1,0.5,8.0,19.8,75.1,9.1,15.1,0.7,5.9,105677.80484298988
1488,Missouri,Ralls County,10208,1.2,95.8,1.3,0.5,0.5,0.0,24687,13.3,27.1,15.0,25.6,12.0,20.3,84.7,6.7,0.1,2.0,0.5,6.1,22.5,76.7,15.0,8.1,0.2,4.5,133615.43030073747
1489,Missouri,Randolph County,24987,2.0,89.0,5.7,0.5,0.6,0.1,19984,16.5,29.0,16.8,27.2,10.6,16.5,84.4,8.8,0.1,2.2,1.0,3.5,21.4,76.3,16.5,7.0,0.2,6.1,95251.51464717959
1490,Missouri,Ray County,22859,2.3,94.0,1.5,0.5,0.2,0.0,26781,15.6,26.0,15.6,21.5,12.6,24.3,84.2,11.4,0.1,1.2,0.4,2.6,30.3,82.0,11.3,6.8,0.0,5.4,126582.69967263566
1492,Missouri,Ripley County,13807,1.3,95.3,0.2,0.4,0.0,0.4,18434,23.4,27.7,22.2,21.8,9.7,18.7,78.8,12.7,0.0,2.8,1.7,4.0,24.8,72.8,16.5,10.7,0.0,7.2,137442.0004754295
1493,Missouri,Saline County,23010,9.7,81.1,4.7,0.3,0.8,0.9,21729,17.3,29.8,19.5,19.2,9.9,21.6,79.4,12.6,0.8,2.5,1.5,3.2,16.5,76.7,16.0,7.1,0.1,4.6,126918.93038109067
1494,Missouri,Schuyler County,4450,0.7,97.3,0.8,0.0,0.0,0.0,19882,18.4,27.1,16.2,22.9,14.0,19.8,84.3,8.4,0.2,1.8,1.3,4.1,25.4,69.6,17.8,11.9,0.6,6.0,90719.5620029398
1496,Missouri,Scott County,38858,2.2,83.6,11.4,0.5,0.4,0.0,22939,20.1,27.3,18.9,23.5,11.1,19.1,81.9,11.9,0.2,1.5,0.8,3.6,20.0,81.4,11.7,6.7,0.2,6.0,114112.86813518795
1498,Missouri,Shelby County,6084,1.7,95.9,2.0,0.0,0.1,0.0,22349,15.5,27.7,15.7,21.1,18.1,17.4,77.1,8.1,0.3,5.8,0.5,8.2,21.5,74.6,12.4,12.9,0.2,4.8,100045.5211420016
1499,Missouri,Stoddard County,29634,1.6,95.6,1.5,0.1,0.1,0.0,21684,16.8,26.5,15.7,24.0,12.3,21.5,82.9,10.8,0.4,2.0,1.0,2.8,22.1,77.0,13.5,9.5,0.0,7.1,105463.24882371062
1500,Missouri,Stone County,31529,2.1,95.1,0.2,1.1,0.1,0.1,26052,12.8,27.8,19.1,25.8,15.9,11.4,76.7,13.4,0.0,1.9,0.5,7.5,28.9,78.4,10.2,11.2,0.3,7.7,173783.37907525487
1501,Missouri,Taney County,54308,5.6,89.4,1.0,0.8,0.9,0.1,21381,17.1,27.3,24.9,30.4,8.7,8.7,75.0,15.6,0.7,2.8,1.1,4.9,21.2,82.8,9.3,7.7,0.1,6.3,136849.28159207245
1502,Missouri,Texas County,25714,2.0,91.2,2.0,2.2,0.2,0.0,17918,25.3,25.7,21.0,20.7,15.9,16.7,77.3,15.3,0.2,2.4,0.7,3.9,24.7,71.6,21.2,6.9,0.3,7.1,107940.01710731216
1503,Missouri,Vernon County,20665,2.1,94.1,1.1,0.6,0.6,0.0,22369,15.2,31.6,19.3,19.6,13.9,15.6,75.9,10.2,0.3,4.1,1.3,8.2,17.1,75.9,13.9,9.2,1.0,4.1,107652.99348003633
1504,Missouri,Warren County,33554,3.2,92.0,2.3,0.5,0.4,0.2,26845,12.8,26.2,16.5,24.0,15.9,17.4,87.4,7.7,0.0,0.9,0.7,3.3,30.7,86.3,9.0,4.5,0.2,6.1,205753.68566461155
1505,Missouri,Washington County,24968,1.3,94.4,2.4,0.2,0.0,0.0,18314,20.2,21.4,21.3,18.9,17.9,20.6,82.5,11.5,0.5,1.0,1.2,3.3,33.3,80.0,15.2,4.8,0.0,9.9,88515.34041028812
1506,Missouri,Wayne County,13369,1.6,95.3,0.6,0.4,0.1,0.0,18897,23.4,26.0,22.7,19.5,13.8,17.9,78.9,15.5,0.8,0.5,0.6,3.8,26.1,81.0,12.1,6.9,0.0,8.1,87128.86877673217
1507,Missouri,Webster County,37558,2.0,94.5,1.2,0.3,0.3,0.2,20468,18.4,24.9,16.5,23.6,14.8,20.2,81.4,12.0,0.4,2.3,1.4,2.5,28.9,79.9,10.8,9.2,0.1,4.8,146926.6035445244
1508,Missouri,Wright County,18304,1.7,95.3,0.6,0.2,0.5,0.0,19805,25.0,22.9,19.5,19.2,16.1,22.3,77.4,10.4,0.0,4.3,2.4,5.5,27.6,70.5,15.5,13.3,0.7,8.4,103352.98480045742
1509,Montana,Beaverhead County,9360,4.2,91.3,0.1,2.0,0.6,0.0,28420,16.1,34.1,19.4,21.8,15.0,9.7,70.4,8.0,0.0,10.8,2.7,8.0,14.2,69.0,17.4,13.0,0.6,4.6,184804.89388488818
1512,Montana,Broadwater County,5755,2.6,94.4,0.1,1.5,0.0,0.0,32268,7.8,36.4,17.6,15.4,18.7,11.8,74.3,10.7,0.0,5.4,1.3,8.2,26.5,62.6,23.5,13.2,0.8,4.1,220669.25412318305
1515,Montana,Cascade County,81816,4.2,85.8,1.3,4.2,0.8,0.1,28350,13.1,35.6,19.9,23.5,11.6,9.3,79.8,11.2,0.7,3.8,1.1,3.4,15.3,75.0,17.2,7.5,0.4,4.6,178885.2004792051
1517,Montana,Custer County,11895,3.2,92.4,0.5,1.3,0.4,0.0,28501,9.8,33.8,16.7,27.6,12.3,9.5,77.1,10.0,0.7,3.5,1.7,7.0,12.8,73.1,16.8,9.8,0.3,1.7,128947.03781327652
1519,Montana,Dawson County,9324,3.0,92.6,0.5,2.1,0.4,0.0,29130,12.3,33.9,19.5,17.9,15.9,12.9,74.4,10.4,0.2,5.5,1.4,8.1,17.4,70.8,16.4,11.8,1.0,1.1,130016.07194868744
1520,Montana,Deer Lodge County,9131,3.3,90.5,0.4,1.3,0.5,0.0,25107,18.8,29.6,24.7,20.2,13.8,11.8,73.5,11.3,0.2,4.2,1.5,9.3,17.2,62.4,31.4,6.2,0.1,2.3,105841.91190351057
1521,Montana,Fallon County,2925,1.8,93.8,1.4,0.5,1.0,0.0,32371,5.8,25.3,17.4,18.2,23.1,16.0,74.6,5.4,0.0,9.9,0.4,9.6,13.1,71.2,18.1,10.6,0.2,1.7,123102.56577261584
1522,Montana,Fergus County,11327,2.2,94.4,0.1,1.0,0.8,0.7,27491,14.7,36.9,14.7,27.5,11.8,9.1,70.0,7.8,0.1,10.3,3.1,8.7,12.4,68.5,18.9,12.4,0.2,2.6,141053.38979096388
1523,Montana,Flathead County,96147,2.6,93.2,0.3,1.3,0.5,0.0,28379,13.6,34.0,18.3,26.1,12.0,9.6,81.4,6.9,0.8,3.3,1.9,5.8,19.1,79.4,13.4,6.9,0.3,4.0,291147.33267303446
1524,Montana,Gallatin County,100733,3.3,92.3,0.3,0.9,1.3,0.0,33181,13.0,40.3,18.2,21.5,11.7,8.4,73.6,9.3,0.4,5.9,3.7,7.1,17.7,75.5,15.6,8.4,0.4,4.3,370923.64006817125
1530,Montana,Jefferson County,11625,2.3,93.0,0.1,1.4,0.2,0.0,32387,9.9,43.4,17.0,18.5,12.9,8.2,75.5,13.6,0.1,3.9,1.4,5.5,20.3,64.6,25.6,9.4,0.4,5.7,244707.09603803558
1533,Montana,Lewis and Clark County,66290,3.1,91.7,0.3,1.8,0.6,0.1,31252,11.4,45.2,16.3,22.8,8.6,7.2,77.5,9.8,0.4,4.4,2.1,5.9,16.4,64.6,28.9,6.4,0.1,3.2,240921.4209642967
1535,Montana,Lincoln County,19249,2.7,93.2,0.1,1.0,0.4,0.0,22483,16.4,28.9,22.9,20.6,16.6,11.0,79.5,9.0,0.3,5.0,2.6,3.6,16.8,67.8,18.3,13.3,0.6,9.9,185835.0645397478
1537,Montana,Madison County,7902,3.4,93.8,0.3,0.5,0.1,0.0,31620,10.6,33.8,22.6,17.3,17.9,8.3,62.3,11.8,0.8,11.0,2.5,11.6,21.4,67.7,16.1,15.9,0.3,3.4,336831.3533397577
1542,Montana,Park County,16001,2.7,93.9,0.3,0.6,0.1,0.1,29181,13.4,34.8,20.7,19.6,15.3,9.5,66.8,14.3,1.5,6.6,2.1,8.8,25.9,68.1,17.0,14.6,0.2,2.8,291257.36719688174
1545,Montana,Pondera County,6081,1.9,81.5,0.4,14.3,0.3,0.0,22866,19.0,34.9,21.7,18.1,14.1,11.2,68.1,13.1,0.0,8.2,0.6,9.9,14.3,68.5,20.4,10.9,0.2,5.8,128942.07094505285
1549,Montana,Ravalli County,41387,3.3,93.2,0.1,0.6,0.6,0.0,25151,16.0,34.9,18.7,21.1,14.8,10.5,70.3,15.5,0.1,3.5,2.4,8.2,22.8,68.9,15.5,14.8,0.8,6.8,270385.6416212256
1550,Montana,Richland County,11405,5.2,89.4,0.0,3.6,0.5,0.0,33709,5.9,28.2,13.4,23.3,21.7,13.4,78.8,10.4,0.2,5.0,1.4,4.2,16.0,79.9,11.5,8.5,0.1,2.6,217859.578417395
1554,Montana,Sheridan County,3568,2.6,90.9,0.1,1.4,0.9,0.0,32833,12.2,36.2,18.8,22.0,14.6,8.3,73.2,9.4,0.4,7.6,1.1,8.4,14.6,68.7,16.3,14.5,0.4,2.7,101676.86543535766
1555,Montana,Silver Bow County,34514,4.2,91.0,0.5,2.0,0.8,0.0,26248,19.2,33.8,22.3,21.5,10.1,12.4,81.6,9.3,0.6,2.6,3.0,2.9,15.1,76.4,18.3,5.1,0.3,5.9,125571.03500620976
1556,Montana,Stillwater County,9342,3.5,93.4,0.2,1.0,0.2,0.0,31583,6.5,31.8,15.6,19.1,19.2,14.3,64.5,14.1,1.8,7.7,3.6,8.3,24.1,76.3,12.7,10.5,0.6,3.6,220859.77020782986
1557,Montana,Sweet Grass County,3646,1.6,93.9,0.1,0.0,1.0,0.0,28065,10.4,32.9,11.8,19.8,23.2,12.3,65.2,6.6,7.6,7.4,1.8,11.4,22.1,72.2,16.8,11.0,0.1,0.9,189963.8469857444
1558,Montana,Teton County,6040,1.5,94.2,0.2,1.2,0.2,0.0,26884,9.8,37.3,14.5,19.8,17.6,10.8,66.6,13.0,0.9,8.2,3.6,7.6,18.4,66.9,18.4,14.2,0.5,1.7,153271.10915565837
1561,Montana,Valley County,7561,2.4,84.9,0.1,8.9,0.4,0.2,29096,7.4,37.7,14.3,24.5,14.0,9.6,72.9,11.3,0.5,7.3,0.8,7.3,15.4,64.8,20.0,14.3,0.9,4.4,102716.40626320535
1564,Montana,Yellowstone County,156332,5.3,87.0,0.6,4.0,0.6,0.1,32296,10.1,34.0,19.0,23.4,12.2,11.4,81.7,9.7,0.7,2.6,1.3,4.0,18.4,82.0,10.4,7.5,0.2,3.5,236854.58901279423
1565,Nebraska,Adams County,31564,9.4,86.9,0.6,0.1,1.3,0.0,28085,12.4,33.4,19.4,20.4,10.1,16.7,83.0,9.3,0.7,1.8,1.3,3.9,15.3,78.0,15.1,6.7,0.1,4.2,122884.3186021236
1566,Nebraska,Antelope County,6406,3.2,95.3,0.2,0.3,0.4,0.0,28091,11.5,36.2,15.0,18.9,17.2,12.7,76.7,7.4,0.0,4.9,1.2,9.8,16.0,72.0,13.1,14.8,0.1,1.9,112561.66513375005
1568,Nebraska,Box Butte County,11200,12.1,82.3,0.6,2.8,0.3,0.3,28483,10.9,30.0,12.1,19.4,15.3,23.4,83.7,8.5,0.1,2.3,1.8,3.7,10.8,76.2,14.1,9.6,0.1,5.1,101538.92627003998
1570,Nebraska,Brown County,3058,1.2,96.5,0.0,0.2,0.4,0.0,29664,16.0,40.2,19.2,18.7,12.0,9.9,74.5,6.7,0.0,8.5,1.8,8.4,14.5,66.1,15.8,17.9,0.2,0.6,81410.34930198926
1571,Nebraska,Buffalo County,48834,8.7,87.4,1.1,0.1,1.3,0.0,28553,14.4,33.4,18.2,25.4,9.6,13.4,82.0,9.3,0.2,3.5,1.7,3.5,14.6,81.0,13.1,5.7,0.2,3.1,192068.92821252407
1572,Nebraska,Burt County,6546,2.7,93.6,0.6,1.8,0.4,0.0,26421,12.3,33.2,16.0,23.4,16.4,11.0,82.1,7.6,0.0,3.1,1.1,6.1,22.4,74.8,13.4,10.9,0.9,3.5,92725.21439967233
1573,Nebraska,Butler County,8105,3.0,95.0,0.5,0.2,0.4,0.0,27216,7.8,27.8,17.0,18.2,14.0,23.0,81.0,7.3,0.2,2.6,1.2,7.6,22.0,76.0,12.6,11.2,0.1,4.4,118754.28013694672
1574,Nebraska,Cass County,25513,3.1,94.0,0.3,0.2,0.3,0.3,32509,6.3,34.2,14.8,26.5,12.9,11.6,85.8,8.4,0.1,1.6,0.5,3.6,26.1,79.2,15.5,5.1,0.1,2.8,174750.58477614142
1575,Nebraska,Cedar County,8561,1.7,97.0,0.0,0.8,0.0,0.0,29694,9.7,34.9,15.7,21.2,14.1,14.0,76.7,6.7,0.0,5.2,1.5,9.8,16.4,69.5,15.4,14.5,0.6,1.6,132974.65948331446
1578,Nebraska,Cheyenne County,10012,6.7,89.9,0.4,0.3,0.8,0.0,32995,10.9,39.3,16.5,25.4,8.0,10.8,81.3,11.7,0.0,1.8,1.5,3.8,13.3,81.8,12.2,6.0,0.0,2.5,110004.27835743106
1579,Nebraska,Clay County,6264,8.9,89.2,0.4,0.2,0.3,0.0,27275,11.1,28.7,14.9,19.4,17.9,19.1,82.1,10.1,0.0,3.7,1.4,2.7,20.9,78.4,12.5,8.8,0.3,3.0,88733.62806952522
1581,Nebraska,Cuming County,9039,9.9,88.5,0.1,0.4,0.1,0.2,28762,8.0,32.2,13.4,19.6,17.0,17.8,79.4,7.2,0.0,5.0,0.4,7.9,15.4,72.7,12.7,13.8,0.8,2.6,129533.84250307357
1582,Nebraska,Custer County,10836,2.9,95.0,0.8,0.0,0.8,0.0,32605,11.9,32.8,19.5,18.9,15.6,13.1,74.4,10.4,0.0,4.6,1.8,8.8,16.2,72.4,12.6,14.6,0.4,2.5,103578.10229765496
1583,Nebraska,Dakota County,20529,38.4,49.8,4.3,2.3,3.0,0.0,22463,16.8,20.1,18.3,19.9,13.6,28.1,80.4,12.6,0.2,3.3,0.6,3.0,14.7,86.8,8.0,4.9,0.3,7.3,130165.40558521023
1585,Nebraska,Dawson County,23925,33.1,60.0,5.7,0.4,0.0,0.1,24912,13.7,25.4,14.7,19.9,11.6,28.4,75.2,18.1,0.0,2.5,0.9,3.4,15.3,79.3,14.2,6.4,0.1,4.2,116328.45826766027
1587,Nebraska,Dixon County,5765,12.6,85.6,0.3,0.5,0.1,0.1,26094,10.3,29.3,16.8,19.1,16.3,18.5,81.4,8.7,0.0,4.7,0.4,4.9,21.0,73.8,17.4,8.6,0.2,3.3,115505.95186567359
1588,Nebraska,Dodge County,36576,11.8,84.9,0.7,0.3,0.6,0.2,27162,13.2,27.2,17.8,26.4,11.0,17.6,83.2,10.6,0.2,2.5,1.1,2.5,18.5,83.3,10.9,5.3,0.4,4.4,125934.96703714273
1589,Nebraska,Douglas County,549706,12.2,70.2,10.9,0.3,3.4,0.0,32023,13.5,40.5,16.2,25.5,7.5,10.4,82.8,8.8,1.2,2.1,1.3,3.8,19.3,85.8,10.1,4.1,0.1,4.4,160287.5634065949
1590,Nebraska,Fillmore County,5603,3.9,94.0,0.6,0.4,0.2,0.0,30874,9.9,34.2,15.3,20.3,15.4,14.8,81.2,7.2,0.1,5.2,1.6,4.8,16.3,72.5,16.5,10.6,0.4,2.5,93789.2859205926
1591,Nebraska,Franklin County,3019,2.1,96.2,0.5,0.0,0.2,0.0,28635,13.3,34.8,15.0,18.8,15.0,16.4,82.5,6.2,0.3,4.5,1.0,5.4,18.2,67.3,19.7,12.8,0.3,2.6,78046.65668499797
1592,Nebraska,Frontier County,2624,1.4,96.4,0.0,0.6,0.1,0.0,27900,10.9,35.4,15.9,21.5,18.0,9.2,76.5,7.9,0.4,5.3,1.0,8.9,20.3,64.1,20.8,14.1,1.0,3.2,104176.64510190468
1593,Nebraska,Furnas County,4814,3.7,94.2,0.3,0.0,0.1,0.0,24522,13.5,37.3,17.1,17.6,14.1,13.8,75.0,9.7,0.0,4.3,1.5,9.5,13.2,70.7,15.3,13.1,0.9,2.5,100960.50693696336
1594,Nebraska,Gage County,21632,2.3,95.0,0.6,0.4,0.6,0.2,27424,9.1,33.3,15.4,20.9,10.5,19.8,78.9,12.2,0.1,3.1,0.9,4.8,19.8,74.1,16.1,9.7,0.1,3.2,110152.3117835363
1597,Nebraska,Gosper County,2019,2.0,96.2,0.0,0.0,0.6,0.0,31901,5.7,30.7,16.4,24.0,14.8,14.1,82.8,6.9,1.1,4.3,1.3,3.6,16.4,66.3,18.9,13.6,1.3,4.6,187019.6616339628
1600,Nebraska,Hall County,61233,26.8,68.0,2.2,0.3,1.2,0.2,26419,13.5,26.3,16.4,22.7,11.5,23.1,81.2,12.2,0.9,1.2,1.6,2.9,17.0,82.8,12.2,5.0,0.0,5.4,147607.61588328285
1601,Nebraska,Hamilton County,9149,3.2,95.2,0.7,0.1,0.1,0.0,31989,7.2,35.7,16.8,21.6,10.4,15.5,81.3,6.2,0.0,5.3,1.2,5.9,17.6,81.1,10.6,8.3,0.1,2.0,161210.1554807004
1602,Nebraska,Harlan County,3469,3.7,94.2,0.9,0.3,0.3,0.0,26375,12.9,32.9,16.3,21.5,17.4,11.8,78.9,10.1,0.3,4.3,0.6,5.8,16.8,70.1,16.9,12.5,0.5,2.0,90143.21890005865
1604,Nebraska,Hitchcock County,2860,0.8,98.9,0.1,0.0,0.0,0.0,25290,14.2,26.2,19.4,25.6,13.6,15.2,78.9,8.7,0.2,4.2,0.0,8.0,20.8,66.0,16.8,16.2,1.0,3.1,67388.20708702557
1605,Nebraska,Holt County,10293,4.3,94.0,0.1,0.8,0.5,0.0,27858,8.9,36.9,17.3,19.9,14.5,11.4,73.4,9.0,0.4,5.0,1.1,11.1,14.3,68.8,15.5,15.4,0.2,1.1,92763.83739958919
1607,Nebraska,Howard County,6385,2.5,95.6,0.0,0.0,0.0,0.1,26734,10.2,34.7,13.8,22.7,12.2,16.5,75.8,9.7,0.0,2.6,1.4,10.4,24.2,72.9,14.5,12.5,0.1,4.0,150419.40310665764
1608,Nebraska,Jefferson County,7276,3.6,94.2,0.0,0.7,0.1,0.0,26859,10.6,30.7,16.3,23.5,11.4,18.1,77.0,10.9,0.0,6.0,0.2,5.9,16.0,74.5,10.2,14.8,0.5,2.1,75628.24925924913
1609,Nebraska,Johnson County,5200,9.9,80.8,6.8,0.7,0.9,0.0,22398,10.1,36.1,21.4,17.2,10.3,15.1,76.1,11.5,0.2,4.6,1.6,6.0,22.1,60.8,25.8,12.9,0.5,2.2,103158.13606544699
1610,Nebraska,Kearney County,6547,5.8,92.7,0.1,0.3,0.2,0.0,31234,9.4,31.3,16.6,20.9,15.3,16.0,79.5,10.2,0.0,3.1,0.9,6.3,18.4,77.6,11.4,10.4,0.6,3.4,152718.5224509822
1611,Nebraska,Keith County,8129,6.8,90.5,0.7,0.4,1.1,0.3,27890,13.1,30.0,20.1,24.1,12.8,13.1,79.3,5.4,1.4,4.7,3.4,5.8,14.4,76.2,13.5,10.0,0.3,2.8,128732.32542862959
1613,Nebraska,Kimball County,3688,8.8,88.2,0.1,0.1,0.8,0.0,24011,11.4,28.0,14.1,28.0,9.4,20.4,76.7,12.5,0.4,5.4,1.1,4.0,14.3,72.6,19.4,7.9,0.0,6.0,85558.71842895348
1614,Nebraska,Knox County,8496,2.6,86.2,0.2,9.2,0.3,0.2,27283,12.3,36.5,16.9,20.1,14.3,12.1,78.9,7.3,0.1,5.9,0.6,7.3,17.2,62.8,19.3,17.6,0.3,3.1,94977.80770399164
1615,Nebraska,Lancaster County,306357,6.7,82.1,3.9,0.4,4.2,0.1,29901,14.0,40.0,17.1,23.9,7.7,11.3,81.8,8.8,1.2,2.9,1.9,3.3,18.8,77.8,17.8,4.2,0.1,3.9,178782.43378781667
1616,Nebraska,Lincoln County,35569,8.2,88.4,0.9,0.2,0.6,0.0,29687,12.6,29.7,17.3,23.1,13.2,16.6,85.2,7.4,0.3,3.2,0.8,3.1,14.8,80.2,14.2,5.5,0.1,2.7,139593.26046975006
1617,Nebraska,Madison County,35062,14.5,80.7,1.4,1.3,1.1,0.0,26093,16.0,29.1,16.9,21.9,12.4,19.6,80.1,11.2,0.4,1.8,2.6,4.0,14.2,80.4,12.5,6.9,0.2,3.2,146268.94158085287
1618,Nebraska,Merrick County,7829,4.1,92.9,0.6,0.2,0.1,0.0,27223,10.0,29.3,17.2,20.8,13.9,18.7,82.3,7.8,0.3,2.6,1.3,5.6,19.5,77.6,10.1,12.2,0.1,3.3,122119.31631527648
1619,Nebraska,Morrill County,4903,15.4,82.1,0.8,0.5,0.1,0.0,25120,9.4,28.9,17.3,21.3,20.7,11.8,73.2,11.6,0.3,4.6,1.1,9.1,17.8,68.5,20.9,10.2,0.5,3.7,88739.62533858999
1620,Nebraska,Nance County,3569,2.5,96.9,0.1,0.3,0.1,0.1,26852,11.7,35.3,14.3,23.8,13.3,13.2,80.9,8.2,0.0,4.4,0.8,5.6,19.4,71.0,14.2,13.8,1.0,2.0,104827.84982750146
1621,Nebraska,Nemaha County,7041,2.6,94.3,1.4,0.6,0.7,0.0,28572,11.5,32.2,21.0,22.1,11.6,13.1,78.1,10.5,0.0,6.6,0.3,4.6,19.6,67.1,25.2,7.7,0.0,5.7,101988.65078265435
1622,Nebraska,Nuckolls County,4318,2.6,95.5,0.3,0.0,1.2,0.0,24426,10.8,34.8,17.2,22.4,14.7,10.8,76.9,11.1,0.3,2.8,0.1,8.8,16.1,69.0,13.6,17.0,0.4,1.7,61463.14972053168
1623,Nebraska,Otoe County,15875,7.6,89.5,0.2,0.4,0.5,0.0,28567,10.0,29.7,17.7,23.0,13.5,16.1,82.2,8.6,0.2,3.2,0.4,5.4,21.7,75.4,16.2,8.3,0.2,3.0,132488.64981298268
1625,Nebraska,Perkins County,2904,3.8,95.5,0.1,0.0,0.0,0.0,30923,4.8,37.7,14.2,19.3,19.9,8.9,79.1,7.7,0.1,1.9,0.3,10.8,13.7,63.4,21.1,14.8,0.7,1.1,114125.64796223115
1626,Nebraska,Phelps County,9163,5.4,92.7,0.1,0.2,0.2,0.0,30166,7.1,33.9,17.6,18.2,16.2,14.2,83.0,9.0,0.0,3.0,0.9,4.2,13.8,74.9,13.3,11.0,0.8,0.7,136915.33027761176
1627,Nebraska,Pierce County,7175,1.6,96.7,0.3,0.1,0.4,0.1,28766,6.8,33.3,13.4,20.6,12.9,19.9,80.5,7.8,0.0,3.0,1.6,7.1,19.2,75.3,13.0,11.0,0.8,3.8,142454.5989641587
1628,Nebraska,Platte County,32875,17.6,80.0,0.4,0.3,0.6,0.0,28187,8.6,29.9,13.7,20.3,11.3,24.9,78.8,12.9,0.1,3.7,1.0,3.5,14.0,82.5,11.6,5.7,0.1,3.9,160165.22473290225
1629,Nebraska,Polk County,5244,4.8,92.9,0.1,0.3,0.1,0.0,32424,7.6,35.0,13.8,21.4,12.7,17.1,79.0,9.6,0.2,3.7,1.0,6.5,19.9,73.1,14.8,11.3,0.8,4.6,118401.63808448809
1630,Nebraska,Red Willow County,10870,4.9,92.2,1.1,0.0,0.3,0.0,25006,11.7,28.6,20.8,24.3,10.3,16.1,82.3,6.1,0.2,2.9,2.4,6.1,12.2,72.8,16.1,10.9,0.3,4.9,103697.5612379565
1631,Nebraska,Richardson County,8045,1.9,92.5,0.2,1.8,0.2,0.0,28109,16.3,33.5,16.8,16.1,15.1,18.5,83.2,9.8,0.0,1.8,1.0,4.3,18.6,72.5,17.8,9.6,0.1,4.0,62145.07800726255
1632,Nebraska,Saline County,14325,24.3,70.7,0.7,0.4,2.9,0.0,22324,11.6,24.6,17.5,17.0,12.6,28.4,77.5,13.3,0.1,4.5,0.6,3.9,20.0,78.4,13.1,8.2,0.4,2.8,102779.71907859656
1633,Nebraska,Sarpy County,175188,8.7,81.8,3.7,0.3,2.5,0.1,33103,5.3,43.0,15.2,24.1,8.6,9.1,87.4,7.6,0.2,0.7,0.9,3.3,20.6,80.5,15.5,3.9,0.1,3.3,205573.16591258277
1634,Nebraska,Saunders County,20953,2.1,95.6,0.3,0.2,0.3,0.0,31163,9.0,35.6,16.5,21.5,12.3,14.1,84.1,8.7,0.0,2.3,0.9,3.9,25.3,75.5,16.5,7.5,0.5,2.2,195550.75895385628
1635,Nebraska,Scotts Bluff County,36509,23.4,72.6,0.6,1.2,0.6,0.0,26532,13.2,31.4,17.2,25.0,13.2,13.3,83.9,9.8,0.2,1.8,1.3,3.1,15.4,79.4,13.7,6.7,0.2,5.2,117369.9388611652
1636,Nebraska,Seward County,17045,2.5,95.0,0.5,0.1,0.6,0.0,29398,9.2,36.6,16.3,19.5,11.8,15.8,80.6,7.8,0.1,5.3,0.8,5.5,21.7,77.7,14.5,7.6,0.2,2.5,178614.74766626384
1637,Nebraska,Sheridan County,5241,4.7,81.9,0.5,8.7,0.4,0.0,25817,15.8,38.6,17.8,19.5,14.3,9.9,69.1,12.1,0.0,10.6,1.6,6.6,17.4,65.8,18.7,15.1,0.5,1.5,72363.58311582408
1640,Nebraska,Stanton County,6020,5.3,92.2,1.3,0.0,0.3,0.0,29517,9.5,28.7,19.0,18.3,14.3,19.7,82.1,7.7,0.0,2.8,0.7,6.7,18.4,76.5,13.4,9.5,0.6,3.1,144903.5635795331
1641,Nebraska,Thayer County,5133,2.3,95.5,0.3,0.3,0.0,0.0,31129,10.9,35.1,15.7,21.4,12.7,15.1,79.6,6.4,0.1,4.9,1.0,8.1,12.8,74.5,12.6,12.6,0.3,1.2,73880.49369261894
1643,Nebraska,Valley County,4252,2.8,95.7,0.4,0.2,0.0,0.0,27271,11.5,36.9,15.2,23.6,16.1,8.2,73.9,13.8,0.0,5.8,0.0,6.5,18.1,69.9,15.8,14.2,0.1,1.5,103076.81465239833
1644,Nebraska,Washington County,20414,2.8,94.7,1.0,0.1,0.3,0.0,33136,9.8,37.1,14.5,24.8,11.7,11.9,84.1,5.9,0.2,4.0,0.7,5.2,20.8,82.2,11.7,5.8,0.2,1.7,214807.77212115112
1645,Nebraska,Wayne County,9409,5.5,90.2,2.1,0.5,0.5,0.0,27292,13.5,34.4,17.5,22.5,12.4,13.2,78.9,8.8,0.0,4.7,0.1,7.5,17.5,71.2,17.8,10.8,0.3,2.0,137696.6074809645
1647,Nebraska,York County,13832,4.9,90.9,1.2,0.3,0.3,0.0,28298,9.7,39.6,15.3,19.6,11.1,14.4,80.9,8.6,0.1,3.9,0.5,5.9,15.5,77.1,13.9,8.9,0.2,2.4,129559.55137888539
1648,Nevada,Churchill County,24022,13.4,73.9,2.4,4.0,2.4,0.2,25211,13.8,30.3,20.3,20.0,16.0,13.4,81.3,10.7,0.1,2.6,2.1,3.2,20.1,69.7,22.3,7.7,0.2,7.8,195360.93899788658
1650,Nevada,Douglas County,47632,12.3,81.1,0.6,1.8,1.3,0.2,35727,9.8,36.1,23.7,21.4,10.0,8.7,79.5,10.5,0.2,1.2,1.2,7.5,23.9,71.5,19.3,9.1,0.2,6.2,387920.7171013086
1656,Nevada,Lyon County,52303,16.2,76.1,0.9,1.9,1.1,0.2,25063,13.7,25.1,20.6,23.5,13.4,17.4,79.7,14.6,0.1,0.8,1.7,3.1,29.6,78.1,16.1,5.7,0.1,9.8,221599.25468733898
1658,Nevada,Nye County,43296,14.2,77.2,3.0,1.5,1.6,0.4,23740,17.3,24.3,23.2,24.0,15.6,12.9,72.9,14.1,1.1,4.6,2.2,5.1,24.4,77.8,16.0,6.0,0.3,11.4,158700.4389489499
1659,Nevada,Pershing County,6661,23.8,66.1,4.7,2.8,1.3,0.5,19201,15.0,35.1,14.4,16.9,22.8,10.7,74.4,13.4,1.0,5.6,0.7,4.8,16.7,64.9,28.9,6.2,0.0,4.2,101107.62064059329
1660,Nevada,Storey County,3891,6.7,86.7,0.7,1.4,1.9,0.0,36388,7.7,30.3,23.4,28.4,11.9,6.0,82.8,6.9,1.6,3.7,0.4,4.5,26.7,74.4,14.5,11.1,0.0,4.2,269853.44487034815
1661,Nevada,Washoe County,445551,23.9,63.7,2.1,1.3,5.2,0.6,31879,13.3,33.8,20.9,25.7,8.0,11.5,77.8,11.3,1.9,2.8,1.9,4.3,21.4,80.5,13.8,5.6,0.1,6.8,319452.48409843486
1663,Nevada,Carson City,54219,23.4,68.1,1.6,2.0,2.4,0.1,28044,14.7,30.3,22.4,23.6,10.2,13.5,80.0,12.3,0.3,3.0,1.7,2.8,18.5,71.3,24.4,4.0,0.2,7.7,267356.85626156616
1664,New Hampshire,Belknap County,60383,1.6,95.3,0.5,0.2,1.0,0.0,33849,9.1,37.5,17.8,23.6,11.3,9.8,81.8,9.8,0.0,1.5,2.0,4.9,26.4,75.3,15.7,8.9,0.1,4.9,224296.46836667493
1665,New Hampshire,Carroll County,47524,1.4,96.1,0.5,0.1,0.6,0.0,35646,9.2,32.5,21.3,23.6,12.7,9.9,82.0,7.7,0.3,2.2,1.5,6.2,26.2,71.9,14.5,13.5,0.1,4.7,232066.218097461
1666,New Hampshire,Cheshire County,76109,1.7,94.5,0.7,0.2,1.3,0.0,32072,10.2,37.4,17.6,22.1,9.6,13.3,76.7,8.4,0.4,3.4,1.7,9.5,23.4,78.4,14.2,7.3,0.1,4.5,180307.53304070246
1667,New Hampshire,Coos County,32119,1.7,93.6,2.3,0.4,0.6,0.1,25895,13.3,31.6,22.5,21.9,11.5,12.4,79.0,10.4,0.1,3.2,1.6,5.7,20.8,72.3,18.7,8.8,0.2,6.1,110720.47187383495
1668,New Hampshire,Grafton County,89280,2.2,91.2,1.0,0.4,3.4,0.1,35255,10.9,41.9,19.1,19.8,8.9,10.2,73.7,8.7,1.6,7.8,3.0,5.3,22.0,75.8,15.7,8.3,0.2,4.0,194955.9702291334
1669,New Hampshire,Hillsborough County,406371,6.3,85.7,2.1,0.1,3.8,0.0,37622,8.6,41.4,15.1,24.5,7.9,11.1,81.5,8.4,0.8,2.2,1.0,6.1,27.9,83.2,11.2,5.5,0.1,4.8,259467.56219438012
1670,New Hampshire,Merrimack County,147958,2.0,93.1,1.2,0.1,1.8,0.0,34475,7.7,39.3,16.5,24.0,9.2,10.9,81.1,8.2,0.4,2.5,1.2,6.6,26.3,76.6,16.4,6.9,0.1,4.0,232462.19798643145
1671,New Hampshire,Rockingham County,302479,2.7,93.2,0.7,0.1,1.9,0.0,43474,4.8,43.6,13.4,24.7,8.4,9.9,83.8,6.2,0.8,1.7,0.9,6.6,30.2,82.3,11.3,6.2,0.1,4.3,317707.5469849571
1672,New Hampshire,Strafford County,126552,2.2,91.4,0.8,0.0,3.2,0.0,32540,9.5,38.1,17.8,23.5,7.8,12.8,78.9,8.4,2.4,4.8,1.7,3.9,26.7,79.0,16.1,4.9,0.0,4.4,239621.50063514741
1673,New Hampshire,Sullivan County,43073,1.4,95.4,0.4,0.3,0.6,0.0,31301,9.4,35.0,14.7,23.6,9.1,17.6,80.3,10.3,0.3,3.1,1.1,4.8,24.1,80.4,12.8,6.8,0.1,3.7,174206.56947462357
1676,New Jersey,Burlington County,449192,7.6,68.3,15.7,0.0,4.8,0.0,39528,6.4,43.8,14.6,25.3,6.6,9.7,83.1,7.1,3.6,1.4,1.0,3.8,29.3,78.2,17.5,4.1,0.2,6.9,230327.23874963375
1677,New Jersey,Camden County,510996,16.1,57.5,18.1,0.1,5.7,0.0,32931,13.1,39.3,17.9,25.2,6.8,10.8,76.8,9.2,7.4,2.0,1.3,3.4,28.3,82.4,13.4,4.0,0.2,7.9,173252.33284533236
1678,New Jersey,Cape May County,94549,7.4,85.6,4.5,0.0,1.0,0.0,36256,10.6,34.6,22.6,24.9,10.8,7.0,79.3,6.1,2.1,5.1,2.8,4.5,22.9,71.2,22.0,6.5,0.3,8.4,384163.16448572214
1679,New Jersey,Cumberland County,154952,29.7,47.4,17.7,0.5,1.3,0.0,23012,18.8,26.1,22.1,21.2,12.2,18.3,81.7,10.2,1.9,2.5,2.0,1.7,23.6,76.8,19.2,3.7,0.2,9.0,146710.672198454
1681,New Jersey,Gloucester County,291372,5.8,79.1,9.9,0.0,3.0,0.0,36205,7.9,41.7,14.9,24.9,8.4,10.1,85.6,6.4,2.3,1.3,1.2,3.3,29.9,80.6,15.5,3.8,0.1,7.4,207170.67090634198
1688,New Jersey,Ocean County,589699,9.0,84.9,2.8,0.0,1.9,0.0,33312,10.9,35.1,18.9,27.7,9.8,8.4,82.8,7.3,1.9,1.6,1.7,4.8,30.7,78.9,15.6,5.3,0.2,6.7,279225.1457629273
1689,New Jersey,Passaic County,510563,40.5,42.0,10.6,0.2,5.2,0.0,29393,17.0,32.3,17.2,24.2,7.8,18.4,70.7,11.5,9.1,3.5,1.9,3.2,27.6,84.5,11.2,4.2,0.1,6.0,322886.1976533801
1690,New Jersey,Salem County,63776,8.3,75.1,13.1,0.2,0.9,0.0,31681,14.2,32.5,16.5,22.3,12.1,16.6,83.8,8.9,1.1,1.8,1.9,2.5,25.6,80.4,15.4,4.2,0.1,8.0,158687.90036087908
1692,New Jersey,Sussex County,143570,7.5,87.2,2.0,0.0,2.0,0.0,41272,5.3,39.5,16.3,25.5,9.4,9.3,83.8,7.3,1.8,1.2,0.7,5.2,38.2,79.7,14.4,5.8,0.1,6.4,235432.5439067812
1694,New Jersey,Warren County,107088,8.6,82.9,4.2,0.1,2.9,0.0,37001,8.2,36.5,16.9,26.1,9.4,11.1,80.9,9.0,1.1,2.9,1.2,4.9,35.4,80.1,14.0,5.8,0.1,7.4,240497.3505734511
1700,New Mexico,Curry County,50283,41.0,49.1,5.5,0.9,1.4,0.1,22628,22.5,28.5,18.9,20.4,17.2,15.0,83.6,10.5,0.1,1.9,2.7,1.2,14.3,70.3,24.8,4.8,0.1,7.8,129806.40922077594
1701,New Mexico,Eddy County,56793,47.5,48.5,1.4,1.3,0.5,0.0,28419,14.6,26.4,17.2,23.4,18.8,14.2,86.0,9.3,0.5,1.4,1.0,1.8,17.7,78.0,16.5,5.4,0.0,5.1,181758.58531342915
1704,New Mexico,Lincoln County,19497,31.9,63.4,0.6,1.6,0.5,0.0,26820,15.4,28.1,25.0,25.8,11.4,9.8,72.3,14.9,0.1,3.1,2.1,7.6,21.1,63.4,21.4,14.3,0.9,5.2,231254.2752478499
1708,New Mexico,Otero County,65130,37.5,49.8,3.1,6.2,1.2,0.0,21876,21.4,27.5,26.0,24.9,15.5,6.2,78.5,13.4,0.6,2.9,1.5,3.1,18.5,64.3,29.0,6.2,0.6,9.3,123086.47248988552
1709,New Mexico,Quay County,8447,44.7,50.4,1.6,1.0,0.7,0.2,18220,21.6,33.8,21.7,20.0,13.1,11.3,75.8,12.8,0.3,1.7,1.1,8.3,15.5,70.1,22.1,7.0,0.8,4.0,65799.81423393416
1711,New Mexico,Roosevelt County,19313,41.0,53.1,2.8,0.5,0.5,0.0,18954,27.5,33.5,24.4,19.0,12.1,11.1,75.5,13.1,0.2,5.5,3.4,2.3,17.6,64.9,27.8,6.8,0.4,10.7,125917.6002489426
1712,New Mexico,Sandoval County,138815,37.9,44.6,1.8,12.0,1.3,0.1,27406,14.7,39.7,17.8,25.6,9.4,7.5,81.5,8.8,1.1,1.5,1.4,5.7,28.4,72.2,21.6,6.1,0.1,8.0,193982.93741236045
1722,New York,Albany County,308580,5.7,73.0,11.7,0.1,6.4,0.0,35278,12.4,44.7,17.3,25.1,5.5,7.5,77.0,7.5,5.9,4.6,1.6,3.5,20.4,71.3,24.5,4.2,0.1,5.3,215962.01717450676
1725,New York,Broome County,196124,4.0,84.0,5.1,0.2,4.2,0.0,26790,17.1,37.7,19.5,24.5,6.9,11.4,80.4,8.4,3.1,3.9,1.1,3.1,19.7,75.3,19.8,4.9,0.0,7.2,103246.70205802971
1726,New York,Cattaraugus County,78175,2.0,90.8,1.6,2.9,0.9,0.0,23984,16.9,30.5,19.1,24.3,10.8,15.3,82.4,8.2,0.4,4.7,1.5,3.0,21.9,73.4,20.0,6.3,0.2,7.0,86787.39300823749
1727,New York,Cayuga County,78319,2.8,90.5,3.9,0.2,0.5,0.0,27957,11.6,33.8,18.8,22.2,11.0,14.2,82.5,7.3,1.0,4.3,1.4,3.4,23.0,75.6,18.0,6.1,0.3,5.9,125218.23439961202
1728,New York,Chautauqua County,130846,7.2,87.8,2.4,0.3,0.6,0.0,23962,18.5,29.9,19.4,22.0,9.8,18.8,81.0,9.2,0.4,4.7,1.1,3.7,18.0,75.2,17.0,7.5,0.3,7.7,90911.8192181546
1729,New York,Chemung County,86883,3.0,86.5,5.8,0.4,1.5,0.0,27209,15.8,35.8,20.2,23.2,8.1,12.8,82.4,9.0,2.0,3.2,1.1,2.3,19.6,78.5,16.1,5.3,0.2,5.3,98640.15658146916
1730,New York,Chenango County,48763,2.1,94.9,0.9,0.3,0.4,0.0,25233,14.5,32.7,17.6,20.9,10.8,18.0,77.2,11.4,0.4,4.9,1.1,5.0,24.1,69.7,21.6,8.4,0.3,6.7,90829.43726053314
1731,New York,Clinton County,81224,2.8,89.9,4.1,0.2,1.5,0.0,25833,15.7,31.6,22.1,23.0,9.2,14.1,79.1,10.6,0.8,4.0,2.8,2.7,19.8,71.0,23.4,5.5,0.1,5.8,128646.79930163264
1732,New York,Columbia County,61481,4.5,86.9,4.3,0.0,1.7,0.0,34737,11.4,38.4,21.0,19.9,10.9,9.8,76.9,8.8,2.6,4.0,1.4,6.3,25.8,71.2,20.1,8.6,0.1,5.0,232167.7177213546
1733,New York,Cortland County,48334,2.6,92.7,1.7,0.2,0.7,0.0,26271,14.7,34.4,20.9,23.0,9.4,12.3,77.0,10.6,0.6,6.2,0.8,4.7,20.5,73.6,20.1,6.0,0.3,4.9,119346.33344108662
1734,New York,Delaware County,45950,3.7,92.5,1.7,0.1,0.7,0.0,26016,16.5,31.9,20.3,21.4,11.5,14.9,75.9,8.4,1.5,6.2,1.4,6.5,24.4,67.2,21.2,11.2,0.4,7.1,132967.86229658965
1735,New York,Dutchess County,295685,11.7,72.2,9.6,0.1,3.7,0.0,36704,9.1,39.7,19.4,23.5,9.0,8.4,75.6,7.8,5.3,4.7,1.0,5.6,32.2,77.7,16.6,5.6,0.2,6.7,260013.43422340168
1736,New York,Erie County,923995,5.2,76.0,13.0,0.4,3.4,0.0,31083,14.9,38.7,18.5,25.4,6.3,11.2,81.5,8.1,3.8,2.7,1.1,2.8,21.3,79.9,15.9,4.1,0.1,5.5,152676.70972663898
1737,New York,Essex County,38233,3.2,91.8,2.9,0.2,0.5,0.0,29008,8.9,32.2,23.7,22.0,11.3,10.8,79.1,9.1,0.4,2.7,2.6,6.1,21.9,70.5,20.3,9.0,0.2,6.7,159359.5490070628
1738,New York,Franklin County,51054,3.4,81.7,5.8,6.9,0.4,0.2,24294,19.4,31.6,27.3,19.5,10.1,11.5,76.1,11.3,0.8,4.3,1.8,5.8,20.9,61.1,29.2,9.3,0.4,8.2,102793.79618372202
1739,New York,Fulton County,53955,2.8,93.2,1.8,0.2,0.7,0.0,26298,16.0,30.7,20.5,23.3,9.5,16.1,83.2,9.4,0.6,2.7,2.1,2.1,25.0,79.4,16.1,4.4,0.1,7.6,120792.10513012284
1740,New York,Genesee County,58537,3.1,90.7,2.4,0.9,0.7,0.0,27499,12.8,31.0,18.2,22.1,11.1,17.6,83.4,8.3,0.4,3.6,1.7,2.6,22.2,76.9,17.5,5.4,0.2,5.1,119218.7158034211
1741,New York,Greene County,47791,5.5,85.6,6.0,0.3,1.1,0.0,27402,12.4,35.5,18.8,21.9,9.8,14.0,83.3,7.0,1.2,2.5,1.6,4.3,27.6,70.0,22.5,6.9,0.6,6.2,178864.7251088015
1743,New York,Herkimer County,62943,2.1,94.8,1.0,0.3,0.5,0.0,24932,14.9,31.4,20.6,23.4,10.1,14.5,80.8,8.5,1.1,4.5,1.0,4.1,23.1,76.4,16.6,6.7,0.2,8.2,106260.91415206826
1744,New York,Jefferson County,116567,7.3,82.1,5.5,0.4,1.5,0.2,24717,14.8,32.2,22.1,23.6,12.3,9.8,75.7,10.0,0.3,6.5,2.4,5.0,17.4,67.5,25.7,6.6,0.2,8.0,137285.59079788547
1746,New York,Lewis County,26845,1.7,95.8,0.7,0.2,0.4,0.1,25779,14.2,31.0,16.9,18.0,18.4,15.8,79.4,9.1,0.3,5.4,1.1,4.7,24.5,66.2,23.1,10.1,0.6,7.6,119003.7214870985
1747,New York,Livingston County,64373,3.4,91.0,2.5,0.1,1.4,0.0,25882,14.6,34.4,19.0,20.9,11.6,14.1,81.2,7.2,0.5,6.2,1.5,3.4,25.5,74.5,19.9,5.1,0.5,4.8,133917.8985023042
1748,New York,Madison County,71760,2.1,93.4,1.8,0.6,0.8,0.1,28010,11.1,36.6,18.5,22.3,10.4,12.2,81.6,6.4,0.6,5.4,1.4,4.7,23.3,77.2,15.5,7.2,0.1,4.4,130808.10263608479
1749,New York,Monroe County,748680,8.3,71.0,14.5,0.2,3.6,0.0,31291,14.8,42.7,17.6,23.7,5.7,10.2,81.0,7.5,3.1,3.2,1.3,3.8,20.1,83.2,12.1,4.6,0.1,6.6,146340.3250812607
1750,New York,Montgomery County,49500,13.2,82.6,1.2,0.1,0.7,0.0,25307,19.6,30.0,18.8,23.9,9.6,17.7,80.5,8.6,1.3,3.6,2.4,3.7,24.5,78.3,16.9,4.6,0.3,7.3,108782.07929419239
1753,New York,Niagara County,212675,2.7,86.0,7.1,1.0,1.0,0.0,28395,13.4,32.8,18.2,26.2,9.0,13.9,86.9,6.3,0.9,1.9,1.4,2.6,22.0,81.8,14.2,3.9,0.1,6.2,124337.38699774572
1754,New York,Oneida County,232324,5.4,82.6,5.8,0.2,4.0,0.0,27283,16.6,35.3,20.4,23.4,8.3,12.6,82.1,8.0,1.0,3.7,0.7,4.4,19.6,74.9,19.6,5.2,0.3,6.0,119267.99328161524
1755,New York,Onondaga County,467669,4.7,77.1,10.7,0.5,3.9,0.0,31436,14.9,41.2,17.4,25.3,6.7,9.4,79.6,7.9,3.1,4.3,1.1,4.0,20.1,78.9,16.3,4.7,0.1,6.4,134124.54074899355
1756,New York,Ontario County,109491,4.4,90.3,2.3,0.2,1.3,0.1,33685,9.7,40.4,16.4,23.2,8.3,11.6,82.9,7.9,0.7,3.5,0.9,4.2,23.2,80.3,14.2,5.3,0.2,4.7,167542.1512323954
1757,New York,Orange County,378174,19.7,65.4,9.7,0.2,2.6,0.0,32616,12.2,35.6,19.0,25.7,8.2,11.4,74.6,9.5,5.4,3.6,1.8,5.1,33.4,75.6,19.7,4.4,0.2,5.6,235900.53997580113
1758,New York,Orleans County,41584,4.7,86.5,5.9,0.4,0.7,0.1,23929,15.9,28.7,18.2,21.4,13.1,18.6,79.9,11.2,0.5,2.2,2.7,3.4,24.1,78.0,16.7,5.2,0.1,6.5,100876.75416759808
1759,New York,Oswego County,119833,2.5,94.3,0.8,0.1,0.6,0.0,25791,18.3,29.2,20.4,23.0,12.1,15.3,81.4,8.9,0.9,4.1,1.2,3.4,24.8,76.1,18.5,5.2,0.2,8.6,106775.07186821099
1760,New York,Otsego County,60750,3.5,91.5,1.7,0.1,1.3,0.0,26688,16.1,36.6,20.2,22.6,9.5,11.0,74.2,8.0,2.2,8.7,1.7,5.1,22.4,72.3,18.0,9.1,0.6,6.7,132234.41927343866
1761,New York,Putnam County,99464,13.8,80.2,2.2,0.1,2.2,0.0,44063,4.8,41.5,16.7,25.1,10.6,6.0,75.4,9.0,8.5,1.2,0.7,5.3,39.2,77.4,16.7,5.5,0.3,5.3,323459.34765146364
1763,New York,Rensselaer County,159800,4.6,83.9,5.9,0.0,2.5,0.0,33067,12.6,39.9,16.8,24.4,8.3,10.6,80.7,8.4,3.0,3.7,0.8,3.4,24.4,73.5,21.8,4.6,0.2,5.8,181783.36036439278
1765,New York,Rockland County,325027,17.3,63.2,11.5,0.1,6.0,0.0,36898,14.2,44.3,19.3,23.0,6.7,6.7,70.3,11.0,8.6,3.4,1.7,5.0,31.0,78.6,15.7,5.6,0.0,6.3,423478.82987882494
1766,New York,Saratoga County,226632,3.0,90.9,1.5,0.2,2.8,0.0,39653,6.6,45.8,14.3,23.5,7.7,8.7,83.2,7.5,0.8,1.9,0.7,5.9,25.3,77.4,17.4,5.1,0.1,4.6,268344.675009354
1767,New York,Schenectady County,155239,6.7,73.8,9.6,0.2,4.6,0.0,29981,12.4,38.1,19.1,25.9,6.7,10.2,81.4,7.4,3.9,2.9,1.3,3.1,22.9,76.5,19.2,4.3,0.0,7.3,167803.95021491582
1768,New York,Schoharie County,31611,3.0,93.5,1.5,0.2,0.8,0.0,26953,13.9,33.9,18.3,22.3,13.7,11.8,78.8,8.7,1.1,5.9,0.8,4.7,29.7,66.8,23.7,9.0,0.5,7.5,131714.57812923836
1769,New York,Schuyler County,18112,1.8,95.3,1.0,0.1,0.5,0.0,25285,15.3,35.0,19.0,19.9,11.0,15.0,78.1,12.4,0.8,3.2,1.1,4.4,24.8,74.4,15.7,9.8,0.1,7.2,139547.81657883135
1770,New York,Seneca County,34843,3.3,89.3,4.6,0.3,0.7,0.0,26541,11.8,33.0,17.6,23.9,11.1,14.3,79.8,10.2,0.7,3.3,2.0,4.0,22.3,74.8,16.9,8.2,0.1,4.9,116825.11948441998
1771,New York,Steuben County,97539,1.6,93.8,1.6,0.1,1.5,0.0,27731,14.5,34.3,18.5,20.2,11.0,15.9,79.5,10.8,0.6,4.3,1.5,3.4,21.7,76.8,16.1,6.8,0.3,7.0,103942.82038611633
1773,New York,Sullivan County,75783,15.4,72.5,7.7,0.1,1.6,0.0,28224,15.9,31.1,22.7,23.8,11.4,10.9,81.1,7.9,2.2,2.8,1.3,4.7,30.6,72.9,20.4,6.6,0.1,9.3,143023.65668695388
1774,New York,Tioga County,49322,1.8,95.3,0.6,0.0,0.8,0.0,30252,11.2,34.9,20.1,22.2,9.5,13.3,83.6,9.7,0.9,1.9,1.3,2.6,23.0,80.5,14.3,5.1,0.0,6.5,114760.44798665545
1776,New York,Ulster County,180129,9.8,79.8,5.2,0.1,2.1,0.1,32453,13.2,39.6,18.3,23.6,9.4,9.2,78.0,7.6,2.4,4.1,1.4,6.4,28.2,74.0,17.8,7.8,0.4,7.1,205542.99159601936
1777,New York,Warren County,64701,2.4,94.2,1.1,0.2,1.0,0.1,33127,9.9,35.7,20.0,24.9,8.1,11.2,82.2,8.6,0.9,3.3,1.6,3.4,22.8,75.0,17.7,7.3,0.1,4.8,203471.23235688417
1778,New York,Washington County,62183,2.6,92.6,2.9,0.2,0.5,0.0,26064,12.8,28.1,19.8,23.3,12.9,16.1,81.4,9.4,0.9,3.3,0.9,4.1,26.2,75.9,15.8,7.9,0.3,6.6,145003.93165346948
1779,New York,Wayne County,91442,4.2,90.2,2.9,0.1,0.7,0.1,27318,11.7,33.4,15.5,23.9,10.7,16.5,84.6,8.1,0.7,2.2,1.3,3.2,24.9,79.6,15.2,5.1,0.2,6.4,123475.81432439956
1781,New York,Wyoming County,40886,3.3,89.9,4.8,0.4,0.4,0.0,25635,11.4,28.0,18.6,22.4,15.1,15.9,83.6,8.0,0.4,3.7,1.2,3.1,24.7,75.0,18.7,6.0,0.3,6.5,112615.6285506087
1782,New York,Yates County,25083,2.2,94.9,1.0,0.1,0.7,0.0,26608,13.1,30.6,19.8,20.6,13.9,15.1,67.7,9.8,0.3,8.1,4.1,10.0,22.5,73.7,12.3,12.7,1.2,6.0,173805.0128663473
1783,North Carolina,Alamance County,157844,12.3,65.0,18.9,0.3,1.5,0.0,25157,17.6,33.0,17.4,23.0,10.3,16.2,85.1,9.3,0.2,1.3,1.1,2.9,23.6,81.0,13.2,5.6,0.2,6.0,148282.5949316694
1784,North Carolina,Alexander County,37159,4.6,87.0,5.9,0.2,1.2,0.1,22655,14.7,26.8,12.6,20.6,9.4,30.7,84.9,8.9,0.0,0.8,2.6,2.8,25.6,83.2,10.5,6.2,0.2,6.7,133336.37904259202
1785,North Carolina,Alleghany County,10935,9.4,87.3,2.4,0.1,0.2,0.0,21153,21.0,29.7,18.0,22.6,15.3,14.4,82.2,10.5,0.2,2.5,0.4,4.2,25.0,70.6,16.9,12.4,0.2,5.7,149396.92081302952
1786,North Carolina,Anson County,25531,3.8,44.9,48.6,0.3,1.2,0.0,19105,22.7,23.4,20.7,15.9,12.1,27.9,85.9,10.6,0.0,1.6,0.5,1.4,27.8,73.3,22.0,4.5,0.2,13.4,60931.39752512102
1787,North Carolina,Ashe County,26833,5.2,92.5,0.8,0.4,0.4,0.0,23650,19.4,26.2,22.5,22.4,14.0,14.8,79.9,13.3,0.0,1.2,1.4,4.1,26.5,76.8,13.4,9.7,0.1,6.3,204537.15646070545
1788,North Carolina,Avery County,17535,5.1,89.0,4.2,0.5,0.6,0.0,21704,14.7,29.8,25.7,20.7,14.1,9.7,78.6,12.4,0.6,4.1,0.9,3.4,22.5,78.3,13.2,8.1,0.4,5.5,177538.03102873688
1789,North Carolina,Beaufort County,47316,7.6,65.8,25.6,0.0,0.1,0.0,24657,19.1,31.5,17.4,20.8,14.1,16.1,87.2,5.6,0.2,1.8,0.9,4.3,25.1,76.3,16.4,7.2,0.1,9.0,129664.11891281417
1791,North Carolina,Bladen County,34130,7.5,54.2,34.4,2.3,0.0,0.0,20839,24.5,25.2,20.5,19.0,16.6,18.8,85.7,9.9,0.2,0.8,0.6,2.8,24.7,74.5,19.3,6.0,0.2,7.9,104026.21648957918
1792,North Carolina,Brunswick County,122586,4.7,81.6,10.5,0.3,0.6,0.1,29707,14.1,29.0,21.5,25.3,13.4,10.8,79.2,11.1,0.4,1.3,1.3,6.7,24.2,77.9,13.4,8.5,0.2,7.8,227480.9299145871
1793,North Carolina,Buncombe County,252268,6.4,83.7,6.1,0.4,1.2,0.1,29590,13.2,39.6,18.9,22.8,8.7,10.1,79.5,8.2,0.6,2.1,1.0,8.5,20.1,79.7,11.8,8.3,0.2,4.7,263721.7091714648
1794,North Carolina,Burke County,88898,5.9,82.3,5.9,0.5,3.6,0.1,21885,19.3,28.3,21.5,19.1,9.0,22.1,85.6,9.4,0.2,1.1,0.9,2.9,21.5,75.4,17.9,6.6,0.2,9.3,123065.13641846307
1795,North Carolina,Cabarrus County,196716,10.0,68.0,16.7,0.3,3.0,0.1,29143,11.5,37.4,16.9,24.6,9.7,11.3,83.3,9.9,0.7,0.7,0.8,4.7,27.8,81.6,13.8,4.5,0.2,6.8,195947.08457920185
1796,North Carolina,Caldwell County,81805,5.1,87.9,4.9,0.4,0.6,0.0,21991,16.4,24.5,17.0,22.7,11.6,24.2,83.4,10.3,0.1,0.7,1.9,3.7,23.4,80.8,13.2,6.0,0.0,7.9,107291.11837160304
1797,North Carolina,Camden County,10336,2.7,80.4,14.3,0.1,1.9,0.0,27468,9.0,37.4,21.5,19.4,11.8,9.8,91.9,4.2,0.0,1.2,1.7,0.9,33.7,65.9,29.3,4.6,0.2,8.9,223931.06832883458
1798,North Carolina,Carteret County,68699,4.2,86.4,5.7,0.2,1.1,0.0,30903,12.5,35.1,20.3,22.7,12.9,9.0,79.5,11.1,0.4,1.5,2.4,5.0,23.2,67.9,22.3,9.7,0.1,8.0,250059.22309735348
1799,North Carolina,Caswell County,22833,3.8,61.1,33.0,0.1,0.6,0.2,21692,21.3,27.8,20.2,22.6,10.9,18.5,81.0,13.7,0.2,1.2,1.1,2.9,31.0,74.4,19.7,5.8,0.2,8.4,113143.49283968966
1800,North Carolina,Catawba County,156182,9.3,76.1,7.9,0.2,4.1,0.0,25960,14.2,30.5,15.6,23.2,7.3,23.5,84.8,8.7,0.2,0.9,2.1,3.4,22.6,83.7,10.6,5.5,0.2,7.4,137716.48915110383
1801,North Carolina,Chatham County,68364,12.6,71.4,11.7,0.2,1.4,0.1,36933,13.3,41.8,16.5,20.1,10.4,11.3,78.6,10.3,0.7,1.3,1.1,8.1,28.7,73.4,17.8,8.4,0.3,5.6,310633.8034219127
1802,North Carolina,Cherokee County,27463,3.0,91.5,1.4,1.2,0.7,0.0,21152,16.8,30.1,19.5,25.6,11.5,13.3,81.6,6.3,0.3,3.1,1.8,6.9,24.6,77.4,12.6,9.8,0.2,7.7,140470.57951298959
1803,North Carolina,Chowan County,14370,3.6,59.7,33.8,0.8,0.0,0.0,23542,22.8,29.6,25.4,19.8,7.4,17.7,81.3,8.3,0.0,3.7,2.9,3.9,28.2,73.2,21.3,5.3,0.2,11.9,135252.94443748833
1804,North Carolina,Clay County,10753,3.3,95.0,1.6,0.1,0.0,0.0,25433,17.5,34.5,23.1,20.3,13.0,9.1,84.2,7.1,0.0,2.0,2.3,4.4,21.3,75.0,14.6,10.0,0.3,7.1,167339.62301815263
1805,North Carolina,Cleveland County,97038,3.3,73.4,20.7,0.2,1.0,0.0,21664,19.9,29.6,17.8,22.1,9.3,21.3,85.0,10.0,0.3,1.9,0.6,2.2,24.0,79.7,14.9,5.2,0.2,10.3,103561.02753677407
1806,North Carolina,Columbus County,56589,5.1,59.5,30.4,3.4,0.4,0.0,21849,23.6,26.0,22.9,20.8,12.4,18.0,86.8,9.6,0.4,0.8,0.9,1.5,26.4,77.3,17.1,5.5,0.2,7.0,111051.44184176484
1807,North Carolina,Craven County,103374,7.1,66.0,21.0,0.5,2.8,0.0,26830,15.4,33.1,20.4,22.0,12.1,12.5,81.0,11.1,0.2,2.9,1.8,3.1,21.6,72.2,22.9,4.7,0.1,8.1,144768.9529562479
1808,North Carolina,Cumberland County,332766,11.2,44.6,35.5,1.2,2.4,0.2,23627,18.2,33.0,20.7,25.7,8.5,12.1,80.1,8.9,0.6,5.7,1.2,3.5,20.5,70.2,25.0,4.6,0.2,10.0,119077.51028948532
1809,North Carolina,Currituck County,25247,3.6,87.5,5.3,0.4,0.4,0.0,29340,9.1,30.3,17.2,27.4,16.2,9.0,83.6,9.9,0.3,1.8,1.2,3.2,37.2,75.9,18.2,5.8,0.1,4.8,322707.4314481256
1810,North Carolina,Dare County,35412,7.1,87.6,1.8,0.3,0.6,0.0,30898,8.9,30.8,19.8,28.0,12.5,8.8,78.9,10.6,0.0,2.0,2.2,6.2,20.2,74.8,13.2,11.5,0.4,5.2,326998.9910516305
1811,North Carolina,Davidson County,164118,6.9,80.8,9.1,0.3,1.5,0.0,24231,15.8,27.7,15.8,24.0,10.6,22.0,85.2,9.7,0.4,1.2,0.8,2.7,24.8,82.9,11.1,5.8,0.2,8.2,138609.91674862828
1812,North Carolina,Davie County,41766,6.5,84.9,6.1,0.1,0.7,0.0,29234,14.0,32.7,15.9,24.7,10.0,16.7,82.0,11.0,0.4,1.1,2.1,3.5,26.3,81.6,11.5,6.5,0.4,6.5,179011.68304428502
1813,North Carolina,Duplin County,59350,21.7,51.8,24.5,0.3,0.4,0.0,18529,26.3,24.2,17.8,18.9,16.0,23.1,77.2,17.2,0.0,1.5,1.0,3.0,26.1,78.5,12.9,8.4,0.1,9.3,96021.60237318142
1814,North Carolina,Durham County,300865,13.5,42.1,36.9,0.2,4.7,0.0,33151,16.4,49.0,17.0,18.9,6.9,8.2,76.8,10.5,3.7,2.3,1.7,5.0,22.9,79.2,16.1,4.6,0.1,5.8,213216.96802238445
1816,North Carolina,Forsyth County,368362,12.6,57.3,25.7,0.2,2.2,0.1,28640,18.7,39.5,17.8,23.0,7.0,12.6,83.9,7.4,1.0,1.6,1.1,5.0,21.4,83.7,11.0,5.2,0.1,6.9,147258.83939231565
1817,North Carolina,Franklin County,63866,8.1,63.5,25.4,0.4,0.5,0.0,23862,16.4,31.5,16.7,24.1,14.2,13.5,82.3,9.3,0.3,1.8,1.0,5.2,31.7,77.3,16.0,6.3,0.4,7.3,191590.29290692907
1818,North Carolina,Gaston County,214049,6.6,73.6,15.5,0.4,1.5,0.0,24937,16.5,30.4,17.4,24.3,9.8,18.2,85.3,9.3,0.3,0.8,1.0,3.3,25.4,84.1,10.8,4.9,0.1,8.3,139360.6625429563
1819,North Carolina,Gates County,11601,0.7,62.5,32.9,0.9,0.4,0.0,24335,12.4,29.2,16.6,19.2,12.0,23.0,84.9,11.4,0.0,0.5,1.5,1.7,36.5,71.8,23.5,4.8,0.0,8.8,138646.2232344199
1821,North Carolina,Granville County,58503,7.6,58.2,30.6,0.5,0.4,0.0,24859,14.3,33.3,17.4,21.9,10.3,17.0,84.6,10.6,0.0,0.9,1.0,2.9,28.6,75.2,20.3,4.3,0.2,6.6,155406.18276580775
1822,North Carolina,Greene County,21059,14.9,46.9,35.4,0.4,0.1,0.0,18662,25.8,26.8,19.8,14.4,18.6,20.5,81.9,13.5,0.1,2.9,0.4,1.3,25.8,75.2,16.8,8.0,0.0,9.4,102567.29792491953
1823,North Carolina,Guilford County,517197,7.7,51.4,33.3,0.4,4.8,0.0,28582,16.7,38.1,16.8,25.2,6.8,13.1,82.5,8.7,1.0,1.3,1.0,5.5,21.5,82.3,12.2,5.4,0.1,6.6,145330.28146665543
1825,North Carolina,Harnett County,128753,12.3,62.1,20.6,0.8,1.0,0.1,22351,18.0,33.9,17.2,23.6,12.5,12.8,85.6,8.9,0.2,1.0,1.0,3.2,29.2,72.8,21.3,5.6,0.2,9.3,162155.98451856142
1826,North Carolina,Haywood County,59854,3.7,93.1,1.0,0.4,0.5,0.0,27166,16.6,31.7,21.1,20.7,13.0,13.5,83.9,8.7,0.5,1.8,1.9,3.1,22.8,77.7,14.4,7.6,0.3,5.1,182309.50960655892
1827,North Carolina,Henderson County,112156,9.9,83.5,3.1,0.2,1.1,0.1,28290,11.8,34.0,17.3,23.5,11.0,14.2,80.2,10.2,0.2,1.7,0.9,6.8,21.6,80.2,11.7,8.0,0.1,3.5,234513.37280612558
1829,North Carolina,Hoke County,52571,12.8,40.5,32.5,7.9,1.4,0.1,19654,21.9,29.4,19.6,22.1,12.8,16.0,85.8,8.7,1.0,0.5,1.1,2.8,27.1,73.2,23.2,3.6,0.0,12.4,151819.14120583909
1830,North Carolina,Hyde County,5507,8.4,59.8,30.7,0.1,0.0,0.0,19181,20.3,26.9,16.4,24.2,22.9,9.6,79.0,6.0,0.9,2.8,4.2,7.1,24.7,64.0,21.7,14.3,0.0,11.0,158368.32780113598
1831,North Carolina,Iredell County,169798,7.4,76.4,12.3,0.2,2.3,0.0,30393,12.7,34.5,15.6,22.7,9.5,17.7,83.5,8.8,0.4,0.8,1.4,5.2,25.6,84.6,10.0,5.3,0.1,7.2,208859.20634106905
1832,North Carolina,Jackson County,41725,5.5,81.0,2.1,7.9,1.0,0.0,23674,21.6,33.1,27.9,21.2,9.4,8.4,77.9,12.5,0.5,4.2,0.8,4.1,20.4,67.9,25.5,6.5,0.1,4.8,232095.16104498284
1833,North Carolina,Johnston County,186308,13.3,68.7,15.1,0.5,0.7,0.0,24872,14.5,35.6,15.7,24.7,12.5,11.4,83.6,9.1,0.2,0.5,0.7,5.9,29.9,76.8,18.2,4.9,0.0,6.5,186115.02661963113
1834,North Carolina,Jones County,9776,4.5,62.2,30.4,0.3,0.2,0.0,21058,26.4,30.8,16.0,21.1,15.3,16.8,85.4,7.1,0.1,2.1,2.1,3.3,27.4,68.5,23.2,7.6,0.8,11.5,63389.58109954645
1835,North Carolina,Lee County,59805,19.3,58.2,18.9,0.7,1.0,0.0,23613,17.5,29.9,17.1,21.0,11.4,20.5,84.4,11.1,0.3,0.9,0.5,2.7,24.7,79.2,16.0,4.5,0.3,7.4,130960.97873592058
1836,North Carolina,Lenoir County,57934,7.5,49.7,38.7,0.4,0.6,0.0,21594,22.3,28.0,21.8,20.1,11.5,18.6,78.4,16.4,0.2,2.5,0.9,1.6,22.2,74.8,18.5,6.4,0.2,11.6,71730.77230610212
1837,North Carolina,Lincoln County,80504,7.0,85.3,4.9,0.2,0.5,0.0,27359,15.2,29.4,15.5,24.9,11.7,18.4,85.7,8.6,0.2,0.4,1.0,4.2,30.0,83.3,11.3,5.2,0.2,7.9,202416.7618918545
1838,North Carolina,McDowell County,45069,6.0,87.7,3.8,0.4,0.7,0.0,20439,19.3,25.5,19.5,19.7,10.4,24.9,80.3,14.3,0.0,0.7,1.0,3.7,23.0,80.7,15.4,3.9,0.0,7.4,144568.53432265928
1839,North Carolina,Macon County,34160,6.8,89.5,1.3,0.6,0.8,0.0,27282,17.7,28.9,25.6,22.6,13.2,9.7,80.7,9.7,0.4,1.6,3.6,4.0,21.4,76.4,12.1,11.2,0.3,4.9,181219.37870640645
1840,North Carolina,Madison County,21347,2.5,93.9,1.8,0.3,0.6,0.0,22653,17.8,31.1,21.1,18.6,14.9,14.3,77.1,12.3,0.1,2.0,0.8,7.7,28.9,75.9,14.0,10.0,0.1,6.9,224921.9388858173
1841,North Carolina,Martin County,23227,3.7,52.1,41.8,0.4,1.2,0.0,22161,19.2,28.3,19.5,23.7,10.6,17.9,86.2,9.2,0.0,1.6,0.6,2.4,24.0,76.4,19.2,4.3,0.2,9.6,75394.34459984838
1842,North Carolina,Mecklenburg County,1034290,12.9,47.9,30.7,0.2,5.5,0.0,35669,13.4,43.4,15.9,24.5,6.7,9.5,77.4,9.6,3.1,1.9,1.3,6.7,25.8,86.6,8.6,4.7,0.1,6.8,223268.17240652046
1843,North Carolina,Mitchell County,15155,5.0,92.7,0.3,0.6,0.2,0.0,22302,15.4,33.2,17.1,17.6,15.8,16.3,87.1,8.9,0.0,1.3,0.7,1.9,25.6,72.6,20.4,6.9,0.1,4.7,126808.93756572425
1844,North Carolina,Montgomery County,27445,15.4,63.3,18.6,0.2,1.5,0.0,20900,20.9,24.7,18.4,16.7,16.1,24.1,86.7,8.6,0.2,0.8,1.1,2.6,24.0,76.6,16.0,7.1,0.3,5.9,117994.0771667091
1845,North Carolina,Moore County,94191,6.4,77.2,12.5,0.9,1.2,0.0,31554,13.3,39.6,21.2,20.4,9.1,9.8,84.8,7.1,0.0,1.4,1.1,5.5,24.0,73.6,16.3,9.9,0.2,6.3,216422.36437580746
1846,North Carolina,Nash County,94125,6.7,50.9,39.2,0.7,0.9,0.0,25232,15.9,31.2,16.2,24.9,9.7,18.0,84.3,10.1,0.4,1.4,0.8,3.0,21.9,79.6,15.5,4.8,0.1,7.9,121438.08750545327
1847,North Carolina,New Hanover County,219866,5.4,76.9,14.0,0.3,1.3,0.1,31708,18.0,39.7,19.4,25.1,8.0,7.8,80.2,7.7,1.1,1.7,2.0,7.3,20.4,80.1,12.5,7.3,0.1,7.0,229809.37035370446
1849,North Carolina,Onslow County,192685,12.2,66.8,13.7,0.4,2.1,0.2,23141,14.1,29.5,22.6,26.7,12.1,9.1,70.9,13.4,0.3,8.0,1.9,5.5,21.4,67.5,26.0,6.2,0.3,10.6,148031.184404945
1851,North Carolina,Pamlico County,12803,3.6,74.3,18.2,0.5,0.2,0.7,25461,15.1,29.3,17.6,24.8,16.0,12.3,76.9,11.6,0.3,1.6,1.8,7.7,28.4,71.7,19.0,8.3,1.0,8.1,148953.6466033183
1852,North Carolina,Pasquotank County,39546,4.9,54.9,36.2,0.1,1.7,0.3,23714,18.1,32.6,19.2,24.8,12.9,10.5,80.8,11.3,0.4,2.3,2.1,3.0,28.3,71.5,23.3,5.1,0.1,7.0,138980.33199648527
1853,North Carolina,Pender County,57630,6.8,74.5,15.6,0.3,0.5,0.1,25997,15.8,32.0,18.7,22.9,15.4,11.0,81.3,11.4,0.2,0.9,1.6,4.6,28.9,77.9,14.2,7.8,0.1,8.3,245364.33856176925
1854,North Carolina,Perquimans County,13506,2.5,72.0,23.4,0.2,0.3,0.1,25848,18.8,34.5,19.6,21.5,13.9,10.5,81.0,10.2,0.0,2.1,0.5,6.2,29.6,66.6,23.5,9.9,0.0,8.4,159765.2998619343
1855,North Carolina,Person County,39240,4.1,66.5,26.9,0.8,0.2,0.0,24477,18.1,29.5,18.7,20.4,13.3,18.1,84.5,11.1,0.2,1.1,0.7,2.4,30.7,78.7,15.7,5.5,0.2,10.9,138666.30315182553
1856,North Carolina,Pitt County,176484,6.0,55.1,34.3,0.2,1.7,0.0,25462,24.3,37.4,21.1,22.7,7.2,11.6,84.0,8.1,1.1,1.7,1.1,4.0,20.6,77.2,18.5,4.2,0.1,10.1,132652.59865837285
1857,North Carolina,Polk County,20434,5.8,88.0,5.1,0.2,0.4,0.0,29728,10.9,34.4,18.4,25.6,11.2,10.5,77.0,13.5,0.8,1.4,2.5,4.8,25.7,76.5,12.2,11.2,0.1,6.3,217639.69173295703
1858,North Carolina,Randolph County,142827,11.1,79.7,5.9,0.3,1.1,0.0,22349,16.7,26.7,14.9,23.0,11.0,24.3,86.2,9.0,0.3,0.8,1.1,2.5,23.8,81.7,11.4,6.8,0.1,6.1,141164.01986203378
1859,North Carolina,Richmond County,45447,6.2,57.6,31.1,1.9,1.0,0.0,19966,26.1,25.7,18.8,22.5,12.5,20.5,85.8,9.0,0.1,2.3,0.8,2.0,21.5,76.2,17.0,6.6,0.2,10.0,76620.96570290902
1861,North Carolina,Rockingham County,91566,6.0,72.6,18.5,0.5,0.5,0.1,22521,18.5,24.7,19.5,23.6,11.1,21.1,84.9,9.8,0.1,1.2,0.6,3.5,25.6,79.4,13.3,7.1,0.3,7.2,111458.36142028315
1862,North Carolina,Rowan County,138940,8.3,72.7,16.1,0.2,0.9,0.0,23838,16.8,29.0,17.6,21.4,12.6,19.3,83.4,10.3,0.4,1.7,1.4,2.9,24.2,81.6,12.5,5.8,0.2,9.2,137837.47775935344
1863,North Carolina,Rutherford County,66523,4.1,83.6,10.0,0.5,0.5,0.0,21092,19.6,28.9,17.7,19.1,11.3,23.0,80.0,13.9,0.2,1.3,1.1,3.4,25.8,80.6,13.2,6.0,0.2,8.7,110885.75214575241
1864,North Carolina,Sampson County,63664,18.9,51.6,25.0,1.6,0.5,0.0,20872,24.3,25.2,16.5,20.4,17.0,21.0,82.0,12.4,0.2,1.7,0.7,3.1,25.6,77.8,14.9,6.8,0.5,9.5,89058.3565616487
1865,North Carolina,Scotland County,35445,2.8,43.9,38.6,11.1,0.7,0.0,17103,29.8,27.3,20.9,23.7,7.8,20.1,87.9,7.7,0.2,1.3,0.9,2.1,21.8,79.6,16.2,4.1,0.1,12.7,72637.29621717962
1866,North Carolina,Stanly County,60875,4.0,81.2,11.1,0.3,1.9,0.0,23398,15.7,28.8,21.2,20.4,12.9,16.7,83.5,9.5,0.2,1.5,1.1,4.1,25.7,76.3,16.0,7.5,0.2,8.0,141180.1567877403
1867,North Carolina,Stokes County,46124,2.8,91.3,4.0,0.3,0.4,0.0,23500,13.9,29.6,18.6,18.6,11.7,21.6,88.4,6.3,0.0,0.6,0.4,4.2,28.7,80.2,13.0,6.5,0.3,7.0,133402.9441647133
1868,North Carolina,Surry County,72315,10.2,84.4,3.7,0.3,0.6,0.0,22533,17.6,30.2,16.7,21.6,13.6,17.9,85.5,9.7,0.6,0.5,0.7,3.0,24.5,80.5,13.3,5.8,0.4,5.1,112690.22124551468
1870,North Carolina,Transylvania County,33291,3.2,89.4,4.0,0.4,0.6,0.0,26037,15.5,29.9,21.9,24.5,12.3,11.4,79.8,9.8,0.3,2.1,0.8,7.1,26.1,73.2,13.2,13.7,0.0,6.8,219043.85739910533
1872,North Carolina,Union County,222095,10.9,73.0,11.4,0.3,2.4,0.0,32754,9.4,39.3,15.1,24.1,9.1,12.5,82.3,8.1,0.4,1.1,0.9,7.2,29.5,83.5,10.8,5.6,0.1,6.1,238823.558020871
1873,North Carolina,Vance County,44420,7.3,40.6,49.8,0.3,0.5,0.0,21188,23.0,22.4,20.6,23.3,10.5,23.3,82.8,11.4,0.0,2.2,0.7,2.9,22.6,76.3,18.5,5.1,0.0,11.0,94762.14237168746
1874,North Carolina,Wake County,1023811,10.0,60.6,20.0,0.3,6.4,0.0,37315,10.1,50.1,13.8,23.4,6.0,6.7,79.5,8.7,1.1,1.3,1.3,8.2,24.9,80.6,14.5,4.8,0.1,4.9,282451.8742717477
1875,North Carolina,Warren County,20190,3.8,38.3,50.1,5.0,0.4,0.0,21543,22.3,28.6,21.4,22.9,8.7,18.4,84.4,10.1,0.1,1.1,0.8,3.6,28.5,65.0,26.2,8.4,0.3,8.1,135687.05951704507
1876,North Carolina,Washington County,12331,5.0,44.9,48.2,0.1,0.2,0.0,21117,24.1,15.8,23.0,23.6,12.3,25.3,81.2,13.1,0.0,1.6,2.3,1.8,25.1,78.4,15.0,6.6,0.0,10.4,76320.9822827981
1877,North Carolina,Watauga County,53421,3.4,91.9,1.5,0.3,0.8,0.1,24545,28.3,36.3,24.2,25.1,7.5,6.8,73.9,9.5,2.0,6.4,0.6,7.7,20.0,70.1,21.7,7.9,0.3,8.1,253731.2537543306
1878,North Carolina,Wayne County,124496,11.3,54.1,30.1,0.3,1.2,0.0,23163,21.2,29.1,17.9,22.8,12.1,18.1,81.0,14.1,0.4,1.6,0.8,2.1,21.9,75.5,19.3,4.9,0.3,9.7,109998.93736533956
1879,North Carolina,Wilkes County,68525,6.1,87.9,4.1,0.3,0.5,0.1,21798,20.9,27.2,17.0,23.0,12.5,20.3,84.0,11.9,0.0,1.0,0.4,2.8,23.3,77.0,15.1,7.8,0.2,7.5,122054.4292054646
1880,North Carolina,Wilson County,81379,10.1,47.3,39.5,0.4,0.8,0.0,23383,20.6,30.6,18.9,21.5,10.6,18.5,83.8,8.8,0.1,1.3,4.3,1.7,20.7,81.7,13.6,4.6,0.1,8.1,107814.36021666595
1881,North Carolina,Yadkin County,37825,10.9,84.5,3.4,0.1,0.1,0.1,23038,17.3,27.1,15.9,20.6,13.5,22.8,81.6,12.0,0.0,0.5,1.2,4.6,26.6,81.0,11.6,7.2,0.2,5.9,133558.86203915128
1882,North Carolina,Yancey County,17605,4.9,92.8,0.8,0.4,0.2,0.1,21947,19.6,31.3,19.4,19.6,13.6,16.1,81.4,9.4,0.0,2.8,1.2,5.1,28.7,73.5,18.3,8.1,0.1,8.3,160325.5528047896
1883,North Dakota,Barnes County,10971,1.9,92.9,0.9,2.0,0.5,0.0,32517,10.0,35.1,20.8,15.8,14.6,13.7,77.7,10.2,1.0,5.5,1.3,4.3,17.0,67.8,19.1,12.8,0.3,3.1,143498.8910283446
1884,North Dakota,Bottineau County,6651,2.2,92.0,0.8,2.4,0.3,0.0,35698,8.6,36.8,20.0,18.5,13.8,10.8,76.0,9.2,0.0,6.3,0.7,7.9,18.7,65.5,19.0,14.9,0.6,3.3,160497.62077275594
1885,North Dakota,Bowman County,3226,5.1,92.6,0.1,1.2,0.0,0.0,36318,8.5,36.7,18.8,14.6,17.3,12.5,77.4,7.6,0.0,5.3,1.6,8.1,14.3,72.5,11.9,15.3,0.3,1.6,178086.18458175496
1886,North Dakota,Burleigh County,92372,2.2,89.9,1.7,3.7,0.7,0.0,36483,8.5,39.6,16.0,23.3,11.7,9.4,85.0,8.7,0.3,1.5,0.9,3.7,17.2,77.1,17.8,5.0,0.0,1.8,264987.25717859674
1887,North Dakota,Cass County,170620,2.5,87.1,4.3,1.0,2.9,0.0,34193,11.2,38.7,17.0,23.7,8.6,12.0,83.0,8.5,0.9,2.7,1.5,3.3,16.0,84.0,11.9,4.0,0.1,2.7,242790.43834013178
1889,North Dakota,Dunn County,4349,2.7,83.9,1.0,9.2,1.4,0.2,42438,10.6,34.5,16.2,15.0,14.3,20.1,70.4,9.5,0.5,5.9,2.6,11.1,22.9,68.5,16.7,14.2,0.6,3.5,271408.5776016342
1892,North Dakota,Foster County,3318,1.3,95.9,0.2,0.8,0.2,0.0,32665,7.1,37.4,13.6,21.7,12.7,14.8,81.1,6.9,0.0,5.2,1.1,5.7,12.9,66.2,14.5,17.9,1.4,1.1,151509.14037729567
1893,North Dakota,Grand Forks County,70130,4.0,85.0,3.4,2.5,2.6,0.1,30465,17.0,35.5,19.7,24.8,9.8,10.2,82.0,7.8,0.8,3.9,2.0,3.5,14.2,74.5,21.3,3.9,0.2,3.8,219294.0053411514
1895,North Dakota,McHenry County,5951,2.3,95.1,0.2,1.6,0.1,0.0,36874,7.9,34.6,13.6,18.9,19.5,13.4,75.5,7.8,0.0,8.6,1.0,7.0,26.5,68.8,13.4,17.7,0.2,2.2,172135.9928268088
1896,North Dakota,McLean County,9607,2.3,89.6,0.6,6.5,0.0,0.0,36953,8.9,34.1,15.4,17.3,19.3,14.0,71.6,9.8,0.5,5.0,0.9,12.3,23.1,68.8,17.1,13.5,0.6,1.6,165425.33507556052
1897,North Dakota,Mercer County,8637,2.7,93.1,0.9,2.7,0.4,0.0,36720,7.3,27.4,18.0,19.2,19.8,15.6,81.2,8.2,0.4,3.8,1.8,4.6,17.8,79.5,13.2,7.2,0.1,1.3,217036.3960282862
1898,North Dakota,Morton County,30059,2.7,90.9,0.6,4.0,0.1,0.0,37335,7.9,33.9,16.2,21.9,13.9,14.0,84.1,8.6,0.0,1.6,0.7,5.1,20.1,75.4,14.4,9.8,0.3,2.4,240381.87399521028
1899,North Dakota,Nelson County,2971,2.5,96.7,0.0,0.3,0.0,0.0,33599,8.4,35.4,19.3,16.7,17.7,11.0,71.6,10.5,0.1,5.8,4.0,8.0,17.9,64.3,17.5,17.9,0.3,0.5,165200.6307197281
1900,North Dakota,Pembina County,7050,3.3,91.6,0.2,2.3,0.5,0.0,34824,5.6,32.7,15.6,21.7,15.4,14.5,77.8,10.3,0.0,4.6,1.3,6.0,16.9,69.1,17.1,13.1,0.7,3.1,108533.85465464085
1901,North Dakota,Ramsey County,11574,2.5,84.6,0.0,9.3,0.6,0.0,33884,12.1,33.8,25.8,22.1,8.6,9.6,75.2,8.7,0.9,7.2,2.6,5.4,12.9,73.8,16.8,9.3,0.1,1.3,178280.0098362933
1902,North Dakota,Ransom County,5411,1.6,95.0,0.7,0.2,0.6,0.0,33574,6.6,31.4,19.1,13.9,12.2,23.5,71.9,13.8,0.0,4.6,0.1,9.6,18.6,72.4,13.6,13.9,0.1,2.4,163493.64640328087
1903,North Dakota,Renville County,2543,5.4,92.1,0.5,0.5,0.5,0.0,30888,4.8,35.3,13.4,21.0,17.0,13.4,78.4,8.9,0.5,3.0,0.0,9.2,26.6,68.3,15.8,15.6,0.3,0.9,202494.58802317665
1904,North Dakota,Richland County,16333,2.7,91.9,0.5,2.6,0.4,0.0,29818,9.7,33.9,16.4,17.2,12.6,19.9,77.7,10.8,0.0,4.2,1.7,5.6,18.2,77.8,12.5,9.5,0.3,2.4,135344.15064053817
1905,North Dakota,Stark County,30316,5.1,88.6,1.7,1.0,1.2,0.0,37978,8.1,31.8,15.3,21.6,15.1,16.2,82.6,9.4,0.5,3.1,0.5,4.0,18.2,80.3,11.8,7.7,0.2,3.2,257521.17281132957
1906,North Dakota,Stutsman County,21058,2.3,92.9,1.1,1.5,0.6,0.1,31182,11.1,36.7,20.9,19.0,11.6,11.7,80.5,9.9,0.7,3.4,1.5,3.9,15.0,76.3,15.8,7.4,0.6,1.5,187889.8882891942
1907,North Dakota,Traill County,8050,3.4,92.7,1.0,1.0,0.2,0.2,31774,6.9,35.8,16.0,17.8,16.8,13.5,77.4,11.5,0.1,4.3,1.3,5.3,21.2,71.7,19.3,8.6,0.3,2.9,176674.7263276627
1908,North Dakota,Walsh County,10920,11.1,84.9,0.3,1.6,1.0,0.0,30693,9.9,30.9,15.5,18.3,18.7,16.6,79.4,9.3,0.2,4.6,1.0,5.5,16.1,74.4,15.3,9.8,0.4,2.6,120715.7338129783
1909,North Dakota,Ward County,69628,5.6,84.1,3.6,2.3,1.4,0.1,33414,8.4,32.1,17.5,24.5,12.6,13.3,82.8,10.3,0.3,2.5,0.7,3.4,18.9,78.3,16.1,5.6,0.1,2.7,232468.2007578615
1910,North Dakota,Wells County,4089,1.2,97.7,0.0,0.4,0.0,0.0,33580,5.8,33.4,16.2,25.6,12.5,12.2,70.7,12.3,0.0,8.5,1.5,7.0,14.9,72.0,13.5,14.1,0.4,2.0,181905.2341747276
1912,Ohio,Adams County,27926,1.0,96.6,0.4,0.6,0.2,0.0,20248,23.8,28.3,18.9,16.7,13.6,22.5,80.8,11.5,0.5,1.3,1.2,4.8,36.5,79.1,13.0,7.7,0.2,7.5,100929.70687994255
1913,Ohio,Allen County,104157,2.9,81.2,11.7,0.2,0.7,0.0,24551,15.0,28.2,18.4,21.8,8.5,23.2,86.4,8.1,0.7,1.6,1.2,2.0,18.9,86.1,9.8,4.0,0.1,7.2,101231.15525843854
1914,Ohio,Ashland County,53299,1.3,96.0,0.8,0.0,0.6,0.0,24612,14.2,29.2,16.9,20.7,10.6,22.5,84.9,6.5,0.3,3.9,1.1,3.3,24.4,85.4,10.1,4.1,0.4,4.2,125802.00117046823
1915,Ohio,Ashtabula County,98622,4.0,89.9,3.4,0.2,0.5,0.0,21936,19.8,26.1,18.4,21.4,9.2,24.9,84.7,8.5,0.6,1.8,1.7,2.7,25.9,83.0,11.0,5.9,0.2,7.4,96011.22823674786
1917,Ohio,Auglaize County,45778,1.6,96.0,0.4,0.2,0.5,0.1,28340,9.0,29.8,14.5,20.6,8.2,26.8,87.6,6.8,0.1,1.7,1.1,2.7,19.6,85.3,9.9,4.8,0.1,3.4,131308.69827957897
1918,Ohio,Belmont County,68889,0.9,93.0,4.1,0.2,0.4,0.0,25326,14.1,28.3,20.4,22.4,14.1,14.8,88.3,6.0,0.4,2.3,0.9,2.0,23.2,83.5,12.7,3.7,0.1,6.8,99970.99004457689
1919,Ohio,Brown County,43799,0.9,96.6,0.8,0.1,0.3,0.0,24525,17.8,25.6,20.7,21.8,12.1,19.9,83.9,8.2,0.1,1.7,0.9,5.3,36.5,79.6,12.4,7.8,0.3,6.5,135681.95268733866
1920,Ohio,Butler County,375702,4.5,82.2,7.8,0.1,2.9,0.1,29745,12.9,38.5,16.5,24.4,6.9,13.8,84.7,7.6,0.6,2.0,0.9,4.2,24.4,85.1,10.6,4.2,0.1,5.4,161314.52690597528
1921,Ohio,Carroll County,27825,1.3,96.4,0.9,0.1,0.4,0.1,26908,14.8,25.3,17.6,22.2,14.2,20.7,83.2,8.3,0.0,2.4,1.8,4.3,28.5,81.2,10.0,8.7,0.2,4.7,126294.44877933741
1922,Ohio,Champaign County,39005,1.5,93.5,1.6,0.1,0.5,0.1,25528,11.1,24.5,15.8,21.0,9.7,28.9,85.0,9.3,0.0,2.3,0.8,2.6,25.9,82.4,12.1,5.5,0.1,7.3,130992.73517321837
1923,Ohio,Clark County,135520,3.2,84.4,8.1,0.1,0.6,0.1,25270,16.6,29.1,18.5,23.2,8.4,20.7,81.9,9.7,0.9,2.8,1.2,3.5,22.0,81.6,12.8,5.3,0.3,7.7,98794.09696669057
1924,Ohio,Clermont County,202166,1.8,93.9,1.4,0.2,1.1,0.0,31812,9.8,36.4,15.7,25.5,9.1,13.3,85.6,6.9,0.5,1.1,0.8,5.1,28.0,85.2,9.4,5.3,0.1,4.4,174345.03205282937
1925,Ohio,Clinton County,41869,1.6,93.4,2.1,0.1,0.4,0.0,25238,14.7,27.4,16.6,24.2,10.4,21.4,83.4,7.9,0.4,3.0,1.5,4.0,25.6,80.7,12.6,6.4,0.3,6.6,128693.2482431095
1926,Ohio,Columbiana County,104584,1.6,94.2,2.2,0.1,0.2,0.0,24758,15.4,25.7,18.1,22.2,10.8,23.3,86.5,7.6,0.4,2.0,0.9,2.7,25.3,83.1,10.3,6.5,0.1,7.5,93068.15189098411
1927,Ohio,Coshocton County,36602,1.0,96.1,1.1,0.2,0.3,0.0,21520,15.0,22.0,18.7,19.5,13.1,26.7,80.0,9.6,0.4,2.5,2.0,5.5,23.9,81.1,11.0,7.5,0.4,6.7,94925.1514140264
1928,Ohio,Crawford County,42231,1.5,95.7,0.9,0.1,0.4,0.0,24386,16.2,27.5,18.9,20.2,8.1,25.3,84.4,9.3,0.3,2.7,1.1,2.2,20.8,83.2,11.4,5.4,0.0,6.4,77149.24801435861
1930,Ohio,Darke County,51919,1.5,96.4,0.8,0.2,0.3,0.0,24768,11.6,25.1,15.2,20.9,12.0,26.8,84.8,7.2,0.6,2.2,1.0,4.2,23.2,84.5,7.2,7.9,0.4,5.1,113288.68001903722
1931,Ohio,Defiance County,38311,9.6,86.9,1.7,0.4,0.3,0.0,26941,11.0,25.9,16.1,22.6,9.3,26.2,86.8,6.9,0.4,2.6,0.6,2.6,20.3,84.3,10.6,4.7,0.4,5.0,110791.54265205302
1933,Ohio,Erie County,75369,4.2,83.6,8.1,0.2,0.6,0.0,30223,13.0,30.7,21.2,20.7,8.9,18.5,84.5,8.5,0.9,2.0,1.3,2.7,21.0,81.9,12.9,5.1,0.1,6.5,130531.47676369407
1934,Ohio,Fairfield County,151526,2.0,87.1,7.1,0.1,1.6,0.0,29582,9.9,36.5,17.0,25.1,8.0,13.4,85.4,8.0,0.4,1.5,0.9,3.9,28.3,80.1,15.1,4.6,0.2,5.1,183120.74376640783
1935,Ohio,Fayette County,28659,2.0,92.9,2.0,0.0,0.8,0.1,24013,17.7,26.7,16.8,24.2,10.5,21.9,86.8,8.1,0.2,1.0,0.4,3.4,24.0,80.1,13.8,5.8,0.3,6.3,126371.19427690952
1937,Ohio,Fulton County,42296,8.4,89.4,0.3,0.2,0.4,0.1,27922,10.6,27.8,15.9,21.3,12.3,22.7,88.0,6.6,0.1,1.9,0.8,2.6,24.1,84.1,10.3,5.3,0.2,5.9,134008.2575667155
1938,Ohio,Gallia County,30203,1.3,93.6,2.8,0.5,0.7,0.1,22293,20.9,27.8,19.8,22.3,11.2,18.9,85.9,5.3,0.2,1.9,1.5,5.2,29.0,80.9,13.0,5.8,0.4,5.8,100646.85960578307
1939,Ohio,Geauga County,93895,1.4,95.8,1.2,0.1,0.6,0.0,39513,6.5,40.8,14.8,23.3,9.8,11.3,79.2,8.2,0.5,1.8,2.2,8.2,28.3,82.1,9.6,8.1,0.1,3.5,225077.136426985
1940,Ohio,Greene County,164825,2.7,84.2,6.8,0.1,3.0,0.0,33138,12.3,45.2,16.0,22.9,6.1,9.8,83.7,7.3,0.4,3.5,0.8,4.3,21.0,75.2,19.9,4.8,0.1,5.7,164953.0354730603
1941,Ohio,Guernsey County,39414,1.1,94.8,1.2,0.2,0.3,0.0,22864,20.2,27.3,17.6,22.6,12.5,20.0,86.0,7.3,0.3,1.7,1.5,3.3,24.4,80.0,13.3,6.6,0.2,8.5,105614.9141235134
1942,Ohio,Hamilton County,808703,3.0,65.9,25.6,0.1,2.4,0.1,32638,17.0,41.4,17.7,23.6,5.8,11.5,79.8,8.0,3.8,2.9,1.0,4.5,23.2,85.2,10.2,4.5,0.1,7.0,144792.7066490666
1943,Ohio,Hancock County,75508,5.2,89.6,1.4,0.0,1.8,0.0,29608,12.1,32.8,16.7,19.8,8.1,22.7,84.1,9.3,0.2,2.2,0.9,3.3,17.1,86.3,9.0,4.7,0.1,4.5,142582.039405784
1944,Ohio,Hardin County,31576,1.6,95.3,0.7,0.0,0.8,0.0,21099,16.6,27.2,17.6,19.6,7.3,28.3,81.0,8.4,0.2,3.2,1.9,5.2,25.2,81.0,12.8,5.8,0.4,6.8,103015.03852206688
1945,Ohio,Harrison County,15397,0.9,95.2,2.0,0.1,0.5,0.0,22965,15.7,24.5,17.0,21.1,16.7,20.7,81.7,10.8,0.1,4.0,0.8,2.7,28.3,84.7,11.1,3.9,0.3,4.9,94568.8653271916
1946,Ohio,Henry County,27463,7.5,90.2,0.5,0.1,0.4,0.0,27325,9.0,30.2,15.4,17.3,11.1,25.9,88.1,7.0,0.3,1.3,0.8,2.5,22.3,83.3,11.8,4.7,0.2,4.5,113241.39655849461
1947,Ohio,Highland County,43031,0.9,95.5,1.2,0.2,0.4,0.0,22079,21.6,27.4,15.4,19.4,12.0,25.7,81.4,11.1,0.5,2.2,0.9,3.9,29.2,78.3,11.9,9.6,0.2,7.3,101731.3734305917
1948,Ohio,Hocking County,28547,0.6,96.6,1.0,0.0,0.2,0.0,23192,14.2,29.5,18.9,22.5,12.2,16.9,85.2,7.6,0.7,1.9,1.0,3.6,32.0,76.8,16.7,6.1,0.5,7.4,139167.70713045856
1950,Ohio,Huron County,58497,6.2,90.6,1.3,0.0,0.2,0.0,24193,14.2,23.8,16.5,19.5,12.4,27.8,83.6,9.3,0.6,2.2,1.5,2.7,22.5,85.1,9.3,5.2,0.4,5.8,115232.57562362509
1951,Ohio,Jackson County,32624,1.0,96.2,0.8,0.0,0.1,0.1,21730,20.6,31.1,15.6,22.3,10.7,20.3,84.9,9.2,0.1,2.8,0.7,2.4,25.6,77.9,16.6,5.2,0.2,10.8,78412.55438638946
1952,Ohio,Jefferson County,67349,1.3,90.5,5.5,0.1,0.3,0.0,24028,17.6,28.8,21.1,24.2,9.9,16.0,84.0,7.7,0.5,3.5,0.7,3.8,25.0,85.9,9.3,4.7,0.1,7.9,77191.02809448093
1953,Ohio,Knox County,60945,1.4,95.5,0.9,0.1,0.4,0.0,24523,13.8,32.3,18.7,20.1,10.1,18.7,77.8,10.0,0.5,4.9,1.3,5.5,24.9,82.8,10.8,6.0,0.3,5.8,150268.08785000563
1954,Ohio,Lake County,229701,4.0,89.1,3.8,0.1,1.2,0.0,32125,8.3,36.9,16.5,24.3,7.2,15.1,87.5,6.6,0.9,1.3,0.4,3.3,23.6,85.9,10.0,4.0,0.1,4.8,144214.7318805955
1955,Ohio,Lawrence County,61057,0.9,94.9,1.9,0.0,0.5,0.0,22844,18.6,29.5,19.6,24.7,7.5,18.8,87.7,7.5,0.3,1.5,1.3,1.8,23.5,83.7,13.2,3.1,0.0,6.5,103983.59275669242
1956,Ohio,Licking County,170678,1.7,91.2,3.5,0.1,1.0,0.0,29093,11.8,36.1,16.5,24.6,9.1,13.8,83.6,8.1,0.3,2.6,1.2,4.2,25.8,81.4,13.1,5.5,0.1,5.9,168549.48096692842
1957,Ohio,Logan County,45323,1.5,93.7,1.6,0.2,0.7,0.0,26525,13.7,27.4,12.5,19.7,8.9,31.6,80.4,12.0,0.2,1.3,1.0,5.1,22.0,83.7,8.9,7.2,0.1,5.8,134882.29400566127
1958,Ohio,Lorain County,305405,9.5,78.9,7.8,0.2,1.0,0.0,28555,13.7,33.6,17.9,24.1,8.5,16.0,83.9,7.5,0.6,2.4,2.2,3.3,24.2,83.5,12.2,4.1,0.1,7.0,137504.2621925654
1959,Ohio,Lucas County,433404,6.8,69.4,18.7,0.2,1.7,0.0,27111,19.8,33.7,19.4,23.0,7.0,16.9,84.3,7.8,1.6,2.1,1.3,2.9,20.6,83.8,11.3,4.8,0.1,8.5,92565.87771346944
1960,Ohio,Madison County,43732,1.9,88.9,5.8,0.3,1.1,0.0,27798,10.2,32.1,16.8,21.0,11.6,18.5,83.6,9.4,0.2,1.6,1.0,4.1,25.3,79.5,13.8,6.7,0.0,5.4,167471.55129914256
1961,Ohio,Mahoning County,231857,5.6,76.5,14.7,0.2,0.8,0.0,25901,17.6,32.0,18.9,24.9,8.3,15.8,86.3,6.9,1.1,1.3,1.4,3.1,21.9,82.6,12.0,5.2,0.2,8.2,82963.07451048294
1962,Ohio,Marion County,65483,2.5,88.7,5.2,0.1,0.5,0.0,22579,16.6,28.0,17.5,20.4,8.9,25.3,83.9,10.0,0.9,1.5,1.3,2.4,22.0,81.6,13.3,4.9,0.2,7.9,91214.36089517742
1963,Ohio,Medina County,176362,1.9,94.1,1.5,0.1,1.2,0.0,34174,6.2,40.0,14.4,24.8,8.0,12.8,87.9,5.5,0.4,1.0,0.8,4.3,27.1,84.9,10.4,4.6,0.1,3.6,195590.0394414577
1964,Ohio,Meigs County,23234,0.6,96.8,1.2,0.1,0.0,0.0,22396,22.5,27.5,19.0,21.5,15.3,16.6,81.0,12.8,0.4,1.4,0.4,4.1,30.9,73.1,19.2,7.5,0.2,10.4,76184.23149914537
1965,Ohio,Mercer County,40723,1.8,95.8,0.7,0.0,0.4,0.4,27540,7.4,27.0,13.7,19.3,10.9,29.1,88.9,6.1,0.3,1.4,1.0,2.3,17.5,86.3,8.3,5.3,0.1,3.9,142368.77543110258
1966,Ohio,Miami County,104081,1.6,92.8,2.1,0.1,1.3,0.0,28051,9.9,31.7,16.0,21.7,8.7,21.8,85.8,7.9,0.3,1.8,0.9,3.3,20.9,84.2,10.5,4.9,0.3,5.5,144067.038175756
1967,Ohio,Monroe County,14239,0.5,98.9,0.1,0.0,0.1,0.0,23154,19.7,24.2,13.4,23.6,19.8,18.9,83.4,9.5,1.7,3.5,0.3,1.7,33.9,79.4,13.4,7.0,0.1,5.9,116610.4257343677
1968,Ohio,Montgomery County,531987,2.7,71.4,20.5,0.2,2.0,0.0,27602,17.9,37.1,18.8,23.3,6.2,14.7,83.2,7.9,2.3,2.4,1.0,3.2,21.5,81.8,13.6,4.5,0.1,8.0,99635.91839849134
1969,Ohio,Morgan County,14773,0.9,92.4,3.4,0.1,0.2,0.0,22122,21.5,31.2,14.5,18.2,15.6,20.6,84.9,7.8,0.4,2.0,1.2,3.7,31.2,73.7,17.3,8.5,0.4,5.5,91086.65386616002
1970,Ohio,Morrow County,34935,1.4,96.1,0.7,0.1,0.0,0.0,24864,9.7,27.4,18.4,20.6,11.3,22.4,85.3,7.4,1.0,1.3,1.3,3.6,29.5,78.7,13.4,7.6,0.3,4.3,171003.63903759807
1971,Ohio,Muskingum County,85933,1.0,91.8,3.1,0.2,0.4,0.0,22877,16.6,26.7,19.0,25.0,10.3,19.0,86.2,8.3,0.3,2.3,0.8,2.1,23.7,84.1,11.0,4.7,0.2,6.9,107758.82757756492
1972,Ohio,Noble County,14498,0.8,92.2,5.4,0.0,0.1,0.0,23119,12.9,22.3,18.3,24.6,9.5,25.4,84.0,10.2,0.0,1.7,0.4,3.8,30.7,81.3,14.1,4.0,0.6,4.8,117146.07653677095
1973,Ohio,Ottawa County,40769,4.9,92.3,1.1,0.1,0.2,0.0,31574,10.5,31.3,18.6,19.8,10.0,20.3,87.8,5.6,1.0,1.3,0.7,3.6,23.9,84.0,10.7,5.2,0.1,4.9,158739.62330117016
1974,Ohio,Paulding County,18951,4.6,92.5,0.8,0.2,0.3,0.1,24319,10.7,25.5,17.1,17.0,10.7,29.7,84.7,7.7,0.2,3.0,1.3,3.1,22.4,82.7,10.7,6.5,0.0,5.0,90741.29231468726
1975,Ohio,Perry County,35983,0.8,96.9,0.3,0.2,0.2,0.0,21557,19.2,26.6,18.4,19.0,14.1,21.9,84.4,10.9,0.8,1.6,1.0,1.4,31.8,79.6,16.4,4.0,0.0,7.6,120904.83011093677
1976,Ohio,Pickaway County,57075,1.3,92.9,3.2,0.2,0.4,0.0,25460,12.0,32.4,16.1,24.2,10.6,16.7,86.6,8.4,0.1,1.5,0.6,2.8,28.1,79.6,15.5,4.5,0.3,5.2,168857.28101357157
1977,Ohio,Pike County,28291,1.0,95.4,1.2,0.4,0.1,0.0,21983,20.0,31.2,17.0,19.6,10.9,21.3,83.9,10.4,0.5,1.1,0.8,3.2,28.2,73.2,20.5,5.9,0.4,9.9,102169.5219216463
1978,Ohio,Portage County,162080,1.7,90.0,4.1,0.1,1.9,0.0,27985,14.5,32.2,18.4,24.4,8.1,17.0,84.1,7.1,0.7,2.8,0.5,4.8,25.5,83.9,11.4,4.5,0.2,7.2,156615.32742831451
1979,Ohio,Preble County,41328,0.8,96.7,0.5,0.2,0.4,0.0,25374,12.4,29.0,18.9,19.5,10.4,22.1,84.2,9.2,0.2,1.9,1.5,3.0,26.5,82.4,11.7,5.8,0.1,5.8,109710.01336769709
1980,Ohio,Putnam County,34037,6.0,92.3,0.4,0.0,0.2,0.0,28568,7.2,31.7,16.1,17.2,10.0,25.0,86.4,8.3,0.7,1.0,0.7,3.0,22.2,85.2,10.7,3.9,0.3,2.9,142826.8844545548
1981,Ohio,Richland County,121533,1.8,85.8,7.7,0.1,0.8,0.0,23439,15.6,27.9,19.4,23.6,8.0,21.2,83.5,9.6,1.2,1.7,1.0,3.1,22.2,81.6,12.7,5.6,0.1,7.5,91649.66711837998
1982,Ohio,Ross County,77125,1.2,89.6,5.1,0.0,0.6,0.0,22714,18.2,29.5,19.1,23.5,8.3,19.6,85.1,9.1,0.7,1.6,0.9,2.5,25.7,78.7,16.4,4.7,0.2,7.6,117143.66237185033
1983,Ohio,Sandusky County,59559,9.7,84.9,2.7,0.2,0.3,0.0,25219,13.6,25.3,16.7,19.7,10.6,27.6,85.7,7.7,0.8,2.2,0.8,2.8,20.3,86.6,9.6,3.6,0.2,5.4,106634.6876357902
1984,Ohio,Scioto County,76871,1.3,93.5,2.8,0.4,0.4,0.0,22586,23.9,33.8,19.9,22.3,9.3,14.6,89.1,5.4,0.3,2.1,0.6,2.5,25.6,76.4,18.0,5.3,0.3,7.9,84077.23842983088
1985,Ohio,Seneca County,55549,4.9,90.3,2.4,0.2,0.6,0.0,25004,15.2,26.8,16.7,19.5,9.3,27.8,84.1,8.1,0.5,3.9,1.2,2.2,21.3,83.8,11.1,5.0,0.1,5.9,100048.66419315647
1986,Ohio,Shelby County,48902,1.5,93.2,2.8,0.3,0.9,0.0,28410,8.9,27.4,14.7,20.4,8.6,28.9,85.6,8.9,0.2,1.8,0.9,2.7,18.0,85.2,10.0,4.6,0.3,5.3,129307.24479161257
1987,Ohio,Stark County,374273,1.9,86.8,7.1,0.1,0.8,0.0,27401,14.0,32.2,18.7,23.9,8.4,16.8,85.1,8.0,1.3,1.6,0.7,3.3,21.8,84.8,10.0,5.1,0.1,6.7,119502.16232283525
1988,Ohio,Summit County,541318,2.0,77.8,14.4,0.2,3.0,0.0,30803,13.6,37.5,17.0,26.1,6.2,13.2,85.9,6.9,1.8,1.3,0.6,3.5,22.8,85.0,10.7,4.3,0.1,6.4,121473.71039521578
1989,Ohio,Trumbull County,203341,1.7,87.4,8.2,0.2,0.5,0.0,25542,17.2,28.0,18.6,23.2,9.2,21.0,88.8,6.1,0.5,0.8,1.0,2.8,22.8,82.8,11.7,5.3,0.1,5.9,82774.38311683852
1990,Ohio,Tuscarawas County,92531,2.4,95.0,0.8,0.3,0.4,0.0,25054,13.8,25.9,16.9,21.8,9.9,25.5,84.7,8.4,0.2,1.8,1.9,3.0,22.3,86.4,8.5,4.8,0.3,4.9,123046.65554065572
1991,Ohio,Union County,54688,1.6,90.4,2.4,0.3,3.2,0.1,33066,7.4,39.6,13.9,21.1,7.9,17.5,87.0,5.8,0.7,0.6,0.4,5.5,24.7,81.3,12.9,5.7,0.1,2.8,232181.31790866426
1992,Ohio,Van Wert County,28262,3.0,94.4,1.2,0.0,0.3,0.0,26130,12.7,25.5,15.8,20.2,8.6,29.9,86.0,7.4,0.2,1.8,2.0,2.7,19.3,84.3,9.7,5.8,0.2,5.3,97088.79584785493
1993,Ohio,Vinton County,13142,0.5,96.8,0.5,0.1,0.1,0.0,19876,21.1,22.5,22.0,16.3,16.6,22.5,86.3,8.6,0.4,1.4,0.9,2.4,31.7,77.0,17.5,5.5,0.0,10.6,93671.00903602345
1994,Ohio,Warren County,223868,2.6,87.1,3.3,0.0,5.2,0.0,37479,5.1,48.2,13.1,21.5,6.4,10.8,86.7,6.3,0.4,0.6,0.4,5.6,25.4,83.8,10.8,5.4,0.1,4.5,221862.18959606727
1995,Ohio,Washington County,60871,1.0,95.3,1.2,0.4,0.6,0.0,26608,15.5,30.2,18.4,23.2,11.2,16.9,85.1,7.6,0.1,3.3,0.8,3.1,22.1,81.5,13.5,5.0,0.0,4.2,131140.9079589022
1996,Ohio,Wayne County,115915,1.9,94.0,1.4,0.2,1.0,0.0,25762,13.0,31.1,15.3,21.0,10.4,22.3,80.0,8.9,0.2,3.8,2.4,4.6,20.6,81.4,10.5,7.7,0.4,4.0,141979.36271327044
1997,Ohio,Williams County,37061,4.2,93.1,1.1,0.3,0.6,0.0,24160,13.5,25.1,14.6,20.3,9.7,30.4,89.0,5.2,0.4,1.6,1.3,2.5,19.3,82.6,12.0,5.2,0.3,5.0,96063.48872523854
1998,Ohio,Wood County,129504,5.3,88.7,2.7,0.1,1.7,0.0,30042,13.4,37.1,17.5,21.7,7.3,16.4,83.7,7.4,0.3,4.2,1.4,3.0,20.1,80.6,15.3,3.9,0.2,5.5,148951.12448418656
1999,Ohio,Wyandot County,22190,2.7,95.3,0.3,0.0,0.9,0.0,25431,11.3,26.0,14.1,19.0,11.5,29.4,84.3,9.3,0.1,2.2,1.6,2.5,21.7,83.3,11.6,4.9,0.3,4.2,107829.52868120714
2001,Oklahoma,Alfalfa County,5877,5.0,76.2,2.4,1.9,0.0,0.0,28007,11.2,31.6,15.8,18.9,20.0,13.8,77.2,11.9,0.0,4.9,2.5,3.5,18.8,64.7,21.2,13.8,0.3,4.5,59031.25637004545
2002,Oklahoma,Atoka County,13899,3.4,71.8,3.7,11.4,0.7,0.1,19439,19.8,28.9,19.8,21.3,13.0,16.9,81.2,9.2,0.1,3.1,0.9,5.4,25.3,68.3,22.2,9.2,0.4,6.6,100957.06902282458
2003,Oklahoma,Beaver County,5445,22.1,76.4,0.1,0.6,0.0,0.0,25935,11.7,33.8,12.6,19.1,18.5,15.9,81.7,7.2,0.7,2.7,1.2,6.5,19.3,70.3,17.5,11.1,1.1,3.9,93048.63383943848
2004,Oklahoma,Beckham County,22971,14.2,75.7,3.3,1.4,0.9,0.1,23883,12.6,25.6,17.9,24.2,14.9,17.4,87.6,7.6,0.2,1.5,0.8,2.4,17.0,78.1,14.5,6.4,1.0,4.6,117253.29289796889
2005,Oklahoma,Blaine County,9680,9.8,74.0,3.9,6.9,0.1,0.0,22823,15.0,35.0,15.9,21.8,11.8,15.5,87.4,4.7,0.1,1.0,0.9,5.8,17.2,65.6,21.9,11.1,1.4,3.6,66663.81158551289
2006,Oklahoma,Bryan County,45068,5.6,71.9,1.8,15.1,0.5,0.1,22171,17.5,30.6,20.3,22.0,10.4,16.7,80.8,11.1,0.3,2.5,1.6,3.6,20.2,73.4,20.7,5.7,0.1,6.4,117744.6167735267
2008,Oklahoma,Canadian County,132922,8.3,77.3,2.4,3.5,3.2,0.0,29852,7.9,36.7,15.4,25.3,10.5,12.1,85.6,8.6,0.2,0.8,1.1,3.6,23.8,77.5,17.0,5.3,0.1,4.3,167234.44175956203
2009,Oklahoma,Carter County,48407,6.8,70.8,6.4,7.1,1.1,0.0,24965,16.4,28.7,18.9,22.8,12.3,17.3,83.6,10.3,0.5,1.6,1.0,3.0,19.6,80.6,13.6,5.7,0.1,6.4,99568.95764363949
2011,Oklahoma,Choctaw County,14979,4.0,61.3,11.4,15.1,0.1,0.2,19446,31.0,27.4,23.0,18.9,14.8,15.9,86.2,7.3,0.9,1.7,1.2,2.7,22.7,75.5,18.0,6.1,0.4,8.6,68592.85670279188
2012,Oklahoma,Cimarron County,2221,20.8,77.7,0.3,0.6,0.2,0.0,28461,15.9,35.2,11.1,20.1,17.0,16.7,86.5,4.6,0.0,2.8,2.0,4.1,14.7,58.4,28.6,12.3,0.7,2.3,46340.45406216525
2013,Oklahoma,Cleveland County,274024,8.2,72.8,4.6,3.5,4.3,0.1,29231,12.6,40.1,17.1,25.2,8.7,9.0,84.0,9.0,0.3,1.7,1.9,3.1,23.3,74.0,21.2,4.6,0.2,4.8,159602.65755437533
2014,Oklahoma,Coal County,5666,4.4,69.5,0.2,12.9,0.3,0.0,24004,20.3,34.1,17.7,16.6,18.9,12.6,79.9,12.2,0.7,2.8,0.9,3.5,25.6,62.6,25.5,10.8,1.1,7.9,66082.68560957427
2015,Oklahoma,Comanche County,123066,12.7,56.8,16.3,4.7,2.2,0.5,25186,16.7,34.1,20.5,22.8,9.5,13.2,72.2,12.7,0.8,2.6,1.6,10.2,16.7,66.8,27.5,5.5,0.1,8.8,95290.57480098953
2016,Oklahoma,Cotton County,6000,7.3,76.6,2.0,8.2,0.0,0.0,21887,15.4,32.9,15.9,24.9,12.5,13.8,79.9,12.2,0.0,2.6,1.3,4.0,23.0,67.4,23.2,9.3,0.2,8.7,61964.52889292963
2018,Oklahoma,Creek County,70899,3.9,76.8,2.2,11.7,0.6,0.0,24056,15.2,29.6,17.2,22.2,12.2,18.8,84.6,8.6,0.3,0.9,0.8,4.9,24.9,81.6,13.1,5.1,0.2,4.2,127798.42896227202
2019,Oklahoma,Custer County,29169,17.5,69.3,3.0,1.7,1.2,0.1,24621,15.8,29.6,17.7,22.9,14.3,15.5,84.0,9.1,0.2,2.1,0.2,4.3,18.7,71.3,19.1,9.2,0.4,3.6,110798.1967405065
2022,Oklahoma,Ellis County,4102,7.3,86.9,0.0,1.2,0.9,0.0,27272,17.2,33.3,12.4,22.2,16.7,15.4,78.4,9.0,0.0,5.2,1.5,5.9,18.7,65.5,20.1,13.4,1.0,5.6,75061.14131891035
2024,Oklahoma,Garvin County,27751,8.2,76.4,2.3,5.4,0.5,0.0,22433,17.1,29.4,14.0,23.5,14.8,18.3,90.7,4.6,0.2,0.8,1.2,2.5,21.5,76.8,13.9,9.0,0.3,3.5,74914.86392484265
2025,Oklahoma,Grady County,54351,5.5,82.0,2.1,4.9,0.4,0.0,27334,12.4,31.8,15.6,23.3,14.5,14.9,86.3,8.0,0.1,1.2,1.1,3.3,25.9,75.6,17.0,7.4,0.1,3.8,127134.79789601937
2026,Oklahoma,Grant County,4458,4.6,88.9,0.2,0.4,0.1,0.1,29002,9.6,36.8,9.5,20.0,17.1,16.6,80.6,12.8,0.0,3.4,0.7,2.5,18.1,66.4,17.2,16.4,0.0,3.5,64421.98079141875
2027,Oklahoma,Greer County,6018,11.0,75.4,8.4,2.6,0.0,0.0,20073,19.2,30.3,22.0,21.8,14.9,11.0,84.3,8.3,0.0,1.8,1.0,4.6,20.9,62.1,27.9,9.8,0.2,6.6,52333.71024221266
2028,Oklahoma,Harmon County,2758,27.9,59.0,7.4,0.3,1.2,0.0,21620,16.1,35.5,16.1,19.8,17.9,10.6,85.0,11.0,0.0,1.1,0.0,2.8,15.9,63.4,22.9,13.5,0.3,6.2,57743.55943918911
2029,Oklahoma,Harper County,3843,22.2,74.9,0.1,0.3,0.0,0.0,23536,13.2,27.8,20.1,23.3,16.1,12.6,80.0,10.7,0.6,5.8,1.1,1.9,19.9,65.4,26.2,8.4,0.0,3.2,44322.89048509716
2030,Oklahoma,Haskell County,12746,4.2,71.2,0.7,13.6,0.6,0.0,20009,19.2,28.7,16.9,19.1,21.7,13.6,78.1,13.1,0.0,3.8,0.8,4.3,25.3,73.9,14.7,11.0,0.3,8.9,76714.70102016679
2032,Oklahoma,Jackson County,25574,23.3,63.4,7.0,1.5,1.3,0.0,22988,18.0,27.1,19.7,22.6,15.4,15.3,80.3,14.2,0.1,2.2,1.1,2.1,14.5,62.6,30.2,7.0,0.1,5.2,70848.12061979582
2033,Oklahoma,Jefferson County,6270,10.0,78.6,1.3,6.9,0.1,0.0,19130,20.9,22.9,19.3,19.6,18.6,19.6,82.2,11.2,0.0,3.0,0.5,3.1,26.0,71.9,16.9,11.1,0.1,7.2,40993.54444216529
2034,Oklahoma,Johnston County,11039,5.0,70.0,1.2,5.9,0.2,0.0,21022,20.0,32.7,15.1,18.1,12.3,21.8,80.2,11.8,0.1,2.4,0.8,4.7,24.3,69.0,22.4,7.4,1.3,6.6,72945.84656366495
2035,Oklahoma,Kay County,45173,7.6,75.4,2.0,7.4,0.5,0.0,24057,17.6,28.2,18.6,23.5,12.8,16.9,83.6,9.6,0.2,3.0,1.5,2.2,17.5,78.2,16.7,5.0,0.1,6.9,67129.7245299736
2036,Oklahoma,Kingfisher County,15510,15.2,77.3,1.1,3.1,0.0,0.0,31885,8.9,36.1,14.4,20.6,15.9,12.9,86.7,5.9,0.0,0.8,0.7,5.9,19.0,77.9,11.7,10.0,0.5,5.2,144202.96738603184
2037,Oklahoma,Kiowa County,9127,11.2,74.9,3.2,4.5,0.4,0.1,23076,23.9,31.2,18.7,17.9,14.8,17.5,80.5,11.7,0.0,1.8,1.0,5.0,20.9,67.7,20.4,11.7,0.3,6.1,39731.14716781056
2039,Oklahoma,Le Flore County,49860,6.8,71.9,2.3,10.1,0.4,0.1,20264,22.2,26.0,19.4,20.8,16.1,17.7,85.7,9.3,0.1,1.5,1.1,2.3,24.2,74.3,18.9,6.4,0.4,6.9,85292.95729520114
2040,Oklahoma,Lincoln County,34759,3.2,82.8,1.8,7.9,0.2,0.1,23911,14.3,29.1,16.2,23.3,15.4,15.9,83.8,9.0,0.1,1.9,1.5,3.7,29.1,72.4,18.3,9.1,0.2,5.9,94618.43673257907
2041,Oklahoma,Logan County,45326,5.7,77.8,8.6,3.5,0.5,0.1,28265,13.2,35.0,18.5,22.3,13.4,10.8,81.9,8.0,0.5,2.1,1.1,6.3,28.5,73.7,19.2,6.9,0.2,4.8,177364.8210132382
2042,Oklahoma,Love County,9843,14.9,72.1,1.9,6.0,0.8,0.0,20965,12.2,24.2,22.9,23.4,11.6,18.0,78.1,12.0,0.4,2.2,1.4,5.8,23.1,77.5,15.8,6.6,0.1,3.9,112490.24898445798
2043,Oklahoma,McClain County,37919,7.8,79.7,1.0,5.4,0.4,0.1,28353,9.5,35.7,16.6,22.7,14.5,10.5,85.0,7.6,0.0,0.8,0.9,5.7,26.7,70.2,19.8,9.6,0.4,3.8,170724.65150527185
2044,Oklahoma,McCurtain County,33026,5.7,63.1,8.0,12.8,0.6,0.8,19040,23.6,23.3,18.7,19.9,14.7,23.4,84.9,10.9,0.7,1.3,1.2,1.0,21.8,78.7,13.9,7.3,0.1,5.7,101031.95578659716
2046,Oklahoma,Major County,7730,9.2,85.5,0.3,1.7,0.6,0.0,28294,13.1,28.4,13.3,22.6,20.0,15.7,87.3,7.4,0.0,1.8,0.2,3.3,23.0,76.1,12.7,10.4,0.8,4.6,100299.70239161914
2048,Oklahoma,Mayes County,40929,3.3,65.4,0.5,14.3,0.4,0.3,22575,19.2,27.4,17.5,22.3,14.5,18.3,81.1,12.0,0.1,1.4,0.7,4.6,23.3,73.9,17.7,8.0,0.4,5.3,116946.5019275949
2049,Oklahoma,Murray County,13797,6.0,73.2,1.7,8.3,0.6,0.0,24804,14.1,28.1,23.9,19.7,12.3,15.9,82.0,12.0,0.0,3.2,0.3,2.5,20.5,73.3,20.2,6.2,0.3,3.9,85639.39214328943
2051,Oklahoma,Noble County,11421,3.5,81.9,0.8,7.3,0.0,0.0,28054,11.6,36.4,14.7,19.1,10.1,19.7,84.5,8.8,0.8,1.1,0.6,4.2,20.5,70.4,22.8,6.3,0.5,4.9,81108.20561685336
2053,Oklahoma,Okfuskee County,12160,3.9,61.6,7.6,13.7,0.1,0.0,17656,25.2,26.5,19.9,20.6,19.6,13.4,79.3,12.2,0.4,3.6,2.0,2.5,27.5,64.7,26.8,7.8,0.7,8.2,67726.0241536212
2054,Oklahoma,Oklahoma County,774203,16.8,56.8,14.8,2.5,3.3,0.1,29127,17.0,36.5,17.2,25.0,10.7,10.6,82.3,10.8,0.5,1.6,1.0,3.7,21.2,78.9,14.9,6.0,0.1,5.2,129646.23496028536
2055,Oklahoma,Okmulgee County,39121,3.8,62.8,8.5,13.5,0.4,0.0,21436,19.5,29.1,19.5,23.6,11.3,16.5,81.8,10.4,0.2,3.5,1.3,2.9,26.1,75.5,18.6,5.6,0.4,10.0,68076.81052904423
2056,Oklahoma,Osage County,47350,3.4,63.7,11.3,13.2,0.4,0.1,24195,15.7,31.9,17.2,22.2,12.3,16.5,83.7,10.6,0.5,1.2,1.3,2.7,24.4,76.5,17.9,5.5,0.0,6.1,116540.4608807595
2057,Oklahoma,Ottawa County,31725,5.4,65.6,1.0,15.2,0.7,0.7,19415,21.8,28.1,21.5,21.7,12.1,16.7,86.1,8.8,0.4,1.7,1.1,1.9,20.0,72.6,20.6,6.4,0.4,7.2,75130.32529674527
2058,Oklahoma,Pawnee County,16448,2.8,77.2,1.0,12.2,0.4,0.1,22965,15.0,27.8,16.2,19.9,14.6,21.5,79.3,12.3,0.4,2.3,1.5,4.1,26.7,75.7,15.9,8.3,0.2,5.2,84152.0609221471
2059,Oklahoma,Payne County,80634,4.6,77.3,3.9,4.9,4.4,0.1,22785,26.3,39.4,18.4,22.8,10.4,9.0,78.7,9.9,1.2,4.8,2.2,3.2,17.5,68.2,26.3,5.1,0.4,4.5,143068.8221332946
2060,Oklahoma,Pittsburg County,44673,4.8,70.0,3.2,7.2,0.4,0.0,24408,17.1,29.1,18.9,23.4,13.3,15.3,83.5,11.7,0.2,1.6,1.0,2.0,20.9,68.5,25.9,5.5,0.1,6.3,83840.29611317681
2061,Oklahoma,Pontotoc County,38289,5.1,66.3,2.1,8.7,0.8,0.1,23862,17.3,34.9,17.7,24.9,11.7,10.8,87.4,7.8,0.7,1.7,0.7,1.8,17.3,65.4,27.8,6.4,0.5,5.1,105290.28177157982
2062,Oklahoma,Pottawatomie County,71614,4.9,73.0,3.1,14.0,0.7,0.1,22284,17.0,31.4,19.8,23.7,11.2,13.9,83.1,8.3,0.3,2.5,2.8,3.0,23.7,69.2,24.1,6.5,0.2,6.7,95928.42767181397
2063,Oklahoma,Pushmataha County,11132,3.5,72.1,0.8,13.4,0.4,0.1,22596,20.3,29.5,18.1,20.6,18.1,13.7,78.0,17.2,0.0,1.4,0.5,2.9,27.0,65.6,24.1,9.8,0.5,7.9,75980.7582161081
2065,Oklahoma,Rogers County,90098,4.4,72.4,1.0,11.5,1.1,0.1,29824,9.4,34.8,15.4,24.1,11.7,13.9,85.5,8.9,0.1,0.6,1.5,3.4,24.2,81.0,13.3,5.5,0.2,5.0,165896.09403926457
2068,Oklahoma,Stephens County,44293,7.2,80.9,1.8,5.1,0.7,0.0,25177,15.1,27.4,17.3,23.6,14.5,17.3,82.3,9.7,0.5,2.0,2.2,3.2,20.4,77.4,14.6,7.7,0.3,6.8,79321.46190613318
2069,Oklahoma,Texas County,21409,45.1,45.6,3.9,0.3,3.0,0.1,23324,16.8,26.5,14.5,17.0,14.1,28.0,77.7,16.2,0.1,2.9,0.8,2.2,15.9,77.8,16.0,6.1,0.2,3.1,104905.2649320228
2070,Oklahoma,Tillman County,7591,25.8,60.6,7.9,2.3,0.3,0.0,21422,22.1,30.9,19.2,15.2,18.4,16.3,79.0,12.6,0.0,1.6,1.3,5.6,19.4,69.4,22.3,7.8,0.5,5.5,35652.24173872852
2071,Oklahoma,Tulsa County,637123,12.1,63.0,9.8,4.4,3.0,0.1,29797,15.5,37.3,16.6,25.1,9.2,11.9,82.3,10.0,0.7,1.3,1.6,4.0,19.7,84.7,9.7,5.4,0.2,5.9,140790.27641538193
2072,Oklahoma,Wagoner County,76830,5.7,72.1,3.4,8.2,1.4,0.1,27337,10.7,32.7,14.6,26.6,11.7,14.3,84.7,9.2,0.1,0.5,1.6,3.9,26.1,81.5,12.8,5.5,0.2,6.4,166716.66210293476
2073,Oklahoma,Washington County,51867,5.7,73.6,2.5,10.4,1.9,0.0,28913,14.0,35.6,18.4,24.2,10.1,11.6,81.8,11.0,0.1,2.3,1.0,3.7,17.7,81.3,13.1,5.4,0.2,4.7,105911.1430718326
2074,Oklahoma,Washita County,11550,9.6,83.9,0.1,1.1,0.2,0.0,26409,14.2,31.6,15.2,22.7,14.1,16.4,85.2,7.2,0.1,1.8,0.3,5.4,21.6,71.8,18.2,9.8,0.3,4.6,56135.33931316343
2075,Oklahoma,Woods County,9132,6.8,83.6,2.4,1.2,0.7,0.0,28322,12.9,31.6,22.6,19.9,14.3,11.6,82.3,6.7,0.0,4.8,1.3,4.8,14.0,70.9,19.4,9.6,0.0,4.6,78008.56793614627
2076,Oklahoma,Woodward County,21140,12.2,80.6,0.8,1.4,0.2,0.0,27413,11.7,26.3,14.8,21.7,19.0,18.2,86.1,8.2,0.1,1.6,1.4,2.6,17.4,80.6,12.1,7.0,0.4,5.6,104339.74826512963
2077,Oregon,Baker County,15980,3.9,91.1,0.9,1.0,0.8,0.4,25820,15.3,33.6,15.4,20.6,15.4,15.0,71.2,13.2,0.0,5.3,2.9,7.4,16.0,70.7,18.6,10.4,0.3,7.3,147055.91362371534
2079,Oregon,Clackamas County,399962,8.4,82.7,0.9,0.6,4.1,0.2,37551,9.0,39.4,15.1,25.3,8.4,11.7,76.3,9.3,2.9,2.1,1.6,7.8,28.7,81.0,11.3,7.5,0.2,5.6,402751.041240209
2080,Oregon,Clatsop County,38021,8.3,86.0,0.7,0.3,0.9,0.3,28115,12.2,30.0,22.9,26.0,10.2,11.0,73.1,10.4,0.8,7.3,3.2,5.2,19.1,75.9,15.5,8.3,0.3,6.5,287689.2241911853
2081,Oregon,Columbia County,50207,4.8,89.1,0.5,1.1,1.2,0.2,28460,12.3,28.6,18.4,21.7,12.5,18.8,78.7,12.3,0.8,2.3,1.0,5.0,33.3,81.7,11.3,6.9,0.1,7.5,277072.6774823806
2082,Oregon,Coos County,62921,6.3,85.6,0.6,2.0,1.1,0.2,26007,17.9,29.9,21.7,22.6,12.7,13.1,76.6,10.5,1.0,3.8,1.8,6.3,19.1,72.2,16.4,11.0,0.4,9.2,194936.97592134855
2083,Oregon,Crook County,21717,7.6,88.4,0.2,0.9,0.3,0.4,24239,15.3,24.0,24.8,27.0,9.0,15.2,77.3,11.0,0.0,4.0,1.2,6.5,23.4,74.3,15.5,10.1,0.1,8.3,248066.29783600406
2084,Oregon,Curry County,22377,6.8,86.8,0.3,2.0,0.5,0.0,26925,15.5,34.4,21.8,23.0,12.8,8.0,75.2,8.9,0.0,6.5,1.6,7.8,14.4,63.4,23.6,12.9,0.0,9.9,287094.8321947004
2085,Oregon,Deschutes County,175321,7.8,87.7,0.5,0.4,1.1,0.1,31575,12.1,36.9,19.8,24.4,9.2,9.7,74.3,9.3,0.4,2.7,2.9,10.4,18.5,79.0,10.3,10.4,0.3,5.5,370833.72830810276
2086,Oregon,Douglas County,107576,5.5,88.4,0.4,1.0,0.9,0.1,25002,17.0,28.6,19.1,23.8,12.0,16.5,80.2,9.7,0.3,2.6,1.9,5.2,19.5,74.4,18.1,7.2,0.3,8.9,187816.00376269434
2087,Oregon,Gilliam County,1910,8.1,86.0,0.0,5.2,0.0,0.7,24178,9.9,31.0,15.0,20.8,16.4,16.8,77.8,5.0,0.0,8.7,1.1,7.4,17.5,64.0,25.2,10.4,0.4,7.5,157269.08559666228
2088,Oregon,Grant County,7209,3.6,91.8,0.4,1.0,0.4,0.0,25154,13.7,38.8,16.7,19.6,14.9,10.0,74.7,11.5,0.2,6.0,0.8,6.7,17.2,59.2,30.3,10.2,0.3,7.6,157673.11467291167
2089,Oregon,Harney County,7195,5.0,86.8,0.8,3.1,0.4,0.1,24398,17.5,38.4,19.0,21.4,13.7,7.5,73.2,8.4,0.2,6.6,2.4,9.3,15.8,56.9,27.8,14.4,1.0,13.1,98924.47593716497
2090,Oregon,Hood River County,22938,31.1,64.2,0.1,0.6,1.9,0.0,29595,12.1,35.6,15.1,16.5,20.3,12.4,68.3,11.2,0.1,5.9,3.3,11.2,17.4,78.3,12.4,9.3,0.0,5.1,409537.8075889847
2091,Oregon,Jackson County,212070,12.2,81.7,0.6,0.6,1.2,0.3,27081,16.7,32.7,20.7,24.6,10.3,11.6,75.5,10.0,0.9,3.3,2.5,7.9,18.7,76.4,12.5,10.9,0.2,7.5,290413.8282330953
2093,Oregon,Josephine County,84514,7.1,87.4,0.4,1.2,0.6,0.0,24349,18.6,30.2,21.9,23.2,9.9,14.8,81.0,7.2,0.5,3.1,2.5,5.6,20.1,74.8,13.0,12.1,0.1,9.0,257690.94456385172
2094,Oregon,Klamath County,66018,12.3,78.7,0.7,3.2,1.0,0.1,23793,18.7,29.0,21.3,24.5,10.9,14.3,79.9,9.0,0.6,2.9,1.6,6.0,16.2,72.9,18.7,8.2,0.3,9.1,149299.04447186962
2095,Oregon,Lake County,7807,7.9,85.2,0.3,1.9,0.8,0.0,21005,20.0,30.5,22.6,16.8,17.8,12.2,70.9,9.0,0.1,6.6,2.2,11.1,14.6,61.5,24.7,13.0,0.8,6.9,99501.36398375027
2096,Oregon,Lane County,363471,8.4,82.6,1.0,0.8,2.5,0.2,27032,18.8,35.3,19.9,24.6,8.0,12.1,71.1,10.2,3.1,5.0,4.7,5.9,20.2,77.2,15.1,7.5,0.2,7.6,261173.57671803632
2097,Oregon,Lincoln County,47307,8.9,82.9,0.4,2.8,1.2,0.2,25782,18.4,27.4,27.7,24.2,9.2,11.5,72.4,13.0,1.3,5.0,1.5,6.8,18.9,72.0,16.1,11.7,0.2,6.5,250371.87608652978
2098,Oregon,Linn County,121074,8.7,85.7,0.4,0.9,1.2,0.1,24448,16.1,29.6,19.0,22.1,11.7,17.6,78.0,11.3,0.4,2.6,2.3,5.4,22.3,78.2,15.0,6.7,0.1,8.8,218251.83679395565
2099,Oregon,Malheur County,30421,33.1,61.7,0.9,0.7,1.6,0.1,17567,25.2,26.5,22.1,18.6,15.8,17.0,75.7,11.3,0.3,4.7,2.5,5.6,18.9,73.8,17.5,8.2,0.6,8.6,127659.92058607646
2100,Oregon,Marion County,330453,26.0,66.3,1.0,0.5,2.0,0.8,24791,15.9,30.5,18.8,24.3,12.9,13.5,75.2,13.5,1.9,3.0,1.8,4.6,23.2,77.2,17.2,5.4,0.2,6.8,249953.39533653148
2101,Oregon,Morrow County,11153,35.1,60.7,0.3,0.7,0.6,0.3,21743,14.7,26.8,13.6,15.7,21.9,22.0,74.1,14.7,0.4,3.1,1.8,6.0,20.4,75.5,16.3,7.7,0.5,4.8,153245.43363771937
2103,Oregon,Polk County,79666,13.4,78.9,1.0,1.2,1.9,0.4,25928,15.4,35.1,19.4,23.7,10.8,11.1,77.4,10.5,0.5,3.3,1.6,6.7,24.6,69.7,23.3,6.9,0.1,8.3,269637.06946696405
2104,Oregon,Sherman County,1635,4.5,91.7,0.8,0.8,0.1,0.0,34226,13.7,32.8,15.1,19.5,15.0,17.5,70.3,10.1,0.3,6.6,2.1,10.8,22.3,66.7,20.1,12.7,0.5,4.9,138792.74676782286
2105,Oregon,Tillamook County,25840,10.3,84.7,0.3,0.6,0.7,0.4,25458,15.5,27.0,20.1,19.7,15.9,17.3,75.2,10.6,0.6,5.4,2.5,5.8,18.9,73.6,16.3,9.9,0.2,5.5,286924.9297889702
2106,Oregon,Umatilla County,76736,26.0,67.0,0.8,2.4,0.8,0.2,22153,17.8,26.6,18.7,21.3,15.0,18.5,82.9,9.8,0.4,2.9,1.0,3.0,18.0,74.4,19.8,5.6,0.2,8.3,164526.0720694672
2107,Oregon,Union County,25810,4.6,89.3,0.8,0.8,1.0,1.2,26586,17.4,28.3,21.6,24.0,12.3,13.9,76.0,9.3,0.7,7.1,1.9,5.0,18.0,71.6,18.7,9.4,0.3,6.5,179933.9820738112
2109,Oregon,Wasco County,25687,17.4,75.4,0.4,3.6,0.9,0.6,24727,13.7,29.7,21.0,22.5,15.2,11.6,75.0,10.8,0.6,4.7,1.0,7.9,17.6,76.7,14.8,8.4,0.1,6.5,207951.47515393444
2112,Oregon,Yamhill County,102366,15.7,77.6,0.9,0.8,1.4,0.2,28540,13.7,33.0,19.4,20.7,11.2,15.7,75.2,11.6,0.7,5.1,1.7,5.6,25.9,81.2,11.8,6.8,0.2,6.6,312913.6897196287
2113,Pennsylvania,Adams County,101589,6.8,89.5,1.4,0.0,0.7,0.0,29685,8.8,30.1,16.2,22.1,11.0,20.6,82.3,9.1,0.3,3.7,0.9,3.8,27.6,83.4,10.7,5.6,0.2,4.9,198211.27568390887
2115,Pennsylvania,Armstrong County,66737,0.7,97.3,1.0,0.0,0.2,0.0,25502,13.0,28.3,19.0,21.2,13.6,17.9,83.3,8.9,0.7,2.5,1.1,3.5,29.7,85.5,9.5,5.0,0.0,6.9,96144.66236892599
2116,Pennsylvania,Beaver County,168161,1.5,89.7,5.9,0.0,0.5,0.0,29162,10.8,33.8,17.4,25.4,8.8,14.6,82.2,8.8,2.0,2.3,0.9,4.0,25.6,86.4,9.3,4.2,0.1,5.6,122768.5763511617
2117,Pennsylvania,Bedford County,48891,1.1,96.9,0.4,0.1,0.2,0.0,24219,13.6,25.7,18.3,21.2,13.4,21.4,80.8,10.0,0.4,2.6,1.5,4.6,27.2,80.0,11.0,8.6,0.3,5.9,155577.46915234273
2118,Pennsylvania,Berks County,415500,19.6,73.2,4.1,0.1,1.4,0.0,29041,13.6,31.8,16.7,23.3,8.7,19.4,79.8,9.8,1.6,3.3,1.6,3.9,24.9,85.7,9.1,5.1,0.1,7.3,164013.49724916994
2119,Pennsylvania,Blair County,124736,1.2,94.8,1.5,0.0,0.7,0.0,25531,15.2,31.2,18.6,25.3,8.8,16.0,82.5,8.8,0.8,3.7,1.2,2.9,20.1,83.1,11.8,4.9,0.2,5.2,138743.66604268903
2120,Pennsylvania,Bradford County,61546,1.4,96.1,0.6,0.1,0.6,0.0,26937,12.2,28.4,16.2,19.8,13.6,21.9,80.9,8.8,0.2,4.7,1.0,4.4,22.5,82.9,9.8,7.0,0.3,5.6,133399.41465647292
2121,Pennsylvania,Bucks County,626486,5.0,84.8,3.8,0.2,4.5,0.0,41924,6.1,43.1,13.9,25.2,7.8,9.9,81.9,7.0,3.3,1.8,0.8,5.1,29.8,85.9,8.8,5.2,0.2,5.4,304104.11587281886
2122,Pennsylvania,Butler County,185984,1.4,95.0,0.9,0.1,1.1,0.0,35101,8.4,38.8,16.1,23.7,9.1,12.3,84.6,7.2,0.7,2.4,0.7,4.4,26.8,85.2,9.6,5.0,0.2,4.5,218645.17092837885
2123,Pennsylvania,Cambria County,135871,1.5,93.0,3.2,0.0,0.5,0.0,24838,15.6,33.1,19.8,22.9,9.8,14.3,83.3,8.8,1.1,2.9,1.0,2.8,24.1,82.4,13.2,4.3,0.1,7.5,91996.66125154048
2124,Pennsylvania,Cameron County,4754,0.8,96.6,1.1,0.2,0.4,0.0,24933,14.4,23.1,18.8,16.9,11.9,29.2,79.0,10.9,0.4,6.0,1.2,2.6,17.6,77.6,15.2,6.8,0.5,4.1,75198.68030502232
2125,Pennsylvania,Carbon County,63987,4.3,92.4,1.7,0.0,0.5,0.0,25680,12.8,27.5,18.4,22.6,11.6,19.9,83.5,7.9,0.5,2.4,1.8,3.9,31.9,85.3,9.9,4.7,0.1,7.6,126504.75244934007
2126,Pennsylvania,Centre County,160646,2.8,85.8,3.6,0.1,6.0,0.0,28545,18.4,46.8,18.1,19.7,6.5,8.9,68.3,9.2,5.1,9.5,3.1,4.9,20.4,79.4,15.2,5.3,0.2,4.6,220789.51681998512
2128,Pennsylvania,Clarion County,38747,0.8,96.3,1.0,0.2,0.5,0.0,23595,17.5,30.1,22.9,19.3,11.4,16.3,82.9,6.7,0.2,5.1,1.2,3.9,22.5,79.9,13.3,6.5,0.3,6.6,97274.08963376388
2129,Pennsylvania,Clearfield County,80539,2.9,93.1,2.5,0.2,0.6,0.0,22568,15.3,26.7,19.7,21.1,11.7,20.7,83.1,10.2,0.2,3.0,1.1,2.4,24.4,80.7,12.2,6.9,0.2,8.2,109285.02703860593
2130,Pennsylvania,Clinton County,39321,1.4,95.3,1.4,0.1,0.7,0.0,22794,17.2,26.2,20.7,22.1,12.2,18.8,79.4,9.9,0.0,5.4,2.0,3.2,22.6,81.5,13.8,4.5,0.2,5.9,132176.68263688963
2131,Pennsylvania,Columbia County,66615,2.6,93.4,1.8,0.1,1.2,0.0,24908,15.9,32.2,18.0,22.0,8.3,19.5,84.5,7.5,0.3,3.5,0.7,3.4,22.3,81.8,12.7,5.3,0.2,5.1,158809.47998376252
2132,Pennsylvania,Crawford County,86847,1.2,95.1,1.9,0.1,0.4,0.0,24716,14.5,29.8,18.3,20.3,10.4,21.2,77.1,10.9,0.4,6.1,1.4,4.2,22.0,80.9,10.9,8.0,0.2,6.0,102608.87710398628
2133,Pennsylvania,Cumberland County,245801,3.5,86.9,3.5,0.1,4.0,0.0,34246,7.8,40.6,15.4,25.0,6.2,12.7,81.9,8.2,0.7,3.9,1.1,4.3,22.1,79.6,15.3,4.9,0.2,4.2,203199.16076623378
2134,Pennsylvania,Dauphin County,273329,8.5,67.1,17.7,0.1,3.9,0.0,31152,13.2,38.4,17.9,25.2,6.0,12.4,79.1,9.1,2.7,3.5,1.5,4.1,22.0,79.2,16.4,4.2,0.2,5.7,152853.7464880138
2136,Pennsylvania,Elk County,30781,0.8,97.6,0.5,0.2,0.4,0.0,27163,9.4,26.3,14.0,18.6,8.4,32.8,84.9,7.9,0.7,2.4,0.4,3.7,18.8,86.3,8.1,5.3,0.3,4.8,84022.2642967723
2137,Pennsylvania,Erie County,277794,4.0,84.8,6.8,0.2,1.6,0.0,26361,16.8,33.7,20.6,23.2,7.2,15.3,78.8,10.9,1.7,3.9,1.0,3.6,19.3,84.9,10.3,4.6,0.1,6.5,124243.5819547118
2138,Pennsylvania,Fayette County,133160,1.1,92.1,3.9,0.0,0.2,0.2,24247,18.8,27.7,19.6,22.8,11.8,18.1,85.3,8.3,0.4,2.3,0.8,2.9,26.3,85.1,10.4,4.3,0.1,7.5,99239.95542714612
2139,Pennsylvania,Forest County,7388,7.0,59.7,30.8,0.2,0.7,0.0,14989,14.1,24.5,22.6,24.8,11.1,17.0,80.2,5.2,0.1,9.6,1.5,3.3,26.9,66.4,22.4,10.7,0.5,5.4,94531.1525776988
2140,Pennsylvania,Franklin County,153003,5.3,88.6,3.8,0.2,1.0,0.0,28985,10.4,30.8,17.1,23.1,10.4,18.5,83.8,9.1,0.2,2.3,0.8,3.7,24.4,81.2,12.7,5.9,0.2,5.7,170490.5457365246
2141,Pennsylvania,Fulton County,14631,1.2,96.3,1.5,0.3,0.1,0.0,25273,11.5,25.7,16.9,20.0,14.2,23.2,77.9,15.0,0.1,2.6,0.5,3.9,32.3,79.6,13.4,6.6,0.4,6.5,136058.24040365583
2142,Pennsylvania,Greene County,37338,1.5,93.6,3.1,0.1,0.4,0.0,25574,14.8,30.7,19.3,19.7,16.4,13.8,84.2,8.9,0.0,2.6,1.2,3.1,26.8,81.2,15.5,3.2,0.1,5.7,102592.69555547915
2143,Pennsylvania,Huntingdon County,45686,1.9,90.9,5.0,0.1,0.5,0.0,22908,13.6,28.4,20.8,20.7,13.8,16.3,77.0,11.3,0.2,6.3,1.3,3.9,29.5,78.9,14.7,6.2,0.1,6.7,115931.36029275204
2144,Pennsylvania,Indiana County,86551,1.3,93.9,2.2,0.2,1.1,0.0,25014,16.6,30.0,19.5,22.7,12.5,15.3,79.6,9.4,0.8,5.2,1.9,3.0,23.0,78.8,14.4,6.7,0.2,7.8,113099.79460160236
2145,Pennsylvania,Jefferson County,44258,0.8,97.3,0.6,0.2,0.3,0.0,23895,14.2,26.3,17.3,19.7,13.8,22.9,83.2,8.5,0.5,4.0,1.1,2.7,23.1,82.0,10.2,7.5,0.3,4.7,91784.63944114577
2146,Pennsylvania,Juniata County,24448,3.2,94.8,1.1,0.0,0.3,0.0,24068,13.1,26.2,14.9,19.9,15.5,23.5,78.3,11.5,0.3,3.5,0.9,5.5,30.6,81.5,10.6,7.6,0.3,4.4,154453.98100844226
2147,Pennsylvania,Lackawanna County,211960,6.7,86.6,2.6,0.1,2.5,0.0,27258,15.4,35.1,17.2,24.8,8.3,14.7,80.8,10.4,0.9,3.3,0.8,3.7,20.9,82.8,12.2,4.8,0.2,5.4,121068.78364119206
2148,Pennsylvania,Lancaster County,536494,10.0,82.7,3.6,0.1,2.1,0.0,29280,10.4,33.3,16.0,23.0,10.6,17.0,78.7,9.4,1.3,3.8,1.8,5.0,23.1,85.1,7.9,6.8,0.2,4.7,211911.93937964
2149,Pennsylvania,Lawrence County,88231,1.3,92.0,3.5,0.1,0.5,0.0,26918,14.0,30.6,18.5,23.6,9.8,17.4,84.0,8.8,0.8,2.2,1.0,3.2,22.9,84.3,10.0,5.5,0.2,6.5,96962.93775001638
2150,Pennsylvania,Lebanon County,137616,12.2,83.4,1.8,0.1,1.3,0.0,27916,10.5,30.1,18.4,24.0,9.5,18.0,81.1,9.0,0.7,4.3,1.0,4.0,23.1,82.4,11.1,6.3,0.2,5.8,171228.89463010975
2151,Pennsylvania,Lehigh County,360774,22.8,66.5,5.4,0.1,3.3,0.0,30988,13.3,35.1,16.6,24.7,7.1,16.6,80.6,9.6,2.1,2.3,0.9,4.5,24.7,87.9,7.8,4.2,0.1,7.0,190256.43037329335
2152,Pennsylvania,Luzerne County,318222,10.1,83.8,3.5,0.1,1.2,0.0,26809,15.2,31.0,17.8,25.9,7.9,17.3,81.6,10.4,1.1,2.8,0.8,3.3,22.1,84.2,11.1,4.5,0.2,7.0,118798.45737232396
2153,Pennsylvania,Lycoming County,115398,1.9,90.7,4.8,0.1,0.6,0.0,26265,14.0,30.4,19.9,24.1,9.2,16.5,82.5,8.4,1.3,3.2,1.5,3.1,20.2,83.9,10.8,5.1,0.2,6.2,153017.44929352676
2154,Pennsylvania,McKean County,42070,2.1,93.5,2.5,0.1,0.4,0.0,24868,17.3,29.4,21.0,17.9,10.9,20.7,81.0,10.6,1.0,3.1,1.2,3.1,21.1,82.1,12.2,5.7,0.1,7.5,87542.96465088152
2155,Pennsylvania,Mercer County,113623,1.4,90.3,5.7,0.1,0.7,0.0,25499,13.7,30.6,21.2,22.8,8.4,17.1,81.9,8.4,0.3,3.3,1.1,4.9,20.8,82.7,11.2,5.9,0.2,5.8,112091.34615161132
2156,Pennsylvania,Mifflin County,46452,1.4,96.1,0.6,0.1,0.6,0.0,23568,13.5,25.2,19.4,18.7,12.6,24.1,79.2,11.5,0.2,3.2,2.1,3.8,24.1,83.9,9.0,6.8,0.2,4.2,100388.1560904156
2157,Pennsylvania,Monroe County,167306,14.9,67.6,13.0,0.2,2.2,0.0,27439,11.1,32.5,20.2,24.5,8.8,14.0,78.5,9.6,4.1,2.1,0.9,4.8,38.6,81.2,13.6,5.1,0.1,9.2,143603.44199085046
2159,Pennsylvania,Montour County,18302,2.5,92.1,1.8,0.0,3.1,0.0,31818,10.5,38.0,16.9,22.8,7.9,14.4,81.6,6.0,0.7,6.1,1.4,4.3,19.0,86.3,8.7,5.0,0.0,4.4,184912.29869117957
2160,Pennsylvania,Northampton County,300941,12.4,77.9,4.7,0.1,2.8,0.0,32608,9.2,35.4,17.3,24.8,8.3,14.3,83.1,7.1,1.9,2.5,1.6,3.7,27.6,85.5,9.8,4.6,0.1,5.7,198289.31099497547
2161,Pennsylvania,Northumberland County,93038,3.2,93.0,2.5,0.2,0.3,0.0,24278,14.4,27.9,20.8,21.3,10.1,19.9,83.2,8.8,0.1,2.8,1.3,3.8,23.3,81.9,12.5,5.5,0.2,5.1,98870.77144281857
2162,Pennsylvania,Perry County,45878,1.8,95.8,0.9,0.2,0.4,0.0,28900,8.4,30.4,14.1,23.5,14.7,17.3,79.2,12.3,0.4,2.1,0.8,5.2,32.6,76.2,16.3,7.2,0.3,4.3,188994.20081493855
2165,Pennsylvania,Potter County,17070,1.2,96.7,0.4,0.2,0.3,0.0,23213,14.4,29.5,16.7,18.0,13.5,22.2,78.6,10.4,0.0,5.1,1.2,4.7,24.5,78.3,12.4,9.1,0.2,6.7,113251.47453121282
2166,Pennsylvania,Schuylkill County,144287,3.8,91.7,2.6,0.1,0.5,0.0,25224,12.5,27.9,16.3,22.5,10.9,22.4,83.9,9.3,0.7,2.8,0.7,2.6,25.7,82.7,12.3,4.9,0.1,6.9,74596.34616245478
2167,Pennsylvania,Snyder County,40570,2.2,95.2,0.8,0.1,0.7,0.0,24961,11.3,26.5,18.6,22.7,11.9,20.3,78.3,9.0,0.3,3.4,1.9,7.2,22.9,82.9,10.2,6.5,0.4,3.6,172399.69433474765
2168,Pennsylvania,Somerset County,75619,1.4,94.6,2.6,0.1,0.4,0.0,23877,12.7,28.3,19.6,20.8,12.6,18.7,81.7,9.4,0.1,2.8,1.2,4.8,24.2,80.6,11.4,7.3,0.6,6.1,103101.5999456272
2169,Pennsylvania,Sullivan County,6192,1.8,93.1,2.5,0.5,0.5,0.0,26720,13.1,25.0,17.9,18.3,21.3,17.6,78.4,11.1,0.1,2.7,0.3,7.4,31.5,74.9,13.9,10.5,0.7,8.8,145258.2775341255
2170,Pennsylvania,Susquehanna County,41716,1.7,96.4,0.6,0.2,0.4,0.0,27823,13.0,27.2,17.4,21.3,14.8,19.3,82.9,8.7,0.1,2.4,0.5,5.4,28.0,80.5,9.9,9.2,0.4,6.7,176957.48603164215
2171,Pennsylvania,Tioga County,41550,1.2,96.3,0.6,0.1,0.5,0.0,25353,13.4,29.4,18.5,20.6,12.1,19.4,79.9,9.3,0.7,4.4,1.0,4.8,23.9,76.9,13.9,8.8,0.3,6.4,135362.3373842731
2172,Pennsylvania,Union County,45056,5.7,84.4,6.2,0.5,1.7,0.0,25089,10.2,34.9,20.7,18.8,10.4,15.2,73.9,10.1,0.1,5.8,2.7,7.3,22.5,80.4,11.1,8.0,0.6,3.4,176652.67183116986
2173,Pennsylvania,Venango County,52880,1.1,96.1,0.9,0.0,0.4,0.0,25190,13.6,28.9,19.7,22.8,9.3,19.2,79.9,11.9,0.4,3.4,0.6,3.7,22.1,77.4,16.1,6.3,0.2,7.6,84182.4364186968
2174,Pennsylvania,Warren County,40345,1.0,97.0,0.5,0.1,0.5,0.0,26558,13.4,30.7,16.1,20.9,10.3,21.9,81.6,9.5,0.3,4.0,1.3,3.3,20.4,80.3,12.0,7.3,0.4,5.7,81996.62471397589
2175,Pennsylvania,Washington County,207661,1.6,92.5,2.9,0.1,0.9,0.0,32828,9.7,35.8,16.8,23.7,11.2,12.6,82.6,8.0,1.5,2.7,0.7,4.4,26.9,85.9,9.2,4.8,0.1,5.8,148681.34956506823
2176,Pennsylvania,Wayne County,51656,4.2,91.0,3.1,0.2,0.6,0.0,25569,11.1,29.9,19.6,22.4,13.4,14.7,82.3,7.2,1.1,2.2,1.0,6.2,29.6,76.9,13.2,9.6,0.3,6.5,157761.82547348543
2177,Pennsylvania,Westmoreland County,356835,1.1,94.1,2.3,0.0,0.9,0.0,31827,10.3,36.2,16.7,23.4,9.0,14.7,84.5,7.7,1.1,2.3,0.5,3.9,26.3,86.1,9.0,4.8,0.1,4.9,136638.04332364452
2178,Pennsylvania,Wyoming County,27760,1.8,95.8,0.7,0.1,0.4,0.0,28046,10.4,25.2,17.7,24.0,14.4,18.7,82.5,8.7,0.6,1.8,0.5,6.0,25.6,85.0,9.2,5.8,0.1,6.5,166434.79133247366
2179,Pennsylvania,York County,442216,6.9,84.3,5.2,0.1,1.4,0.0,30178,10.3,33.3,16.0,23.7,9.4,17.6,84.7,8.2,0.8,1.8,1.1,3.4,27.1,84.0,11.0,4.8,0.1,5.4,171337.75565426427
2180,Rhode Island,Bristol County,49028,2.7,92.7,1.3,0.0,2.0,0.0,42360,7.0,47.2,18.3,20.9,5.5,8.1,81.2,6.5,1.7,4.0,1.4,5.3,25.9,81.0,11.9,7.0,0.2,4.2,341531.103355773
2181,Rhode Island,Kent County,164012,4.4,89.5,1.3,0.1,2.5,0.0,37157,7.8,38.4,17.9,25.4,8.2,10.1,86.0,8.6,1.1,0.9,0.4,2.9,25.3,82.2,13.0,4.8,0.1,6.1,222401.6661083255
2182,Rhode Island,Newport County,83204,5.6,86.0,3.1,0.3,2.0,0.1,43603,9.0,44.0,19.1,21.9,7.6,7.4,74.5,9.2,1.9,6.4,1.7,6.3,22.5,77.1,14.4,8.3,0.2,5.4,390209.09216475737
2183,Rhode Island,Providence County,633704,21.6,62.2,8.0,0.4,4.1,0.1,29025,16.7,35.0,20.7,24.0,7.3,13.0,77.9,9.1,3.6,4.4,1.6,3.4,24.4,85.1,10.7,4.1,0.1,7.6,229835.38269404857
2184,Rhode Island,Washington County,126190,3.0,91.3,1.3,0.8,1.9,0.1,39568,9.6,44.8,18.4,21.4,7.7,7.8,83.2,7.0,1.1,2.7,0.9,4.9,25.9,75.7,17.3,6.9,0.1,6.0,342047.0468592216
2185,South Carolina,Abbeville County,24788,1.3,68.9,27.6,0.1,0.3,0.0,19234,22.7,27.2,20.7,20.8,10.6,20.7,78.3,11.1,0.5,1.8,1.8,6.5,25.8,78.8,13.3,7.8,0.1,9.4,112056.36542909771
2186,South Carolina,Aiken County,165707,5.5,66.7,24.5,0.2,1.0,0.0,26222,16.7,34.0,16.9,22.9,10.7,15.5,84.6,10.4,0.2,1.0,0.9,2.9,24.9,78.1,16.4,5.0,0.4,9.0,131579.7069278009
2188,South Carolina,Anderson County,194174,3.5,77.6,16.0,0.2,0.9,0.0,24485,15.6,32.3,16.6,23.7,9.9,17.5,86.1,8.4,0.2,1.2,1.2,2.8,22.9,80.7,13.4,5.8,0.2,6.7,145734.07759314
2190,South Carolina,Barnwell County,21788,2.3,51.2,45.1,0.1,0.4,0.0,20018,27.0,23.9,20.0,23.5,12.6,20.0,87.0,8.4,0.3,1.5,1.1,1.7,27.6,76.4,18.1,5.4,0.1,10.1,100155.60879009112
2191,South Carolina,Beaufort County,179316,11.3,67.4,18.1,0.2,1.2,0.1,34966,11.9,34.7,23.8,23.2,10.8,7.5,76.4,11.4,0.5,2.2,2.7,6.9,22.4,79.9,13.6,6.2,0.2,6.3,297796.695682354
2192,South Carolina,Berkeley County,204632,6.3,64.0,23.9,0.4,2.3,0.1,27010,12.8,33.1,17.6,24.0,11.3,13.8,82.5,9.2,0.6,2.9,1.1,3.6,27.3,77.2,18.1,4.6,0.1,6.4,209528.62867659435
2193,South Carolina,Calhoun County,14808,3.6,53.6,41.6,0.5,0.0,0.0,24766,18.3,28.5,15.0,23.2,12.7,20.6,86.0,8.3,0.3,1.1,1.2,3.1,28.1,74.6,18.7,6.7,0.0,6.5,134099.68498337024
2194,South Carolina,Charleston County,387847,5.0,63.9,27.6,0.1,1.3,0.0,35587,15.3,41.7,19.2,23.0,7.4,8.7,78.8,8.0,1.5,2.9,2.5,6.3,23.2,77.3,16.3,6.2,0.2,5.3,314991.7865722791
2195,South Carolina,Cherokee County,56549,4.1,73.1,19.9,0.1,0.6,0.1,20516,22.0,25.6,15.9,24.9,8.4,25.2,87.3,9.1,0.2,1.5,0.8,1.2,22.1,82.7,12.7,4.1,0.4,7.8,121945.63582152028
2196,South Carolina,Chester County,32424,1.9,58.9,36.4,0.3,0.4,0.0,20518,21.8,22.7,15.8,24.7,11.5,25.2,84.6,9.3,0.4,1.5,1.2,3.0,28.8,80.5,15.2,4.2,0.2,9.8,116495.98830006323
2197,South Carolina,Chesterfield County,46127,4.2,60.8,32.0,0.4,0.5,0.1,19768,23.8,22.7,16.3,22.1,12.7,26.2,84.9,9.6,0.4,0.9,3.0,1.2,23.9,80.2,13.5,6.1,0.2,9.0,102265.12907883915
2198,South Carolina,Clarendon County,34156,3.0,47.4,48.3,0.1,0.3,0.0,20616,23.3,29.0,17.4,23.1,11.9,18.6,82.1,11.8,0.9,1.1,1.3,2.8,29.6,77.0,17.5,5.4,0.1,12.0,119780.61666737455
2199,South Carolina,Colleton County,37581,3.1,56.3,38.0,0.7,0.0,0.9,21059,22.3,23.7,23.4,21.2,13.6,18.0,81.5,13.2,0.0,0.4,1.9,3.0,33.1,70.9,18.6,10.3,0.2,9.5,131366.85236130413
2200,South Carolina,Darlington County,67572,1.9,55.0,40.7,0.3,0.4,0.0,21225,22.7,31.1,17.5,23.8,8.9,18.7,84.1,10.7,0.2,1.4,1.1,2.5,23.0,80.1,14.4,5.2,0.3,13.1,100560.33611151531
2202,South Carolina,Dorchester County,151716,5.0,64.6,25.3,0.4,1.9,0.0,27317,11.8,36.5,16.9,25.7,9.3,11.5,85.4,7.9,0.6,0.8,1.1,4.2,28.8,77.1,18.1,4.7,0.2,6.2,211059.79201204143
2203,South Carolina,Edgefield County,26620,5.7,56.5,36.4,0.3,0.4,0.0,23804,15.5,28.8,15.6,22.3,15.3,18.0,81.9,12.0,1.5,1.4,0.9,2.3,25.2,76.3,16.4,7.0,0.2,7.3,159236.90922598445
2205,South Carolina,Florence County,138537,2.5,52.6,42.2,0.2,1.3,0.1,23797,19.6,34.7,19.0,24.2,7.8,14.4,83.8,9.9,0.3,1.0,1.5,3.4,23.1,78.5,17.2,4.3,0.1,9.5,120347.98209270817
2206,South Carolina,Georgetown County,61065,3.0,63.3,31.3,0.1,0.4,0.0,28748,18.7,31.0,21.5,24.5,8.9,14.1,84.5,8.2,0.7,0.6,1.8,4.1,25.4,80.4,12.8,6.6,0.2,9.6,217991.50815235756
2207,South Carolina,Greenville County,490332,8.8,69.0,18.0,0.2,2.2,0.1,29132,13.5,37.9,16.4,23.8,7.0,14.8,83.4,9.2,0.4,1.4,1.1,4.4,22.2,85.5,9.6,4.8,0.1,5.5,186044.37885714124
2208,South Carolina,Greenwood County,69981,5.8,60.1,31.2,0.0,0.9,0.0,22636,24.2,29.5,18.7,22.8,6.6,22.4,83.9,10.2,0.4,2.0,1.2,2.4,22.2,80.8,13.8,5.3,0.1,9.7,94008.50413842271
2210,South Carolina,Horry County,310186,6.0,77.1,13.5,0.4,1.2,0.1,25804,17.0,27.6,25.8,28.1,10.2,8.3,83.7,8.6,0.3,1.8,1.5,4.0,22.0,81.7,11.6,6.5,0.2,7.1,173842.2309293309
2212,South Carolina,Kershaw County,63734,4.1,69.1,23.9,0.2,0.5,0.0,23530,16.4,31.9,16.4,24.1,12.4,15.1,86.1,9.4,0.2,0.9,1.0,2.5,26.8,80.1,15.5,4.4,0.1,7.0,144626.56393517123
2213,South Carolina,Lancaster County,86544,5.0,70.1,21.7,0.2,1.0,0.1,26425,15.5,31.6,15.7,25.9,10.5,16.2,84.7,8.6,0.3,0.8,1.0,4.5,29.1,84.6,11.3,3.9,0.2,7.7,207648.21250797203
2214,South Carolina,Laurens County,66508,4.5,68.1,25.0,0.1,0.3,0.1,20748,20.7,25.8,19.4,20.5,9.6,24.7,82.2,12.9,0.3,1.5,0.9,2.1,24.3,82.1,12.8,4.9,0.1,7.9,134134.11130724134
2216,South Carolina,Lexington County,281870,5.8,75.6,14.4,0.3,1.7,0.1,29311,12.8,37.0,15.0,25.8,10.3,12.0,83.9,8.9,0.2,0.7,2.4,3.9,25.5,76.9,17.9,5.1,0.1,6.0,150736.97277569555
2219,South Carolina,Marlboro County,27505,3.3,39.2,50.2,3.3,0.3,0.0,16561,26.6,23.2,17.5,21.1,9.5,28.7,83.7,12.9,0.4,0.9,0.3,1.8,25.2,77.3,17.2,5.5,0.0,14.6,87464.75202229018
2220,South Carolina,Newberry County,37914,7.3,59.8,31.6,0.3,0.2,0.0,22190,19.8,25.1,18.0,22.1,12.1,22.8,87.6,7.3,0.1,2.7,0.1,2.2,24.6,79.3,16.0,4.6,0.0,8.1,147687.86023935143
2221,South Carolina,Oconee County,75926,5.1,84.8,7.1,0.2,0.7,0.0,26798,18.6,30.3,19.3,21.3,11.1,18.0,84.1,9.9,0.6,1.0,0.9,3.3,24.6,78.5,15.2,6.2,0.2,6.6,148593.91798388123
2223,South Carolina,Pickens County,121449,3.5,86.1,6.5,0.2,1.8,0.1,23501,18.3,33.9,17.9,22.0,9.9,16.2,84.7,8.2,1.1,1.8,1.0,3.2,24.8,77.7,17.0,5.1,0.2,6.8,154049.44255060834
2224,South Carolina,Richland County,404869,5.0,43.3,46.2,0.1,2.7,0.1,28018,16.7,38.9,18.9,26.5,5.5,10.3,78.0,7.3,1.1,8.0,2.4,3.2,21.4,74.0,21.5,4.5,0.1,7.7,143923.79502648488
2225,South Carolina,Saluda County,20228,15.4,57.9,25.5,0.1,0.0,0.0,20390,20.5,24.6,17.3,18.7,18.3,21.2,79.6,14.6,1.1,1.2,1.0,2.4,29.8,79.3,14.7,5.1,0.9,6.7,119346.26485728908
2226,South Carolina,Spartanburg County,297732,6.5,68.8,20.3,0.1,2.2,0.0,24786,15.6,31.2,15.4,23.8,8.7,20.9,84.4,10.5,0.5,1.4,0.9,2.5,22.7,83.4,12.2,4.3,0.2,6.2,141328.19825697635
2227,South Carolina,Sumter County,107379,3.8,45.7,46.9,0.3,1.2,0.0,21733,21.1,28.1,17.6,23.8,8.8,21.7,84.6,10.2,0.3,2.0,1.1,1.8,22.3,74.9,18.9,6.0,0.1,11.4,119920.47160089768
2228,South Carolina,Union County,27772,1.4,65.1,30.9,0.1,0.0,0.0,21183,19.3,23.7,15.0,20.9,11.3,29.1,87.0,10.0,0.2,0.5,0.8,1.4,27.5,79.6,16.1,4.0,0.3,7.4,73182.54559323116
2230,South Carolina,York County,251664,5.1,71.2,18.9,0.6,1.9,0.1,30387,12.3,36.4,14.5,27.1,8.0,13.9,83.7,9.3,0.4,1.0,0.7,4.9,26.9,83.8,11.6,4.5,0.1,6.6,208447.47478505605
2232,South Dakota,Bon Homme County,6972,3.0,87.4,1.3,5.0,1.4,0.0,24858,10.3,40.5,18.2,14.9,9.1,17.2,71.9,10.6,0.0,5.1,1.1,11.2,19.6,63.7,18.6,17.0,0.7,1.2,131112.78172053033
2233,South Dakota,Brookings County,33697,2.6,91.0,1.4,1.1,2.9,0.0,27197,15.9,36.6,17.4,22.2,10.1,13.6,76.9,9.3,0.4,5.8,2.0,5.5,14.9,74.6,19.6,5.6,0.3,3.3,190818.39379419704
2234,South Dakota,Brown County,38637,2.5,88.6,1.6,3.4,2.6,0.0,31493,11.0,33.2,15.9,24.0,10.2,16.6,83.2,8.3,0.2,2.4,1.9,3.9,12.9,81.1,11.7,7.0,0.3,1.8,146853.81620834259
2236,South Dakota,Butte County,10194,3.5,91.8,0.6,1.8,0.0,0.0,26178,11.1,28.5,20.2,19.4,16.9,14.9,74.3,14.8,0.0,2.5,0.1,8.3,20.5,69.3,15.6,14.5,0.6,2.8,228008.24992536765
2240,South Dakota,Codington County,27963,2.1,93.2,0.5,1.7,0.6,0.0,29249,11.7,27.4,15.7,27.9,10.2,18.7,83.9,7.6,0.3,2.1,0.8,5.4,14.4,81.5,11.0,7.2,0.3,2.5,217948.96432715454
2241,South Dakota,Custer County,8519,3.0,90.6,0.2,3.6,0.4,0.0,31015,13.2,37.5,14.7,23.6,13.8,10.4,69.4,12.1,0.7,7.8,2.1,8.0,26.1,66.8,18.3,14.0,1.0,4.0,229744.73657337995
2242,South Dakota,Davison County,19753,2.5,91.7,0.6,3.0,0.1,0.0,28086,12.6,33.1,14.2,21.3,15.7,15.6,82.5,8.6,1.2,2.4,1.5,3.9,12.7,81.8,11.3,6.8,0.1,3.9,154251.1737265877
2244,South Dakota,Deuel County,4282,2.8,96.8,0.0,0.1,0.0,0.0,29204,10.0,36.8,11.4,17.3,18.0,16.4,75.3,12.7,0.0,1.7,0.5,9.8,19.5,75.0,9.9,15.0,0.0,1.8,180860.09238339556
2245,South Dakota,Edmunds County,3971,1.7,97.4,0.1,0.4,0.1,0.0,31836,5.9,36.6,13.7,20.3,16.3,13.1,75.2,11.1,0.0,4.7,0.6,8.4,16.8,68.0,15.0,16.7,0.3,1.6,150570.64645413184
2246,South Dakota,Fall River County,6783,4.0,85.2,0.7,4.9,1.6,0.0,26584,15.0,32.7,25.4,17.2,10.7,14.0,72.9,8.3,0.3,9.9,1.8,6.8,15.8,62.7,29.4,7.6,0.2,2.6,154805.41725737916
2247,South Dakota,Grant County,7133,1.8,93.9,0.0,3.4,0.1,0.0,29363,7.6,28.5,15.9,24.8,17.9,12.9,78.4,11.8,0.1,4.2,0.6,4.8,12.3,78.9,11.4,9.6,0.2,3.3,151771.56896046488
2248,South Dakota,Hamlin County,5911,3.7,94.5,0.2,0.7,0.2,0.0,27060,5.6,31.7,13.2,18.9,17.2,19.0,72.1,11.3,0.0,7.5,2.3,6.9,19.9,77.5,9.3,12.9,0.3,1.7,206715.89927155117
2251,South Dakota,Hutchinson County,7277,1.9,95.1,0.4,1.4,0.2,0.0,29869,13.0,35.0,16.1,20.3,15.3,13.3,71.9,5.3,0.0,7.9,2.3,12.7,16.6,70.7,11.7,17.2,0.4,5.3,128892.67690222431
2253,South Dakota,Kingsbury County,5000,2.1,95.1,0.0,0.5,1.6,0.0,33333,9.5,38.8,12.6,17.2,15.2,16.2,73.8,9.1,0.2,5.0,0.5,11.4,20.6,69.1,13.2,17.1,0.6,1.8,129431.6254940405
2254,South Dakota,Lake County,12350,2.3,93.8,0.6,0.0,1.9,0.0,31145,15.5,33.9,19.4,20.9,9.4,16.5,79.2,6.6,0.2,4.0,1.5,8.5,16.0,73.5,15.6,10.6,0.4,3.9,153006.06990362686
2255,South Dakota,Lawrence County,25018,3.2,91.4,0.9,2.2,0.9,0.2,28606,12.4,31.3,22.9,23.0,13.2,9.6,72.5,13.2,0.5,8.9,1.0,3.9,17.1,77.0,17.3,5.6,0.1,3.1,245552.3796312753
2256,South Dakota,Lincoln County,53147,1.9,93.6,1.0,0.5,1.1,0.0,39404,3.0,44.5,11.1,26.9,8.3,9.3,87.6,6.4,0.0,0.8,0.7,4.4,19.6,85.0,9.4,5.4,0.2,2.1,240607.8059908712
2257,South Dakota,McCook County,5515,3.2,94.6,0.8,0.5,0.0,0.0,29254,9.3,33.2,16.6,24.0,15.1,11.2,78.5,8.8,0.8,3.5,0.6,7.8,24.7,75.8,9.9,13.8,0.6,2.5,155308.85801742785
2258,South Dakota,Meade County,27066,4.1,88.0,1.8,2.3,1.2,0.0,26896,8.8,31.9,18.0,22.6,14.4,13.1,77.3,12.3,0.2,1.8,0.6,7.7,20.5,72.8,16.9,9.9,0.4,1.3,217176.23384802722
2260,South Dakota,Minnehaha County,183660,4.7,83.6,4.7,2.3,1.9,0.0,29551,11.0,34.6,16.3,26.1,9.3,13.7,83.7,8.5,0.9,2.2,1.3,3.4,17.8,86.4,9.0,4.6,0.1,3.4,184416.6362069045
2261,South Dakota,Moody County,6496,3.6,77.6,0.6,10.8,2.1,0.0,27774,15.9,33.8,16.8,19.1,14.1,16.1,78.7,5.5,0.0,6.9,2.1,6.8,19.8,71.2,18.8,9.6,0.4,4.9,150615.0871842324
2262,South Dakota,Pennington County,108126,4.8,80.5,1.1,8.0,1.1,0.1,28910,14.0,32.1,19.7,27.5,11.3,9.3,83.0,7.9,0.4,3.2,1.3,4.1,17.3,80.7,13.1,6.0,0.1,4.2,197193.56799645923
2266,South Dakota,Spink County,6478,1.9,95.0,0.1,1.9,0.0,0.2,31957,9.9,36.4,17.9,19.5,14.1,12.1,76.9,7.3,0.0,4.7,0.4,10.6,15.9,62.3,20.9,15.6,1.2,1.9,91147.4622842506
2267,South Dakota,Stanley County,2994,1.1,87.8,0.0,8.4,0.0,0.9,32862,5.8,38.1,15.7,21.3,16.1,8.8,76.8,10.0,0.3,4.3,1.6,7.0,16.4,71.3,22.2,6.4,0.0,1.0,212286.54654287652
2269,South Dakota,Turner County,8242,2.1,95.7,0.4,0.5,0.0,0.0,27844,10.6,34.6,18.8,18.0,13.8,14.8,77.0,9.8,0.1,4.8,2.0,6.3,25.4,72.1,11.5,16.3,0.1,2.2,144203.4645674199
2270,South Dakota,Union County,14929,3.0,92.8,0.7,0.6,1.0,0.0,37093,7.3,38.9,14.1,22.3,10.1,14.6,84.4,7.8,0.1,2.7,0.3,4.8,19.6,82.0,9.8,7.6,0.6,2.1,214606.5263092209
2271,South Dakota,Walworth County,5502,2.0,79.8,0.5,12.2,2.0,0.4,29457,10.2,36.9,21.1,20.2,12.1,9.7,72.6,14.9,1.1,5.0,1.5,4.9,15.2,69.9,15.4,14.4,0.3,3.7,88766.15154533398
2272,South Dakota,Yankton County,22660,3.7,89.4,1.8,2.3,0.7,0.1,30395,13.1,35.9,17.4,21.6,8.2,16.9,81.3,10.0,0.9,2.5,0.8,4.5,15.1,78.9,15.1,5.7,0.3,2.8,188859.78971558504
2273,Tennessee,Anderson County,75538,2.7,89.6,3.4,0.1,1.4,0.1,26972,16.3,33.6,19.0,23.6,10.1,13.7,86.8,8.4,0.1,0.8,0.9,3.0,23.3,76.1,17.0,6.8,0.1,6.9,136572.08544391792
2274,Tennessee,Bedford County,46854,11.8,77.8,6.6,0.1,0.4,0.1,22953,16.9,24.7,14.8,21.5,12.0,27.0,81.8,12.6,0.1,1.1,1.0,3.5,25.1,78.5,12.7,8.6,0.2,5.6,152955.71251384408
2275,Tennessee,Benton County,16154,2.2,93.2,3.4,0.3,0.0,0.0,21282,22.3,23.2,19.3,21.3,12.2,23.9,87.0,9.7,0.3,0.2,1.7,1.1,24.4,72.5,20.2,7.3,0.0,9.1,93044.92047779588
2276,Tennessee,Bledsoe County,14413,2.1,89.2,4.0,1.1,0.3,0.0,21402,20.7,25.5,15.1,18.8,19.0,21.6,76.6,13.8,0.6,3.9,1.0,4.1,30.4,70.1,19.5,10.4,0.0,8.4,113601.07640788586
2277,Tennessee,Blount County,127135,3.1,91.4,2.5,0.3,0.7,0.1,28334,13.0,32.8,15.9,26.3,10.5,14.5,85.6,8.5,0.2,0.8,1.0,4.0,24.8,81.7,11.5,6.6,0.2,5.9,178809.4243670161
2278,Tennessee,Bradley County,103666,5.8,86.5,4.9,0.1,1.1,0.0,25144,18.0,31.9,16.9,22.4,10.1,18.8,83.7,8.8,0.3,2.2,1.2,3.8,21.1,82.5,10.5,6.7,0.3,7.2,156714.70452178005
2279,Tennessee,Campbell County,39824,1.2,96.6,0.5,0.3,0.4,0.0,21282,20.6,23.5,17.0,24.1,15.7,19.7,84.9,11.6,0.1,0.9,0.3,2.3,27.1,77.9,14.7,7.3,0.1,8.0,106610.88486191085
2280,Tennessee,Cannon County,13839,2.0,94.5,1.5,0.5,0.1,0.0,24595,17.0,28.9,10.7,25.7,12.7,22.0,84.4,9.0,0.0,1.0,0.2,5.4,33.4,74.6,13.0,12.4,0.0,6.6,152401.2216936236
2281,Tennessee,Carroll County,28137,2.4,84.9,9.8,0.3,0.3,0.1,20557,19.8,28.0,17.5,21.0,11.9,21.5,87.0,5.5,0.1,2.2,2.5,2.7,23.9,75.5,17.1,7.1,0.3,6.9,92508.87293428996
2282,Tennessee,Carter County,56500,1.7,95.1,1.4,0.3,0.4,0.0,21001,24.5,27.4,21.2,22.9,11.1,17.5,86.7,6.2,0.2,1.3,1.4,4.4,23.8,75.3,16.6,8.1,0.1,6.3,118226.41545666884
2283,Tennessee,Cheatham County,39713,2.7,93.4,1.3,0.2,0.5,0.3,25673,12.7,32.3,16.0,21.9,13.2,16.5,84.0,9.1,0.4,1.0,1.2,4.4,32.0,76.4,14.5,9.0,0.1,5.5,205817.44690318572
2284,Tennessee,Chester County,17097,2.4,86.0,9.7,0.0,0.5,0.0,20497,18.2,33.0,14.8,24.8,10.6,16.8,84.1,8.3,0.2,2.7,1.7,3.0,24.8,78.1,15.5,6.4,0.0,10.3,102250.36486787541
2285,Tennessee,Claiborne County,31566,1.2,95.6,1.0,0.1,0.6,0.1,20184,22.4,29.0,16.8,18.3,13.9,22.0,85.1,9.6,0.1,1.0,0.6,3.8,24.5,79.5,12.6,7.6,0.3,8.5,130170.47214924764
2286,Tennessee,Clay County,7684,1.6,94.8,2.1,0.7,0.5,0.0,17667,26.6,27.6,21.2,15.6,13.7,21.9,88.8,6.5,0.1,1.1,0.5,3.0,27.9,74.0,17.5,8.1,0.4,5.3,101982.76154166355
2287,Tennessee,Cocke County,35262,2.2,93.6,1.6,0.4,0.0,0.0,20189,25.0,22.4,23.5,22.7,9.3,22.0,84.6,10.8,0.0,0.9,1.2,2.4,28.4,78.4,13.8,7.6,0.2,9.6,127784.85937040455
2288,Tennessee,Coffee County,54074,4.1,89.2,2.1,0.1,0.9,0.0,24748,15.2,28.2,13.2,22.8,11.2,24.7,85.7,8.7,0.0,1.3,0.6,3.6,23.1,77.3,14.8,7.7,0.2,5.8,142431.53709721295
2289,Tennessee,Crockett County,14554,10.1,74.7,13.2,0.2,0.2,0.0,21056,17.7,30.0,14.8,24.2,12.2,18.9,90.8,6.0,0.0,0.9,0.4,1.9,23.2,79.4,14.1,6.4,0.1,5.9,94878.12775061514
2290,Tennessee,Cumberland County,58178,2.8,94.7,0.7,0.5,0.6,0.0,23668,16.0,27.3,18.5,23.4,11.9,19.0,84.3,10.5,0.2,1.1,0.8,3.2,22.2,77.5,13.4,8.3,0.7,7.6,142346.09351336418
2291,Tennessee,Davidson County,678322,10.1,56.4,27.3,0.3,3.5,0.1,32347,16.9,40.6,16.9,24.1,7.3,11.1,79.2,9.8,2.1,2.0,1.2,5.7,24.5,82.4,10.5,6.9,0.1,5.3,251647.8622795689
2292,Tennessee,Decatur County,11681,3.2,91.7,2.9,0.0,0.3,0.0,21098,22.6,30.0,18.7,20.6,12.5,18.1,82.4,9.2,0.3,0.9,1.7,5.5,26.9,67.4,20.6,11.4,0.5,9.7,88138.92659318155
2293,Tennessee,Dickson County,51341,3.3,89.9,3.9,0.3,0.4,0.0,25211,14.5,28.9,16.1,24.6,13.1,17.4,81.8,11.3,0.6,2.1,0.8,3.3,31.7,80.1,13.3,6.6,0.0,4.7,182807.87823368364
2294,Tennessee,Dyer County,37751,3.3,80.3,13.4,0.4,0.7,0.1,24695,18.1,30.5,18.2,19.6,8.3,23.5,89.1,6.5,0.0,0.7,1.0,2.7,20.2,78.1,15.0,7.0,0.0,7.3,103755.07717223313
2295,Tennessee,Fayette County,39336,2.5,68.3,27.7,0.3,0.7,0.0,30471,14.4,33.9,13.0,24.9,12.7,15.5,86.4,7.3,0.0,0.5,1.4,4.3,33.1,79.6,12.5,7.8,0.1,7.9,211570.5076487071
2296,Tennessee,Fentress County,17940,1.4,96.7,0.2,0.1,0.4,0.0,18171,23.0,21.2,25.4,18.2,16.0,19.2,80.4,11.4,0.1,1.6,0.7,5.7,23.2,68.9,17.4,13.0,0.7,7.3,106417.35146941185
2297,Tennessee,Franklin County,41397,3.2,88.8,4.9,0.2,0.6,0.0,25637,15.0,29.5,16.0,21.7,11.0,21.8,82.1,10.9,0.0,3.7,0.8,2.4,22.4,77.9,16.4,5.6,0.1,6.9,151012.46876758584
2298,Tennessee,Gibson County,49222,2.6,76.8,17.7,0.4,0.3,0.1,21858,17.1,29.4,19.0,24.2,8.9,18.3,89.3,6.0,0.1,1.2,2.0,1.5,23.2,80.1,12.2,7.5,0.2,6.1,94880.7182197065
2299,Tennessee,Giles County,29024,2.0,84.8,9.8,0.0,0.6,0.0,22994,15.9,25.7,17.0,19.8,10.0,27.5,84.1,9.8,0.0,1.7,1.7,2.7,25.7,76.9,15.1,7.9,0.2,5.9,123139.22268986063
2300,Tennessee,Grainger County,22942,3.0,94.9,0.4,0.3,0.3,0.0,20966,18.7,24.9,15.6,19.4,16.5,23.6,79.2,13.7,0.5,1.2,0.7,4.7,32.9,75.5,13.8,10.6,0.2,6.4,138447.05188998554
2301,Tennessee,Greene County,68520,2.7,93.3,2.2,0.3,0.4,0.0,21960,17.2,27.7,18.3,22.4,8.5,23.2,86.1,7.7,0.0,1.2,1.8,3.2,22.8,77.0,16.0,6.6,0.3,7.2,118988.42229935587
2302,Tennessee,Grundy County,13359,1.2,81.2,0.5,0.1,0.2,0.1,15824,28.5,21.5,20.5,17.0,16.6,24.4,82.4,7.5,0.0,3.2,0.7,6.2,28.1,73.8,14.8,11.2,0.2,12.2,98242.98251947963
2303,Tennessee,Hamblen County,63465,11.5,81.9,3.4,0.1,1.0,0.0,21962,19.8,27.6,15.7,21.3,8.8,26.6,84.3,10.3,0.2,0.2,2.2,2.9,22.1,83.7,10.6,5.5,0.1,7.6,134727.76627632123
2304,Tennessee,Hamilton County,354589,5.3,71.4,19.3,0.1,2.0,0.0,29711,14.5,38.3,16.2,25.4,6.8,13.4,82.7,8.1,1.0,2.2,1.0,5.0,21.4,80.5,13.3,6.0,0.2,5.9,187380.50067149653
2305,Tennessee,Hancock County,6605,0.9,97.1,0.5,0.7,0.3,0.0,19396,25.7,24.5,21.4,16.0,16.0,22.2,81.5,10.2,1.8,1.6,1.2,3.6,34.3,69.9,18.6,11.5,0.0,10.0,94417.71840868803
2307,Tennessee,Hardin County,25813,2.3,92.0,3.7,0.1,1.0,0.1,23328,21.5,24.2,19.1,22.9,11.4,22.5,82.9,6.0,0.3,0.7,1.8,8.4,24.4,71.8,16.8,11.2,0.1,9.5,107654.15256827524
2308,Tennessee,Hawkins County,56402,1.4,95.3,1.3,0.2,0.5,0.0,22141,19.3,23.9,19.6,22.6,11.5,22.4,89.0,6.8,0.6,0.3,1.1,2.2,25.3,80.7,13.0,6.3,0.0,7.4,117766.87736885698
2309,Tennessee,Haywood County,17944,4.3,44.4,50.0,0.0,0.1,0.1,21453,19.1,22.8,18.6,23.4,9.2,25.9,88.7,7.9,0.0,0.6,1.3,1.4,22.8,76.6,17.2,6.2,0.0,6.8,93627.82095244007
2310,Tennessee,Henderson County,27889,2.2,87.6,8.0,0.0,0.2,0.0,21344,19.5,29.3,14.5,21.4,12.9,21.9,85.8,8.3,0.2,1.0,1.0,3.7,26.5,75.7,17.5,6.8,0.0,9.5,104997.58833357273
2311,Tennessee,Henry County,32263,2.3,87.5,9.0,0.2,0.1,0.0,22952,19.7,27.1,16.4,24.7,9.2,22.7,86.0,6.3,0.0,1.2,2.6,3.9,20.9,74.8,14.8,10.1,0.3,6.7,113157.66270044634
2312,Tennessee,Hickman County,24502,2.3,90.6,5.0,0.0,0.2,0.0,20936,19.7,25.4,17.1,20.3,16.2,21.1,79.4,11.3,0.3,2.0,2.6,4.4,36.3,74.9,14.9,10.1,0.1,6.2,106882.48752753135
2313,Tennessee,Houston County,8188,0.8,92.2,4.0,0.5,0.3,0.0,20819,17.1,17.5,21.1,18.3,17.1,26.0,82.1,11.0,0.3,3.0,0.4,3.2,34.4,69.9,20.2,9.8,0.1,6.6,107403.9149692513
2314,Tennessee,Humphreys County,18281,2.3,92.9,3.6,0.4,0.2,0.1,23498,18.4,30.5,15.3,18.6,12.6,23.0,86.1,9.9,0.0,0.8,1.4,1.8,27.5,75.3,16.4,8.2,0.2,6.4,121453.2996275836
2315,Tennessee,Jackson County,11573,1.9,95.7,0.6,0.0,0.0,0.0,18643,22.3,24.7,16.0,21.6,17.6,20.0,87.5,8.3,0.0,1.2,0.9,2.1,32.0,73.1,17.5,8.4,1.1,9.3,107058.04317443435
2316,Tennessee,Jefferson County,52887,3.5,92.5,1.8,0.2,0.6,0.0,23724,13.8,26.2,19.1,23.5,10.4,20.7,78.3,14.2,0.3,1.6,0.9,4.7,25.8,77.3,15.2,7.5,0.1,6.2,156743.52329990503
2317,Tennessee,Johnson County,17846,1.9,92.2,3.8,0.5,0.4,0.0,19183,25.3,25.8,18.3,23.7,14.3,17.9,84.5,7.2,0.6,1.3,1.8,4.7,24.8,67.0,23.4,9.5,0.2,6.0,120083.81280239782
2318,Tennessee,Knox County,452286,4.0,82.7,8.8,0.2,2.1,0.0,30541,15.8,40.5,17.3,25.4,6.8,10.0,83.9,7.7,0.7,1.8,1.0,4.9,21.9,79.1,14.3,6.4,0.1,5.5,171050.681107125
2319,Tennessee,Lake County,7588,2.2,67.1,29.1,0.1,0.2,0.1,14232,29.9,24.4,26.8,19.4,9.1,20.4,81.9,8.8,0.0,4.9,1.8,2.6,18.7,59.5,31.7,7.8,1.0,11.3,65106.60123165236
2320,Tennessee,Lauderdale County,26497,2.4,60.9,33.6,0.6,0.4,0.0,17178,23.1,24.2,21.0,21.1,9.2,24.4,89.5,6.3,0.5,1.5,0.9,1.3,23.7,71.2,21.7,6.8,0.3,9.9,71907.63692638146
2321,Tennessee,Lawrence County,42591,2.0,94.0,1.9,0.2,0.4,0.0,19879,18.3,25.7,15.8,19.2,13.6,25.7,85.4,9.6,0.2,1.4,1.4,2.0,27.7,77.1,14.9,7.8,0.2,8.8,120898.25864170301
2322,Tennessee,Lewis County,11944,2.2,93.5,1.2,0.0,2.7,0.0,20099,22.1,27.3,17.4,23.1,11.6,20.6,72.6,17.6,0.6,1.2,3.5,4.5,26.2,77.4,11.6,11.0,0.0,4.0,106146.00256056373
2323,Tennessee,Lincoln County,33543,3.2,87.4,6.8,0.2,0.4,0.0,24029,16.9,26.5,13.1,22.5,11.8,26.1,84.7,11.1,0.4,0.8,0.8,2.2,27.7,78.0,12.8,8.1,1.0,5.9,129769.66140397386
2324,Tennessee,Loudon County,51024,8.2,88.4,1.3,0.1,0.6,0.0,30177,13.7,27.4,19.8,22.8,11.5,18.5,83.7,9.7,0.2,0.7,1.0,4.8,23.4,78.1,13.4,8.4,0.1,6.6,210812.85076375576
2325,Tennessee,McMinn County,52569,3.7,89.7,3.6,0.2,0.6,0.1,21583,19.7,27.0,16.6,20.6,9.9,25.8,85.2,9.3,0.3,1.5,0.4,3.3,23.8,82.6,11.1,6.3,0.0,8.3,126513.43169725766
2326,Tennessee,McNairy County,25945,2.0,90.1,5.7,0.2,0.1,0.0,19745,21.6,27.9,14.9,22.4,10.3,24.6,86.8,6.4,0.1,0.4,1.0,5.4,26.9,72.9,17.4,9.7,0.1,13.6,91183.27627345042
2327,Tennessee,Macon County,23239,5.1,92.1,0.4,0.4,0.3,0.2,20666,18.6,24.8,16.2,21.0,13.0,25.0,83.4,13.8,0.0,0.4,0.3,2.1,34.6,76.3,13.0,10.7,0.0,5.8,119160.46300142193
2328,Tennessee,Madison County,97887,3.7,56.5,37.1,0.0,1.1,0.0,24600,20.3,32.8,19.2,25.2,6.8,16.0,85.8,6.7,0.9,0.8,2.9,2.9,18.6,80.9,13.2,5.6,0.3,6.2,119217.2685214157
2329,Tennessee,Marion County,28355,1.7,92.1,1.9,0.3,0.4,0.0,23807,18.1,28.0,13.2,24.9,14.0,20.0,84.9,7.7,0.1,2.6,0.4,4.3,28.1,78.7,14.2,7.0,0.0,6.0,131398.76784313013
2330,Tennessee,Marshall County,31753,4.9,85.4,7.6,0.0,0.4,0.0,23920,13.5,25.4,13.8,23.9,11.0,25.9,88.4,7.6,0.1,0.7,0.9,2.2,30.1,79.6,13.3,7.1,0.0,6.5,154463.3980110326
2331,Tennessee,Maury County,87606,5.4,79.8,11.6,0.4,0.9,0.0,25872,13.0,32.4,16.5,24.9,10.3,15.8,85.7,8.4,0.3,1.1,1.1,3.4,29.3,81.7,11.5,6.7,0.2,6.2,195329.3252180455
2332,Tennessee,Meigs County,11830,1.5,94.5,1.4,0.3,0.2,0.0,22542,16.6,22.3,16.3,18.7,13.6,29.1,83.9,12.1,0.3,0.4,1.8,1.5,31.0,80.3,14.9,4.8,0.0,9.9,153190.65479373708
2333,Tennessee,Monroe County,45698,4.2,91.1,1.9,0.9,0.4,0.0,20353,20.4,23.4,16.5,20.5,11.7,28.0,86.8,8.6,0.0,1.1,1.4,2.2,28.0,82.2,11.0,6.8,0.1,9.3,142568.44152688503
2334,Tennessee,Montgomery County,192120,9.7,64.6,18.6,0.5,2.1,0.4,24827,14.2,32.6,17.9,24.2,9.9,15.5,86.8,6.8,0.9,1.5,1.5,2.6,24.9,72.3,22.6,4.9,0.2,7.5,168292.2954077768
2335,Tennessee,Moore County,6302,0.2,93.3,1.7,1.6,2.0,0.0,31479,7.7,24.3,12.5,23.2,12.1,27.8,91.1,4.4,0.0,0.9,0.3,3.2,25.2,70.1,15.5,14.0,0.4,5.0,164405.51092415236
2336,Tennessee,Morgan County,21639,1.2,93.3,5.0,0.1,0.0,0.0,18649,22.9,23.1,24.2,23.3,13.8,15.6,82.3,13.5,0.0,1.5,0.9,1.7,30.2,67.9,25.7,6.0,0.4,7.6,102587.13588931318
2337,Tennessee,Obion County,30659,4.0,83.4,10.3,0.3,0.3,0.0,21939,23.0,29.3,18.7,20.9,9.3,21.7,87.6,6.2,0.3,1.9,1.3,2.8,21.9,75.5,13.8,10.4,0.3,8.3,88671.78268572611
2338,Tennessee,Overton County,21995,1.3,96.4,0.7,0.1,0.3,0.2,19961,19.6,27.8,15.1,22.7,13.1,21.3,87.6,8.0,0.2,0.7,0.5,3.0,27.5,72.9,14.9,12.0,0.1,5.3,125564.15122684753
2339,Tennessee,Perry County,7882,2.3,92.6,3.3,0.3,0.3,0.0,20204,29.4,21.5,17.5,18.1,20.5,22.4,74.7,7.6,0.0,3.5,4.6,9.5,29.7,67.3,18.8,13.8,0.0,6.2,95124.88914927094
2340,Tennessee,Pickett County,5071,0.9,96.8,0.8,0.0,0.0,0.0,21300,18.8,28.9,18.4,22.8,15.5,14.4,85.8,8.1,0.0,1.0,0.0,5.1,25.8,64.8,25.2,9.9,0.1,3.9,126381.51853767889
2341,Tennessee,Polk County,16722,1.9,95.4,0.3,0.3,0.2,0.0,24247,17.0,26.4,15.4,21.1,14.5,22.6,85.3,10.1,0.0,1.7,0.6,2.3,29.8,78.4,14.6,7.0,0.1,6.1,124050.95171025336
2342,Tennessee,Putnam County,75565,6.0,88.8,2.3,0.3,1.3,0.0,23337,23.3,33.1,20.4,23.7,8.4,14.5,87.6,7.7,0.1,1.1,0.8,2.7,22.9,76.3,14.5,8.7,0.4,6.8,155738.7056349434
2343,Tennessee,Rhea County,32478,4.6,91.0,2.2,0.1,0.4,0.0,22031,21.9,26.4,18.6,19.6,12.1,23.3,79.9,14.0,0.0,1.9,0.7,3.5,22.7,75.9,17.7,6.2,0.1,7.9,129957.99039634108
2344,Tennessee,Roane County,52926,1.7,93.1,2.4,0.3,0.7,0.0,25555,15.4,31.8,18.6,23.3,8.1,18.2,86.5,9.4,0.0,0.3,0.5,3.3,27.4,74.8,19.3,5.8,0.1,8.2,143402.2728515362
2345,Tennessee,Robertson County,68575,6.4,84.0,7.1,0.4,0.5,0.1,26441,11.3,31.7,15.6,23.2,13.3,16.3,83.1,9.1,0.4,1.1,2.0,4.2,29.3,79.2,13.6,6.9,0.2,6.9,197364.79378099585
2346,Tennessee,Rutherford County,298456,7.4,72.5,13.9,0.2,3.1,0.0,27932,11.8,35.0,14.9,26.5,8.1,15.5,84.6,9.4,0.3,0.8,1.1,3.9,28.5,81.0,13.3,5.6,0.1,5.1,225488.9653271703
2347,Tennessee,Scott County,21949,0.8,97.5,0.5,0.3,0.0,0.0,18748,26.2,22.2,13.9,21.4,13.9,28.7,83.8,9.7,0.1,0.5,3.0,2.8,28.3,72.4,18.4,8.9,0.3,9.4,96326.56108127006
2348,Tennessee,Sequatchie County,14654,3.5,85.9,0.2,0.3,0.0,0.0,22744,14.4,30.3,18.2,22.8,12.7,16.1,83.7,11.1,0.2,0.0,0.4,4.6,32.4,73.9,16.3,9.7,0.1,7.8,136285.90926664355
2349,Tennessee,Sevier County,95523,5.7,90.6,0.7,0.3,0.8,0.0,23298,15.3,25.7,25.0,28.4,9.1,11.8,77.4,15.0,0.4,1.3,1.0,4.8,24.8,80.3,11.3,7.9,0.6,6.2,191306.34682775722
2351,Tennessee,Smith County,19279,2.5,93.2,2.2,0.6,0.1,0.0,23015,14.1,27.7,15.3,23.7,10.8,22.6,86.5,10.7,0.0,0.4,0.5,1.9,28.6,78.2,12.6,9.2,0.1,3.7,154511.9680360203
2352,Tennessee,Stewart County,13248,2.6,92.0,1.1,0.5,0.9,0.3,22680,19.0,26.9,18.7,22.4,13.9,18.1,82.4,10.6,0.3,1.3,3.0,2.4,34.7,70.6,23.6,5.6,0.2,8.2,132354.12357567996
2353,Tennessee,Sullivan County,156519,1.8,93.7,1.9,0.1,0.6,0.0,25946,16.6,33.2,17.9,26.0,9.3,13.6,86.0,8.0,0.2,0.7,1.6,3.5,21.4,80.6,12.1,7.1,0.2,6.8,134169.3160037437
2354,Tennessee,Sumner County,175730,4.5,85.2,6.8,0.3,1.3,0.1,30669,9.7,35.0,15.4,27.1,8.3,14.2,83.9,8.4,0.4,0.6,1.4,5.2,27.8,80.4,11.8,7.5,0.2,4.5,238887.09863691006
2355,Tennessee,Tipton County,61434,2.7,76.0,17.9,0.5,0.7,0.2,26110,14.6,28.4,16.3,25.2,13.4,16.8,86.2,9.8,0.3,0.6,1.0,2.1,33.0,78.9,15.8,5.0,0.3,8.1,141649.78844280075
2356,Tennessee,Trousdale County,8773,1.1,84.9,11.4,0.1,0.3,0.0,22863,13.3,25.2,20.9,25.4,10.5,17.9,78.0,15.9,0.1,1.1,0.0,4.9,29.2,76.3,16.1,7.6,0.0,8.2,154313.02962686884
2357,Tennessee,Unicoi County,17830,4.4,93.7,0.5,0.1,0.5,0.0,21374,20.1,25.3,18.1,22.6,14.0,20.0,80.8,9.2,0.8,1.5,3.3,4.5,20.4,77.9,15.9,6.1,0.1,10.8,123502.20654867525
2358,Tennessee,Union County,19176,1.5,96.6,0.4,0.0,0.1,0.2,20478,21.6,20.8,16.5,26.2,14.7,21.9,85.4,8.6,0.0,0.2,0.6,5.2,33.6,78.7,11.0,9.0,1.2,7.2,135247.02037187942
2359,Tennessee,Van Buren County,5675,0.9,96.3,0.3,0.0,0.0,0.0,20672,19.5,28.0,25.6,18.6,7.5,20.2,83.3,5.6,0.6,0.5,2.3,7.8,27.5,64.3,24.6,10.2,1.0,11.6,114802.89780066915
2360,Tennessee,Warren County,40210,8.7,85.9,1.3,0.1,0.6,0.3,21339,21.6,26.9,13.9,21.4,12.4,25.5,84.5,10.0,0.0,1.4,0.5,3.7,24.5,75.9,15.1,8.6,0.4,6.8,114585.76017701752
2361,Tennessee,Washington County,126437,3.3,89.2,3.8,0.3,1.5,0.0,27334,16.5,38.5,18.5,23.8,8.0,11.3,85.7,6.6,0.6,1.1,2.3,3.8,20.8,77.3,16.6,6.0,0.1,5.3,155985.54925819373
2362,Tennessee,Wayne County,16713,1.9,90.3,5.6,0.2,1.5,0.0,18702,19.6,24.7,20.6,22.8,12.1,19.8,82.3,10.8,0.0,0.0,4.6,2.2,29.1,70.5,22.0,7.5,0.1,8.4,96101.12396080363
2363,Tennessee,Weakley County,33776,2.3,87.1,8.7,0.2,0.1,0.1,19699,20.5,31.3,18.2,23.2,9.3,18.1,86.2,6.4,0.1,4.1,1.8,1.3,20.0,72.7,20.7,6.2,0.3,8.3,95532.84426326556
2364,Tennessee,White County,26394,2.3,93.8,1.6,0.0,0.0,0.0,19867,17.6,24.9,18.0,23.1,10.6,23.4,86.4,9.1,0.0,1.4,1.1,2.1,24.0,76.6,13.6,9.7,0.1,9.3,131664.79592768245
2366,Tennessee,Wilson County,128874,3.8,86.0,6.8,0.3,1.5,0.1,31155,9.2,37.7,15.1,27.1,8.5,11.6,83.5,8.7,0.8,0.7,0.9,5.4,30.0,79.6,12.9,7.5,0.1,4.5,276644.39544751163
2367,Texas,Anderson County,57747,17.3,59.7,20.9,0.3,0.5,0.0,17466,15.7,24.4,23.5,23.4,12.9,15.9,85.1,9.9,0.2,0.5,0.7,3.6,23.7,73.2,20.4,6.2,0.2,4.3,117093.88472804043
2369,Texas,Angelina County,87700,21.5,61.2,14.7,0.1,1.1,0.0,21974,19.1,28.2,20.9,24.0,12.3,14.6,82.9,11.9,0.4,1.7,0.9,2.2,18.7,77.2,16.7,6.0,0.1,7.6,120619.82284826606
2370,Texas,Aransas County,24832,27.0,67.7,1.6,0.0,2.0,0.0,29999,17.8,28.2,23.3,22.1,16.5,9.8,81.4,8.4,0.0,2.8,0.5,6.8,20.8,72.9,12.3,14.6,0.2,6.7,209549.24083555304
2371,Texas,Archer County,8793,8.3,88.6,0.8,0.3,0.4,0.0,31103,8.8,34.2,13.4,25.3,12.9,14.2,86.0,6.9,0.3,1.0,1.1,4.7,20.4,75.6,14.5,9.8,0.0,3.0,146511.49452893427
2374,Texas,Austin County,29292,25.9,63.3,8.9,0.0,0.2,0.0,30101,13.4,30.9,15.7,23.6,12.5,17.4,81.6,10.6,0.1,1.9,1.3,4.6,31.1,77.5,13.2,9.3,0.0,5.4,255340.96047823518
2376,Texas,Bandera County,21316,18.0,78.8,1.0,0.2,0.2,0.0,29177,16.5,35.7,17.4,22.7,17.5,6.7,80.2,9.8,0.1,1.9,0.4,7.6,37.0,70.8,17.9,11.0,0.3,5.7,206290.17358745378
2377,Texas,Bastrop County,80306,36.0,53.7,7.7,0.4,0.9,0.0,25172,13.3,33.3,16.3,21.6,16.2,12.6,80.7,12.0,0.2,1.4,1.8,3.9,34.4,71.5,20.2,8.1,0.2,7.7,219693.85448232797
2378,Texas,Baylor County,3602,10.1,83.8,3.2,0.0,0.0,0.0,30820,13.1,34.2,17.9,27.2,14.9,5.9,89.5,7.0,0.0,1.6,1.4,0.6,10.6,70.9,17.2,11.9,0.0,2.3,75292.44420087924
2380,Texas,Bell County,336506,24.0,47.2,21.0,0.3,2.8,0.7,25017,14.3,33.1,19.9,25.9,9.4,11.7,81.0,11.6,0.4,2.1,1.4,3.5,20.6,70.7,24.3,4.9,0.1,8.3,146775.2415010816
2382,Texas,Blanco County,11089,19.1,77.6,0.0,0.0,0.6,0.0,31249,10.8,33.6,18.2,21.0,16.7,10.4,77.9,8.6,0.0,3.1,1.3,9.2,27.8,66.2,16.9,16.4,0.4,5.7,302710.1441374566
2383,Texas,Bosque County,17955,17.6,78.7,1.4,0.3,0.3,0.0,25763,15.6,29.3,16.6,21.7,16.0,16.4,79.2,10.0,0.1,4.5,1.2,5.0,29.6,76.6,11.5,11.3,0.6,5.2,127208.02492580788
2384,Texas,Bowie County,93635,7.4,64.5,23.9,0.8,1.0,0.0,24761,17.9,31.9,18.8,24.0,11.2,14.2,88.6,5.9,0.3,0.9,1.8,2.5,17.9,77.7,18.1,4.2,0.0,7.3,123147.12578780674
2385,Texas,Brazoria County,345995,29.7,49.1,12.9,0.3,6.2,0.0,32343,9.9,41.7,14.0,20.2,11.2,12.8,86.3,8.9,0.2,0.8,0.9,2.8,29.8,80.5,14.6,4.9,0.1,4.9,220680.63272863507
2386,Texas,Brazos County,214231,25.1,56.7,10.2,0.1,6.0,0.0,25337,26.0,41.1,18.0,22.9,8.7,9.3,77.7,11.3,2.4,2.5,2.7,3.4,17.0,69.5,24.8,5.6,0.1,4.7,221093.71419563438
2388,Texas,Brown County,37787,21.5,72.7,3.6,0.2,0.6,0.0,24040,16.4,33.5,17.7,22.0,10.8,16.1,86.3,8.9,0.3,1.5,0.6,2.3,17.3,76.9,15.1,8.0,0.0,4.3,118127.3111370636
2389,Texas,Burleson County,17596,20.1,65.7,12.3,0.2,0.3,0.0,27112,15.1,25.6,19.3,19.1,17.2,18.9,81.6,13.5,0.3,1.1,0.8,2.6,27.4,71.9,18.5,9.3,0.4,6.7,178794.37923967466
2390,Texas,Burnet County,45017,21.9,74.1,1.5,0.6,0.7,0.0,29247,12.3,30.2,18.8,22.4,14.9,13.6,76.4,12.5,0.2,2.7,1.6,6.6,26.2,75.3,12.4,12.0,0.3,4.3,235839.7285879764
2393,Texas,Callahan County,13660,9.1,86.8,1.5,0.1,0.2,0.0,22205,15.6,24.9,15.2,24.8,18.3,16.7,84.7,8.8,0.0,0.8,0.3,5.4,22.9,72.1,16.3,10.2,1.4,3.5,130383.78301544038
2395,Texas,Camp County,12670,23.9,56.6,16.9,0.4,0.3,0.0,21069,17.4,22.5,18.0,22.4,14.3,22.7,80.7,13.7,0.4,0.1,1.4,3.6,26.0,75.1,15.0,8.9,1.0,6.1,117799.40224809351
2396,Texas,Carson County,6033,9.7,86.4,0.6,0.4,0.5,0.2,31788,6.4,37.8,9.1,24.1,17.5,11.5,86.2,10.2,0.1,0.2,0.0,3.3,19.7,71.3,20.3,8.1,0.2,1.9,114684.22073768218
2397,Texas,Cass County,30118,4.3,76.4,17.0,0.0,0.4,0.0,22145,18.5,22.9,19.3,24.6,14.0,19.2,89.5,4.3,0.2,0.6,3.4,2.0,24.0,74.0,16.7,9.3,0.0,7.3,110586.25247020273
2399,Texas,Chambers County,39283,21.4,68.0,8.0,0.1,1.3,0.0,31412,12.9,36.1,9.5,19.7,15.8,18.9,88.9,6.6,0.2,0.9,1.3,2.1,27.8,75.6,16.4,7.7,0.3,6.5,240199.39423738347
2400,Texas,Cherokee County,51594,22.5,61.3,13.6,0.5,0.6,0.0,21102,18.7,28.9,19.8,21.2,14.6,15.6,80.1,14.3,0.0,2.0,0.8,2.7,24.4,73.1,20.0,6.8,0.2,6.1,124541.13950055085
2402,Texas,Clay County,10369,5.7,90.4,0.5,1.2,0.3,0.0,27593,15.0,30.6,16.5,24.4,14.7,13.9,84.5,7.5,0.0,2.5,1.0,4.5,23.9,74.4,14.5,10.9,0.3,7.2,116929.94958908464
2403,Texas,Coke County,3238,21.1,76.9,0.6,0.6,0.2,0.0,24623,16.6,41.3,14.2,15.0,17.6,11.8,84.3,5.5,0.0,5.1,0.7,4.3,23.0,58.1,31.7,10.3,0.0,4.3,104620.9147246444
2404,Texas,Coleman County,8422,17.4,77.3,2.7,0.8,0.8,0.0,26436,20.3,33.0,11.9,19.3,18.4,17.5,87.8,7.2,0.1,0.8,1.6,2.5,24.5,72.6,15.6,11.8,0.1,5.1,89789.56774837633
2406,Texas,Collingsworth County,3026,31.3,60.3,3.5,4.3,0.1,0.0,21356,15.0,20.9,22.4,19.0,21.4,16.2,86.3,8.8,0.0,4.1,0.0,0.8,15.4,65.2,26.2,8.7,0.0,7.1,82823.02594272651
2407,Texas,Colorado County,20913,28.9,57.0,13.0,0.1,0.1,0.0,26689,12.0,29.4,17.9,23.5,14.2,15.0,85.8,8.0,1.1,1.0,0.6,3.5,20.5,73.3,17.6,8.8,0.2,2.9,165317.61935857544
2408,Texas,Comal County,129100,26.8,68.7,2.0,0.1,1.0,0.0,35841,9.2,39.0,14.7,27.3,10.0,9.0,80.7,8.5,0.2,1.6,1.4,7.6,30.6,78.7,12.8,8.0,0.4,3.8,283789.6852266932
2409,Texas,Comanche County,13492,27.3,70.4,0.7,0.5,0.6,0.0,22751,18.2,29.6,14.4,21.7,17.3,16.9,80.6,11.3,0.0,2.7,1.7,3.8,25.2,75.4,14.3,10.0,0.3,3.6,114303.61190215232
2411,Texas,Cooke County,39064,17.3,76.4,2.5,0.7,0.9,0.2,29067,13.9,29.2,20.4,21.6,11.0,17.8,76.8,15.7,0.1,1.6,1.2,4.6,25.5,77.5,14.9,7.3,0.2,5.2,169543.3819656182
2412,Texas,Coryell County,75818,17.8,59.5,13.7,0.6,1.8,0.7,21171,13.3,29.8,23.8,25.1,12.6,8.8,72.8,12.8,0.4,7.3,2.2,4.5,22.0,62.0,31.8,6.1,0.1,9.9,121462.53248067152
2418,Texas,Delta County,5172,6.9,81.5,7.9,0.2,0.7,0.0,22732,22.9,31.0,16.5,22.1,13.9,16.5,86.9,7.1,0.6,2.4,1.6,1.5,31.5,72.6,19.6,7.8,0.0,6.4,99510.59715784942
2419,Texas,Denton County,781321,19.1,60.9,9.1,0.3,7.8,0.1,37928,8.4,46.0,13.9,25.6,6.3,8.2,80.9,8.5,0.9,1.3,1.3,7.1,28.9,82.7,11.6,5.5,0.2,4.5,285814.347148022
2421,Texas,Eastland County,18278,16.0,79.9,2.2,0.4,0.2,0.0,20433,17.4,28.7,17.4,23.5,13.5,16.8,87.2,8.5,0.0,2.6,1.1,0.7,18.6,76.6,15.8,6.6,0.9,5.7,93089.87206034198
2423,Texas,Ellis County,164092,25.5,62.6,8.9,0.3,0.7,0.0,28612,10.5,33.2,13.5,25.8,11.8,15.7,82.0,11.1,0.4,0.9,0.6,5.0,29.3,79.5,13.1,7.2,0.2,4.6,217347.29201238006
2425,Texas,Erath County,41016,20.6,75.4,1.6,0.5,0.8,0.0,23511,22.6,32.1,21.6,19.5,12.1,14.8,81.8,10.2,0.3,2.5,0.7,4.5,19.9,77.0,14.0,8.3,0.6,4.3,168280.03643547738
2426,Texas,Falls County,17289,22.8,51.5,24.3,0.2,0.2,0.1,17755,25.2,23.0,19.1,20.3,14.5,23.1,78.0,11.1,1.1,3.7,2.9,3.2,26.7,77.4,15.5,6.9,0.1,6.1,95002.82508697116
2427,Texas,Fannin County,33787,10.6,79.4,6.5,0.4,0.7,0.1,23212,14.8,31.7,16.4,22.6,12.9,16.5,81.7,9.9,0.0,1.7,1.2,5.5,29.7,72.5,19.9,7.3,0.3,5.2,140687.70815027767
2428,Texas,Fayette County,24963,20.4,71.9,6.0,0.1,0.7,0.0,30405,9.1,22.3,18.7,26.2,16.2,16.6,85.3,8.4,0.2,1.9,1.0,3.1,22.8,75.9,13.5,10.2,0.4,1.5,273879.8555665942
2429,Texas,Fisher County,3875,29.8,66.5,2.9,0.0,0.5,0.1,27750,17.4,32.8,16.6,19.8,17.2,13.6,81.3,11.0,0.0,3.3,0.9,3.5,21.3,68.3,18.2,13.1,0.4,5.6,90317.8335493267
2432,Texas,Franklin County,10639,13.9,79.6,4.5,0.5,0.0,0.1,23642,15.0,24.3,14.6,26.8,16.9,17.4,82.5,8.9,0.4,1.5,1.2,5.5,23.9,74.0,11.1,14.1,0.8,7.6,175367.01196557467
2433,Texas,Freestone County,19646,14.7,67.5,16.1,0.2,0.4,0.0,24060,17.3,26.4,24.9,19.3,14.1,15.3,82.9,12.0,0.1,1.6,0.7,2.7,25.7,73.3,19.6,7.1,0.0,4.2,133245.39545491393
2436,Texas,Galveston County,321184,23.9,58.0,12.5,0.3,3.3,0.0,33870,13.9,41.1,17.6,22.0,9.4,9.9,80.9,10.5,0.9,2.0,1.9,3.7,28.0,77.0,16.7,6.1,0.1,6.5,206715.91056762962
2438,Texas,Gillespie County,25939,22.5,75.6,0.1,0.0,0.1,0.0,32557,12.4,33.6,21.1,21.7,14.3,9.3,72.5,14.0,0.5,4.4,2.3,6.2,20.7,73.4,8.9,17.2,0.5,5.0,299327.3545226561
2439,Texas,Goliad County,7510,35.6,58.6,5.3,0.0,0.2,0.0,30075,16.4,29.4,11.9,24.7,16.7,17.2,76.0,13.4,0.0,5.2,0.0,5.4,29.9,71.7,20.7,7.6,0.0,6.4,190843.78814070672
2441,Texas,Gray County,22962,27.9,64.5,4.3,0.9,0.7,0.1,23457,14.9,23.1,17.8,24.6,18.3,16.1,85.7,10.3,0.0,1.5,1.8,0.8,19.0,81.2,12.1,6.6,0.1,4.9,76787.29998478272
2442,Texas,Grayson County,126146,12.7,76.4,5.5,1.3,1.3,0.0,26535,14.3,31.1,18.7,24.6,10.8,14.7,78.0,12.6,0.4,1.8,1.3,5.9,24.9,79.8,12.5,7.4,0.2,6.5,156701.31467666043
2443,Texas,Gregg County,123402,18.2,58.3,20.1,0.3,1.4,0.1,25144,17.6,27.8,18.7,25.1,12.0,16.5,85.3,8.4,0.2,2.0,1.3,2.8,20.4,84.3,10.1,5.5,0.1,4.8,137648.100218736
2444,Texas,Grimes County,27358,23.6,58.7,15.6,0.3,0.1,0.0,23585,18.6,23.3,17.9,22.4,14.9,21.4,77.5,16.3,0.0,1.4,0.9,3.9,27.1,76.7,15.4,7.7,0.3,5.5,193494.4587943774
2445,Texas,Guadalupe County,150889,37.3,51.4,7.1,0.2,1.7,0.0,29300,10.6,33.4,15.9,25.5,10.3,14.9,85.0,8.9,0.2,0.7,1.1,4.1,26.7,76.3,17.8,5.6,0.3,4.5,221647.342194644
2448,Texas,Hansford County,5532,46.4,53.3,0.1,0.1,0.0,0.0,21989,18.7,32.8,11.3,16.7,19.5,19.7,86.1,7.5,0.4,3.0,2.2,0.8,14.8,72.6,14.2,13.2,0.0,3.8,124197.25082112137
2449,Texas,Hardin County,55993,5.4,87.0,5.6,0.2,0.5,0.0,29693,12.0,31.9,14.2,24.2,14.2,15.4,86.7,9.4,0.2,0.9,1.0,1.9,28.3,82.1,13.7,4.1,0.1,4.4,160108.0852643704
2451,Texas,Harrison County,66606,12.7,63.8,21.3,0.3,0.7,0.0,25123,17.9,32.4,15.9,20.2,13.5,18.0,87.5,6.4,0.0,0.6,1.7,3.8,20.9,80.9,12.8,6.1,0.2,7.2,155472.3594309039
2454,Texas,Hays County,194843,37.8,55.3,3.5,0.2,1.3,0.0,29253,15.3,37.5,18.7,25.7,9.2,9.0,78.9,9.8,0.8,2.0,2.1,6.4,30.1,75.3,17.6,6.9,0.3,5.3,261863.82827481258
2455,Texas,Hemphill County,4152,35.2,61.8,0.7,0.4,0.3,0.0,29470,8.8,31.3,15.4,25.7,17.3,10.2,76.2,15.5,0.0,4.6,0.0,3.6,16.0,73.7,16.9,9.4,0.0,6.9,152650.53899597345
2456,Texas,Henderson County,79687,12.1,78.9,6.6,0.9,0.7,0.1,24315,18.0,29.1,19.6,22.9,14.4,14.0,82.0,12.0,0.1,1.2,0.6,4.0,30.6,76.2,14.9,8.7,0.2,6.2,161828.99503811155
2458,Texas,Hill County,35098,20.0,71.3,6.3,0.2,0.3,0.2,23342,17.5,26.2,18.8,22.7,14.2,18.1,79.9,12.3,0.0,1.4,1.7,4.6,28.5,78.0,14.0,7.8,0.3,8.1,111194.32048439258
2459,Texas,Hockley County,23273,46.9,47.7,3.6,0.6,0.2,0.1,22673,14.9,26.2,17.0,24.6,19.4,12.8,78.6,16.2,0.1,2.0,0.7,2.5,19.6,81.1,12.7,6.0,0.3,7.4,117054.59826503623
2460,Texas,Hood County,55418,12.0,84.8,0.7,0.9,0.8,0.0,32578,12.3,32.6,14.9,23.3,13.2,16.1,87.7,6.2,0.2,0.5,0.9,4.5,32.5,80.1,10.5,9.1,0.3,3.0,215272.96400908384
2461,Texas,Hopkins County,35929,16.3,74.0,6.7,0.2,0.7,0.1,24236,17.9,28.4,17.6,22.5,11.8,19.7,82.8,10.4,0.3,2.0,1.0,3.5,23.3,78.5,12.7,8.5,0.3,5.9,159830.9218659953
2462,Texas,Houston County,22849,10.7,62.0,24.9,0.2,0.4,0.0,17884,24.7,24.7,22.2,22.1,12.7,18.3,85.5,8.4,0.0,1.0,1.3,3.8,26.4,67.1,21.8,11.0,0.0,4.5,133467.7201496035
2463,Texas,Howard County,36491,41.2,50.0,5.2,0.7,0.8,0.1,22994,13.9,29.0,18.6,22.9,14.9,14.6,80.1,15.9,0.4,1.3,1.1,1.1,18.8,72.7,20.7,6.3,0.3,6.7,121651.77756693987
2464,Texas,Hunt County,90322,15.3,72.9,7.8,0.8,1.2,0.0,23942,18.8,31.7,17.3,24.3,12.7,14.1,81.1,12.0,0.0,2.1,1.2,3.6,30.8,79.8,13.9,6.2,0.1,6.5,153311.6508225226
2465,Texas,Hutchinson County,21704,22.5,71.3,2.0,1.3,0.6,0.3,25154,16.4,22.0,17.0,25.0,18.9,17.1,85.3,11.6,0.0,1.0,0.6,1.5,18.3,81.2,12.9,5.8,0.1,5.2,88712.89265033991
2466,Texas,Jack County,8839,16.3,77.9,4.5,0.4,0.1,0.0,25553,18.2,24.9,13.0,24.0,19.6,18.4,85.6,8.0,0.0,1.0,0.6,4.8,26.5,76.1,13.8,9.5,0.6,3.6,124289.95372860384
2467,Texas,Jackson County,14756,32.3,59.4,7.1,0.0,0.3,0.1,26809,13.7,26.6,15.3,19.8,19.1,19.2,81.1,10.8,1.8,1.5,0.6,4.2,25.7,76.2,15.1,7.9,0.8,4.7,146017.55073060523
2469,Texas,Jefferson County,254574,19.5,41.7,33.7,0.2,3.6,0.0,25370,19.4,28.9,19.6,23.2,13.4,14.9,89.5,6.8,0.5,0.7,0.9,1.6,19.7,83.0,13.0,3.9,0.1,6.5,115628.53965031182
2472,Texas,Johnson County,160173,20.3,73.6,2.8,0.4,0.8,0.4,26574,11.0,30.6,14.1,22.2,11.7,21.5,85.5,8.5,0.1,1.2,0.9,3.7,30.3,82.4,10.8,6.7,0.2,4.9,189832.93848823733
2473,Texas,Jones County,19969,27.2,54.8,14.5,0.1,0.3,0.0,17960,15.9,31.9,24.0,19.5,10.5,14.1,76.9,16.6,0.0,2.7,1.0,2.8,20.2,65.5,23.2,11.1,0.3,4.2,93940.52242501028
2475,Texas,Kaufman County,114852,19.9,66.6,10.4,0.4,1.1,0.1,26631,12.4,33.4,15.2,25.9,11.6,13.9,83.0,11.0,0.3,0.5,1.5,3.6,34.7,77.5,16.5,5.8,0.2,6.5,200351.2383761591
2476,Texas,Kendall County,40306,23.0,73.6,0.7,0.0,0.7,0.1,39517,5.7,44.8,16.5,22.6,9.1,7.0,79.1,9.7,0.1,2.3,1.2,7.6,31.2,75.8,13.6,10.7,0.0,4.4,369794.1662787081
2477,Texas,Kerr County,50761,26.1,69.9,1.4,0.2,1.0,0.0,28484,13.8,30.3,24.1,23.2,12.7,9.8,78.8,14.0,0.0,1.9,0.7,4.5,20.0,72.3,15.2,12.5,0.0,6.0,218418.11166770777
2481,Texas,Lamar County,49401,7.5,75.0,12.3,0.3,0.9,0.3,23625,17.8,27.1,17.6,24.9,12.6,17.8,81.4,10.0,0.1,2.4,3.0,3.2,20.3,79.4,13.6,6.8,0.2,5.6,122917.89641170802
2483,Texas,Lampasas County,20473,19.2,72.9,3.0,0.4,1.1,1.0,26405,12.0,32.4,20.4,20.3,15.4,11.5,76.5,14.8,0.2,2.7,3.1,2.7,27.4,70.3,21.8,7.7,0.1,7.4,156746.09411409197
2484,Texas,Lavaca County,19859,18.1,74.3,6.6,0.0,0.4,0.0,29946,10.5,32.8,14.4,20.4,14.1,18.3,83.3,10.8,0.2,1.6,0.8,3.2,28.0,74.7,15.3,9.9,0.1,2.9,186412.24177351873
2485,Texas,Lee County,16850,23.2,63.7,11.0,0.0,0.9,0.0,26740,13.8,26.5,22.6,23.1,13.1,14.7,76.8,13.9,0.0,1.6,1.1,6.6,25.7,72.2,15.7,11.7,0.4,4.5,209876.03465848704
2487,Texas,Liberty County,79884,21.9,65.8,10.0,0.3,0.6,0.0,22153,16.2,24.7,14.9,22.0,18.1,20.3,88.9,6.5,0.3,1.0,1.2,2.2,36.9,79.3,13.9,6.5,0.3,7.8,162163.56089634437
2488,Texas,Limestone County,23480,21.3,59.2,17.6,0.3,0.7,0.0,21093,20.7,27.3,22.1,19.8,12.4,18.4,83.1,10.9,0.0,1.3,1.0,3.6,21.3,64.3,25.7,10.0,0.0,10.3,100072.63988619403
2489,Texas,Live Oak County,12043,38.8,57.6,2.4,0.0,0.6,0.0,22847,16.3,25.2,16.4,25.4,16.8,16.2,79.4,10.7,0.0,1.7,2.4,5.7,33.5,71.0,15.8,12.2,1.0,3.8,145844.27437010925
2490,Texas,Llano County,20195,9.8,87.1,0.7,0.1,0.4,0.0,35680,12.5,31.3,21.1,25.3,14.2,8.1,72.1,15.0,0.0,2.6,1.0,9.4,24.4,73.2,12.2,14.2,0.3,8.3,265200.8538477639
2491,Texas,Lubbock County,298042,34.5,54.5,6.9,0.4,2.1,0.1,26196,18.8,35.0,19.9,25.3,9.9,9.8,81.2,12.3,0.9,1.9,1.2,2.5,17.3,78.1,16.1,5.7,0.1,4.8,146380.07809707598
2493,Texas,McCulloch County,8145,31.6,62.2,2.0,0.0,0.0,0.0,23398,16.3,23.2,21.0,22.1,19.7,13.9,82.8,12.3,0.1,3.0,0.1,1.8,15.9,68.5,17.7,13.2,0.6,3.2,90292.71116182803
2494,Texas,McLennan County,245720,25.6,56.7,14.2,0.2,1.5,0.0,24273,19.3,32.8,18.5,24.8,10.8,13.2,82.4,10.7,0.4,1.7,1.2,3.6,19.4,81.0,13.2,5.6,0.2,5.1,139391.98070121216
2495,Texas,Madison County,13979,22.4,55.8,17.4,0.1,1.1,0.2,17436,15.4,28.6,23.2,19.7,14.9,13.6,76.3,12.6,0.0,7.3,0.6,3.3,23.4,67.2,21.2,10.8,0.8,3.1,156028.92538592604
2496,Texas,Marion County,10140,3.9,70.9,23.7,0.3,0.0,0.2,25933,22.3,28.7,19.1,21.8,13.0,17.4,83.7,7.9,0.0,1.1,2.0,5.3,31.4,73.3,16.4,10.1,0.2,10.7,124072.46254826781
2497,Texas,Mason County,4122,24.3,71.9,0.0,0.3,2.5,0.0,24519,12.6,21.0,24.1,23.5,23.8,7.6,74.9,13.5,0.0,5.6,1.5,4.5,20.2,74.8,7.5,17.3,0.4,2.8,169634.6708332625
2498,Texas,Matagorda County,36744,41.4,44.9,10.2,0.4,2.0,0.1,23294,20.6,23.9,18.9,21.8,18.2,17.3,82.5,11.1,0.9,2.2,1.1,2.1,21.7,79.5,14.4,6.0,0.1,6.4,157885.4465253572
2501,Texas,Midland County,159883,43.2,47.3,5.9,0.4,1.8,0.0,38545,8.7,34.4,14.5,23.4,16.7,11.0,85.1,9.8,0.2,0.8,1.6,2.4,19.5,82.9,9.7,7.3,0.2,3.5,220022.41108989003
2502,Texas,Milam County,24479,25.8,62.9,8.4,0.1,0.5,0.0,22911,16.0,28.9,17.8,20.5,18.0,14.8,80.8,13.3,0.3,0.6,0.3,4.7,27.2,73.1,19.3,7.4,0.3,5.5,149889.46401532635
2503,Texas,Mills County,4887,18.3,81.3,0.2,0.0,0.1,0.0,24858,14.9,29.8,15.5,28.4,12.0,14.4,78.8,7.4,0.0,6.7,0.9,6.2,16.5,71.3,18.4,10.0,0.2,2.9,148745.00522762563
2504,Texas,Mitchell County,8774,39.3,48.7,10.3,0.3,0.4,0.0,19741,7.9,32.3,19.2,19.9,14.6,14.1,78.4,17.0,0.3,0.8,0.0,3.4,20.2,66.5,24.3,8.2,1.0,6.4,89695.87453210448
2505,Texas,Montague County,19406,10.7,86.3,0.2,0.3,0.1,0.0,26278,15.5,26.0,15.1,22.8,18.9,17.3,83.0,10.3,0.6,1.6,0.4,4.0,24.3,81.5,11.3,6.8,0.5,6.6,131374.6407485639
2506,Texas,Montgomery County,535187,23.0,67.9,4.5,0.1,2.8,0.1,38012,10.3,39.8,15.3,24.0,10.5,10.5,82.1,9.1,1.2,0.9,1.2,5.5,32.7,81.1,10.7,8.1,0.1,4.9,237571.39496203818
2508,Texas,Morris County,12530,9.2,65.1,23.6,0.4,0.1,0.1,22803,15.7,25.4,21.7,18.1,7.6,27.2,87.1,6.1,0.3,0.7,1.8,4.0,23.8,75.7,17.6,6.6,0.1,9.9,95642.00397741432
2509,Texas,Nacogdoches County,65411,18.9,59.9,17.2,0.3,1.6,0.0,22589,24.9,32.1,17.8,23.4,12.5,14.2,79.5,12.5,0.1,3.7,1.3,2.8,20.4,73.4,19.2,7.2,0.2,8.6,149442.07948723237
2510,Texas,Navarro County,48239,26.2,57.3,13.1,0.3,0.6,1.0,22152,18.8,27.8,20.3,20.3,12.8,18.7,80.8,12.7,0.4,1.0,0.9,4.3,25.3,75.5,15.8,8.5,0.2,9.4,115464.4690810108
2511,Texas,Newton County,14187,3.5,73.6,21.3,0.2,0.1,0.0,20800,15.7,21.6,18.4,23.0,16.6,20.4,79.4,14.6,0.5,0.3,3.0,2.1,37.3,76.9,19.2,3.8,0.0,11.6,102886.26428220859
2512,Texas,Nolan County,14990,36.4,57.0,4.9,0.4,0.3,0.0,23686,16.8,27.9,20.1,16.9,14.4,20.8,79.7,13.7,0.0,2.6,2.5,1.5,15.5,74.3,18.5,7.1,0.1,7.1,109521.15078519657
2515,Texas,Orange County,83909,7.1,81.4,8.3,0.3,1.1,0.0,27938,14.2,29.4,15.7,23.3,14.0,17.5,86.6,8.4,0.2,1.7,1.4,1.7,23.9,81.9,13.2,4.7,0.1,6.0,139531.8109370686
2516,Texas,Palo Pinto County,28109,19.7,75.4,2.4,0.6,0.6,0.1,24840,18.3,24.3,20.0,22.0,14.1,19.5,81.7,8.0,0.5,2.1,3.2,4.5,23.5,78.6,11.4,9.9,0.1,7.9,139457.1900552615
2517,Texas,Panola County,23574,8.6,73.4,16.3,0.1,0.6,0.0,26205,15.3,24.0,16.7,24.9,18.2,16.2,89.2,6.0,0.5,1.8,0.8,1.7,25.9,80.8,11.2,8.0,0.0,3.8,144114.9990248695
2518,Texas,Parker County,125963,11.5,84.4,1.3,0.5,0.5,0.0,33367,9.2,38.3,14.0,24.3,12.1,11.3,82.8,9.5,0.2,1.0,1.5,5.1,31.7,76.6,14.6,8.5,0.3,5.5,261072.19249954724
2521,Texas,Polk County,46974,14.8,70.9,10.4,1.5,0.6,0.1,23023,18.7,22.8,22.8,23.7,17.9,12.8,77.7,12.4,0.9,1.6,3.5,4.0,29.1,72.6,18.4,8.7,0.3,8.5,117297.75183618556
2522,Texas,Potter County,121230,37.6,45.2,9.3,0.3,5.2,0.1,21941,21.7,24.2,22.9,22.7,12.3,17.8,79.3,14.7,0.9,1.7,1.1,2.3,17.8,82.7,11.8,5.5,0.0,4.2,83874.81700802372
2524,Texas,Rains County,11246,8.7,85.8,1.5,1.0,0.1,0.0,23976,13.1,27.0,16.7,23.1,16.9,16.4,80.7,11.8,0.0,2.1,1.8,3.5,34.9,74.0,11.7,14.3,0.0,5.7,163351.45805763023
2525,Texas,Randall County,130552,20.2,73.4,2.8,0.4,1.5,0.1,32922,9.6,37.3,17.4,26.2,8.9,10.2,84.7,9.7,0.3,1.3,1.0,3.0,19.1,75.3,16.3,8.3,0.1,3.7,166164.9127479469
2526,Texas,Red River County,12353,7.3,73.1,17.6,0.2,0.0,0.0,21177,16.5,26.5,18.7,20.1,14.5,20.3,83.0,8.2,0.0,2.8,1.8,4.2,30.7,71.0,19.2,9.8,0.0,9.0,84983.92449164619
2529,Texas,Robertson County,16727,20.2,57.9,19.7,0.2,0.3,0.1,23337,15.2,30.1,16.1,21.2,16.0,16.6,80.2,12.6,0.0,2.5,1.2,3.5,24.4,72.1,19.8,8.0,0.1,7.7,190633.27686991205
2530,Texas,Rockwall County,90414,17.1,72.3,6.0,0.2,2.4,0.0,38933,5.8,47.5,13.2,24.1,7.3,8.0,81.6,9.6,0.8,0.5,1.7,5.9,33.4,79.9,14.5,5.5,0.1,4.9,268564.2466832187
2531,Texas,Runnels County,10266,33.8,62.3,1.3,0.4,1.1,0.0,22190,16.3,31.1,15.2,21.8,17.9,14.0,82.9,11.0,0.0,2.6,0.6,2.8,21.9,68.5,21.5,9.6,0.5,3.2,92520.66563202301
2532,Texas,Rusk County,53026,16.1,64.7,17.0,0.2,0.5,0.0,23521,15.8,26.7,18.2,20.7,15.9,18.5,86.7,8.5,0.0,0.9,0.6,3.3,24.3,79.8,13.1,6.8,0.3,5.7,137368.33270783228
2534,Texas,San Augustine County,8403,6.9,68.8,20.8,1.5,0.0,0.0,21066,24.4,28.1,15.0,23.3,12.2,21.3,83.9,11.1,0.0,0.9,1.2,3.0,26.7,81.3,9.3,9.4,0.0,13.4,149052.42869811616
2537,Texas,Scurry County,17346,39.7,53.6,4.5,0.1,0.2,0.0,24140,12.8,23.7,17.4,23.3,20.7,15.0,82.2,12.8,0.3,1.0,2.0,1.6,16.6,77.0,13.1,9.8,0.2,4.6,108375.45213204472
2538,Texas,Shackelford County,3348,11.7,85.6,0.2,0.3,0.2,0.0,24296,17.7,33.4,17.7,26.0,14.7,8.2,82.3,11.5,0.0,1.5,4.1,0.5,20.7,72.3,17.5,9.9,0.3,7.0,119725.392780865
2539,Texas,Shelby County,25689,17.8,62.1,18.8,0.2,0.5,0.1,20686,23.1,26.8,15.9,17.8,21.8,17.6,76.6,17.6,0.5,1.7,0.9,2.8,26.3,74.9,15.7,9.1,0.3,7.4,148192.1734686697
2540,Texas,Smith County,222277,19.0,60.3,17.4,0.3,1.6,0.1,26270,16.3,33.0,19.2,23.0,10.7,14.1,83.7,9.5,0.2,1.0,2.2,3.4,23.8,81.8,12.0,6.0,0.2,6.5,159520.19648388567
2541,Texas,Somervell County,8650,19.1,78.7,0.6,0.3,0.0,0.6,27095,21.5,34.8,14.4,22.2,16.5,12.1,78.9,17.0,0.3,1.2,1.2,1.4,28.3,81.3,11.9,6.1,0.7,2.8,228873.29182489368
2543,Texas,Stephens County,9365,23.2,72.1,2.2,0.6,0.5,0.0,23044,21.3,25.1,18.6,20.3,17.6,18.5,82.5,10.2,0.5,1.5,3.0,2.3,19.5,72.8,14.6,12.5,0.0,4.7,111718.65484666366
2545,Texas,Swisher County,7541,43.1,47.5,5.7,0.5,0.2,0.1,18878,22.2,30.3,19.2,22.0,13.8,14.7,83.3,7.5,0.2,3.3,1.1,4.5,19.7,72.1,15.3,12.5,0.0,5.9,64031.90837370909
2547,Texas,Taylor County,135371,23.8,64.5,7.4,0.5,1.9,0.1,25419,16.1,30.6,22.3,25.0,11.5,10.6,81.1,10.3,0.6,2.2,1.0,4.8,16.9,78.0,15.7,6.0,0.2,4.4,128034.07764798492
2549,Texas,Titus County,32664,42.1,46.3,9.1,0.2,0.8,0.0,21090,19.3,22.8,17.3,21.4,10.4,28.1,83.4,11.5,0.4,0.6,2.4,1.7,18.8,83.5,9.9,6.5,0.1,6.1,131117.94572157125
2550,Texas,Tom Green County,116906,38.8,54.3,4.0,0.2,1.1,0.0,27513,12.9,32.2,18.3,24.8,13.1,11.6,79.4,10.4,0.2,4.1,2.4,3.6,17.8,77.1,15.9,7.0,0.1,3.8,144177.56326986552
2552,Texas,Trinity County,14481,9.3,79.1,9.5,0.3,0.4,0.0,20369,18.4,27.5,23.0,23.5,12.8,13.3,80.9,10.9,0.5,1.8,1.0,4.9,33.2,69.3,20.8,9.2,0.6,10.2,112543.42528561207
2553,Texas,Tyler County,21456,7.3,79.6,10.8,0.1,0.3,0.0,21172,15.8,23.6,21.0,22.5,16.8,16.1,83.3,7.5,0.0,1.0,3.1,5.0,35.7,77.7,17.9,4.2,0.2,9.5,118916.04283300397
2554,Texas,Upshur County,40506,8.1,80.7,8.9,0.7,0.2,0.0,24088,13.8,29.1,15.6,25.2,13.1,17.0,83.5,10.3,0.2,0.7,1.3,4.0,27.8,80.1,12.4,7.2,0.3,8.3,149395.61828608447
2557,Texas,Van Zandt County,53607,10.3,84.3,2.6,0.5,0.5,0.1,25394,14.2,30.0,19.8,22.7,14.6,13.0,80.5,11.4,0.1,1.0,0.8,6.4,34.4,74.5,15.0,10.3,0.3,5.9,160727.68227221834
2558,Texas,Victoria County,91518,46.0,45.4,5.8,0.1,1.1,0.0,28181,14.8,30.0,17.3,25.3,13.2,14.1,81.3,12.1,0.9,0.8,0.8,4.1,20.0,80.5,11.4,7.8,0.3,5.1,145948.13967156754
2560,Texas,Waller County,48443,29.4,43.0,24.9,0.1,0.7,0.0,23888,18.0,26.5,21.5,25.0,14.0,13.0,78.7,10.8,0.9,3.9,1.4,4.4,30.0,75.6,15.9,7.9,0.6,7.8,240919.3773156243
2562,Texas,Washington County,34667,15.5,64.5,17.0,0.3,1.8,0.1,28517,13.2,32.7,16.2,23.7,10.9,16.5,85.8,8.7,0.1,1.0,0.9,3.5,21.5,74.0,15.9,10.1,0.0,6.2,215078.6569482246
2564,Texas,Wharton County,41430,40.3,45.3,13.8,0.1,0.1,0.0,25867,17.5,25.4,19.3,21.1,17.6,16.5,84.4,11.7,0.4,0.5,0.3,2.7,23.0,80.7,12.6,6.5,0.2,5.3,140642.74079794128
2565,Texas,Wheeler County,5599,26.5,68.3,2.7,0.1,0.1,0.2,25809,19.2,25.5,19.6,21.2,21.6,12.0,86.9,7.1,0.0,2.6,1.5,1.9,18.4,68.8,21.0,10.0,0.2,5.6,91817.63578295056
2566,Texas,Wichita County,131778,18.5,66.1,9.9,0.6,2.0,0.0,23263,18.9,33.2,20.7,23.8,10.4,11.9,77.0,8.6,0.8,7.6,2.0,4.0,15.4,74.3,19.9,5.4,0.4,4.8,89746.92976737827
2569,Texas,Williamson County,508313,24.1,60.9,6.0,0.2,6.0,0.1,34575,7.0,45.6,13.9,25.4,7.4,7.7,80.3,9.1,0.8,0.9,1.2,7.7,27.9,79.0,14.5,6.4,0.1,4.8,271117.5108635499
2570,Texas,Wilson County,47205,39.2,57.7,1.3,0.2,0.3,0.1,29862,10.2,31.8,16.4,25.2,14.2,12.4,80.7,10.8,0.0,1.1,1.0,6.4,34.5,73.3,18.0,8.6,0.1,6.0,273323.24512088153
2572,Texas,Wise County,63247,18.8,77.5,1.2,0.4,0.5,0.2,27447,13.0,29.6,15.0,24.0,14.3,17.1,82.2,10.1,0.1,1.0,0.9,5.7,32.1,78.0,13.7,8.0,0.2,6.0,222923.536052866
2573,Texas,Wood County,43315,9.6,83.2,5.5,0.6,0.1,0.1,25955,13.3,28.7,16.7,25.0,15.5,14.1,80.6,10.0,0.3,2.5,1.0,5.6,30.2,78.4,14.1,7.1,0.4,7.8,150505.07156523204
2575,Texas,Young County,18166,18.1,78.8,1.5,0.5,0.4,0.0,25661,16.5,31.5,17.8,21.9,15.1,13.7,83.0,9.0,0.0,0.6,1.4,6.1,15.3,69.8,17.1,11.9,1.2,4.5,93926.24475481939
2578,Utah,Beaver County,6414,10.9,88.7,0.0,0.1,0.2,0.0,21128,10.5,23.9,18.7,25.1,15.9,16.4,80.2,12.5,0.2,2.6,1.0,3.4,16.0,77.1,16.6,5.8,0.5,4.7,150346.0432425925
2579,Utah,Box Elder County,52182,9.1,87.3,0.5,1.0,0.8,0.1,22808,10.2,31.5,14.4,21.0,10.2,22.9,77.7,14.8,0.7,1.5,1.3,4.0,23.5,79.4,15.3,5.0,0.3,5.5,215828.3844350784
2580,Utah,Cache County,120288,10.5,83.8,0.7,0.4,2.1,0.4,21752,15.2,37.9,15.6,22.8,7.8,16.0,74.5,11.5,2.1,4.0,2.7,5.2,17.3,77.5,18.0,4.4,0.2,3.6,231501.36665183608
2581,Utah,Carbon County,20512,13.2,83.3,0.7,0.8,0.4,0.2,22536,16.2,27.9,19.4,23.2,15.0,14.5,80.9,11.1,0.5,3.4,0.8,3.3,17.7,73.7,21.5,4.3,0.4,5.4,132100.5249604476
2582,Utah,Davis County,334977,9.2,84.5,1.2,0.3,1.8,0.6,28293,6.2,40.6,14.1,26.6,7.2,11.6,79.6,9.5,2.5,1.4,1.4,5.5,22.5,78.0,18.0,3.9,0.1,3.3,286855.2506339212
2583,Utah,Duchesne County,20259,8.1,85.4,0.1,4.0,0.5,0.4,23323,12.7,30.7,14.9,17.5,20.0,17.0,81.3,7.7,0.6,2.4,1.2,6.7,20.6,75.9,18.9,4.8,0.4,6.2,179121.00926303797
2584,Utah,Garfield County,5020,5.6,89.5,0.0,2.7,0.2,0.5,23228,13.1,26.4,26.8,25.1,15.8,6.0,73.4,11.0,0.0,5.7,2.7,7.3,14.0,69.3,23.3,7.4,0.0,4.6,160065.55185029106
2586,Utah,Iron County,48504,8.5,86.3,0.5,2.5,0.6,0.0,19791,20.9,31.5,19.1,26.2,10.5,12.7,76.5,13.3,0.2,4.6,1.9,3.5,17.4,75.4,20.2,4.4,0.0,6.2,214041.6937001449
2587,Utah,Juab County,10694,4.6,92.4,0.2,0.9,0.1,0.2,20457,12.8,27.9,16.0,23.5,15.1,17.4,74.6,14.0,0.2,4.1,0.3,6.9,22.7,75.7,18.2,6.0,0.0,2.9,230124.2783032913
2588,Utah,Kane County,7246,4.5,91.7,0.1,1.3,0.4,0.2,24836,11.1,30.6,21.9,27.4,11.1,9.1,76.6,8.3,0.0,5.8,3.8,5.4,12.5,71.5,21.3,6.1,1.1,4.0,205664.63749325086
2589,Utah,Millard County,12651,13.0,83.3,0.3,1.0,0.8,0.1,23283,11.6,29.4,16.1,18.4,19.3,16.8,75.1,16.6,0.2,1.9,0.7,5.5,17.5,73.6,17.5,8.7,0.1,2.9,165905.6876147214
2590,Utah,Morgan County,11014,2.6,95.3,0.4,0.0,0.6,0.1,30457,2.4,41.7,13.6,21.3,11.7,11.6,85.1,8.3,0.3,1.2,1.3,3.9,27.7,78.8,16.2,4.7,0.3,3.4,366179.76477461006
2594,Utah,Sanpete County,28892,9.5,86.1,0.9,1.0,0.4,0.5,17426,16.9,34.2,16.3,21.3,15.0,13.1,72.6,13.6,0.4,5.6,0.6,7.2,21.0,75.0,17.0,8.0,0.0,6.8,161847.9308921635
2595,Utah,Sevier County,20961,5.0,92.1,0.4,1.5,0.2,0.2,21196,13.3,27.0,18.8,21.3,16.6,16.2,79.0,11.2,0.5,1.8,1.6,5.8,16.6,70.7,20.7,7.2,1.4,4.8,143716.12617350722
2597,Utah,Tooele County,63357,12.0,83.4,0.5,0.8,0.8,0.5,24069,6.9,32.1,16.2,23.8,11.4,16.5,73.8,17.9,1.3,1.6,0.8,4.6,27.8,77.5,18.6,3.8,0.1,6.5,245948.30538307814
2598,Utah,Uintah County,36343,8.2,81.9,0.5,7.4,0.5,0.1,25001,11.6,28.6,12.9,24.5,17.4,16.7,79.9,12.1,0.8,2.2,1.2,3.8,19.1,77.0,17.9,4.8,0.3,6.7,175874.16343509228
2599,Utah,Utah County,576496,11.4,83.0,0.5,0.4,1.5,0.8,23207,11.8,41.0,15.2,26.5,7.6,9.9,73.2,11.8,2.0,4.1,2.3,6.7,21.4,83.8,11.4,4.6,0.2,4.3,297538.58180827973
2600,Utah,Wasatch County,29306,13.5,83.6,0.1,0.1,1.2,0.0,30086,7.8,36.7,20.9,24.4,10.6,7.4,78.6,12.2,0.0,1.5,0.9,6.7,23.3,78.1,15.1,6.5,0.2,2.4,444799.30399960716
2601,Utah,Washington County,155577,10.1,84.9,0.6,1.0,0.7,0.8,25415,14.2,30.9,20.2,27.6,9.8,11.4,78.0,11.4,0.5,2.0,2.0,6.1,18.1,81.2,13.1,5.5,0.2,5.2,273464.5031036494
2602,Utah,Weber County,244101,17.9,76.7,1.0,0.6,1.1,0.2,25275,12.1,32.9,14.0,25.3,10.4,17.4,80.4,10.4,1.8,1.3,1.5,4.6,22.0,77.3,18.7,3.9,0.1,4.8,223468.2012346896
2603,Vermont,Addison County,36825,2.2,93.0,0.9,0.3,1.9,0.0,31051,7.8,40.8,16.4,18.2,13.1,11.5,72.5,8.6,0.7,7.6,1.2,9.4,23.8,77.9,10.3,11.5,0.3,4.4,278691.8099843646
2604,Vermont,Bennington County,36054,1.8,94.7,0.8,0.1,0.4,0.0,31313,12.8,36.1,18.7,21.6,10.1,13.5,75.6,8.9,0.5,4.9,2.0,8.0,19.3,77.6,10.8,11.4,0.2,4.4,225825.3604568748
2605,Vermont,Caledonia County,30576,1.5,95.1,0.9,0.2,0.6,0.0,25896,12.3,34.8,20.4,20.0,12.6,12.3,76.4,10.7,0.1,3.8,1.2,7.8,26.0,74.2,13.8,10.9,1.1,4.9,173748.11785442926
2606,Vermont,Chittenden County,160985,2.2,89.2,2.5,0.2,3.8,0.0,36384,11.3,47.6,16.0,21.2,6.5,8.6,73.3,8.0,2.6,7.8,2.8,5.4,21.1,80.0,14.3,5.6,0.1,4.1,317288.99763279053
2607,Vermont,Essex County,6203,1.3,95.6,1.0,0.3,0.5,0.0,23022,15.5,27.8,24.6,17.5,13.5,16.5,79.4,10.3,0.1,3.0,0.9,6.2,26.0,71.0,19.1,9.6,0.2,5.1,138420.9524130792
2608,Vermont,Franklin County,48816,1.4,94.2,0.6,0.5,0.3,0.0,30624,8.0,36.2,16.1,21.9,11.7,14.2,81.2,9.3,0.5,3.2,0.8,4.9,25.3,74.8,17.5,7.6,0.1,4.4,218742.07975748184
2609,Vermont,Grand Isle County,6950,1.8,93.2,0.2,0.7,0.5,0.0,38635,7.5,37.5,15.4,24.7,10.6,11.7,75.8,12.4,0.2,1.5,0.7,9.3,33.4,77.3,13.6,8.9,0.2,4.9,282075.1495080834
2610,Vermont,Lamoille County,25191,1.6,94.9,0.8,0.8,0.6,0.0,31390,14.0,37.6,21.1,20.6,11.5,9.2,78.0,9.5,0.5,4.1,1.1,6.9,25.4,77.1,12.1,10.5,0.3,3.8,285680.36968394177
2611,Vermont,Orange County,28901,1.3,95.7,0.7,0.4,0.3,0.1,29651,11.5,38.4,15.7,20.9,14.1,10.9,76.3,9.8,0.5,3.8,1.3,8.3,27.0,71.9,14.6,13.3,0.2,4.3,215857.09931173068
2612,Vermont,Orleans County,26951,1.4,95.5,0.4,0.5,0.3,0.0,25392,14.2,33.5,17.3,21.8,14.1,13.3,78.0,9.7,0.1,3.0,1.3,7.9,24.2,70.9,16.1,12.0,1.0,4.4,176029.64857288063
2613,Vermont,Rutland County,59676,1.4,95.5,0.7,0.3,1.1,0.0,28443,11.4,34.2,19.5,23.1,10.8,12.5,79.9,7.9,1.0,5.1,0.9,5.2,21.1,77.6,13.8,8.4,0.2,4.7,186729.03763491265
2614,Vermont,Washington County,58691,1.9,94.4,0.8,0.3,0.6,0.0,32137,11.8,44.7,15.6,22.2,9.3,8.2,74.8,9.3,1.1,6.1,1.4,7.2,22.9,73.6,17.4,8.9,0.1,3.9,237045.99396450262
2615,Vermont,Windham County,43332,2.2,93.5,0.8,0.1,1.0,0.1,29819,14.1,40.2,19.3,19.7,11.4,9.3,72.0,7.4,1.2,5.4,1.9,12.1,21.3,74.7,12.9,12.2,0.2,5.6,235454.68988526962
2616,Vermont,Windsor County,55485,1.5,95.0,0.7,0.2,0.8,0.1,34264,10.2,39.1,18.3,21.7,9.7,11.2,78.8,10.3,0.6,4.2,0.8,5.3,22.8,78.8,12.8,8.1,0.3,4.5,244139.4645221323
2617,Virginia,Accomack County,32840,8.8,60.3,28.3,0.3,0.7,0.0,24266,19.8,31.1,17.7,18.8,15.1,17.3,80.0,10.6,0.5,2.6,1.8,4.5,22.0,74.6,18.1,7.1,0.2,5.4,150385.43945492597
2619,Virginia,Alleghany County,15489,1.4,91.9,5.5,0.0,0.1,0.1,25952,19.3,28.3,16.4,22.4,13.2,19.7,86.6,7.7,0.5,0.7,1.7,2.7,24.6,81.6,12.2,6.0,0.2,4.4,103190.64799630392
2620,Virginia,Amelia County,12802,1.1,72.4,23.7,0.3,0.1,0.0,26118,13.0,25.8,18.6,27.4,17.2,11.1,86.7,6.0,1.1,1.6,1.8,2.7,38.0,76.1,15.8,6.7,1.3,3.3,167140.17442463056
2621,Virginia,Amherst County,31819,2.3,75.5,17.6,0.2,0.6,0.0,24296,13.4,27.9,20.3,24.7,9.8,17.4,82.6,10.6,0.6,1.3,2.3,2.6,24.1,78.6,16.2,5.0,0.1,5.6,151723.11679964326
2622,Virginia,Appomattox County,15462,1.3,76.7,20.1,0.1,0.2,0.0,26347,14.4,33.2,16.8,23.3,12.9,13.9,80.1,10.1,0.5,1.8,2.4,5.1,31.9,79.1,18.0,2.8,0.1,3.5,158269.8220217908
2624,Virginia,Augusta County,74390,2.5,91.4,4.0,0.2,0.6,0.1,30088,8.8,32.8,16.7,22.9,9.3,18.3,85.7,7.1,0.4,1.0,0.9,5.0,23.7,76.8,16.9,6.0,0.2,4.1,225045.41895336317
2626,Virginia,Bedford County,77319,2.0,88.2,7.0,0.1,1.3,0.0,30633,8.9,34.9,16.5,24.1,9.9,14.7,83.8,9.2,0.2,1.0,1.4,4.3,26.9,81.7,13.2,5.0,0.1,4.4,202317.3387533773
2627,Virginia,Bland County,6524,0.5,94.3,4.8,0.0,0.0,0.0,23505,8.3,23.7,21.4,29.8,5.4,19.8,88.9,5.2,0.6,0.8,1.8,2.8,32.8,76.6,18.8,4.6,0.0,6.7,112046.26155807667
2628,Virginia,Botetourt County,33149,1.6,93.0,3.0,0.3,0.9,0.0,34733,7.7,38.4,14.2,22.4,10.5,14.5,89.0,6.0,0.0,0.9,0.4,3.8,28.3,80.4,13.9,5.6,0.0,3.8,188818.7317514059
2630,Virginia,Buchanan County,22611,0.3,95.4,2.8,0.5,0.5,0.0,19241,26.5,25.9,16.0,23.1,20.7,14.2,87.1,7.5,0.6,1.8,2.1,0.9,27.7,78.3,17.6,4.1,0.0,8.6,61297.44390782653
2631,Virginia,Buckingham County,17048,2.4,61.1,34.3,0.3,0.3,0.1,19702,16.6,27.8,22.8,20.0,16.6,12.7,81.1,11.6,1.0,1.5,1.2,3.6,35.5,74.0,19.0,6.6,0.4,8.4,142765.6330711504
2632,Virginia,Campbell County,55158,2.1,80.3,14.0,0.2,0.9,0.0,26417,11.7,32.6,16.5,23.8,10.8,16.3,85.9,8.0,0.0,0.7,1.2,4.2,25.3,83.3,10.9,5.7,0.1,3.4,149008.40729969408
2633,Virginia,Caroline County,29889,4.3,63.6,28.1,0.4,0.9,0.0,28039,11.9,28.8,18.1,26.4,12.0,14.7,79.5,11.8,0.3,4.1,1.5,2.9,35.6,74.1,21.2,4.6,0.1,6.3,188141.65230226595
2634,Virginia,Carroll County,29767,3.1,95.0,0.2,0.1,0.1,0.0,23690,14.6,27.1,16.8,23.3,14.1,18.8,83.9,10.9,0.0,1.0,0.1,4.1,25.8,74.9,16.1,9.0,0.0,3.8,114291.18233984419
2635,Virginia,Charles City County,7022,1.8,41.5,45.9,6.5,0.9,0.0,32689,13.2,23.0,19.7,23.7,12.8,20.8,82.0,9.9,0.7,2.9,1.4,3.2,32.7,79.6,16.6,3.9,0.0,6.2,165666.38122641947
2636,Virginia,Charlotte County,12176,2.1,67.5,29.6,0.1,0.1,0.0,19830,22.7,27.1,26.6,19.9,12.9,13.5,75.3,11.9,0.1,2.7,3.2,6.8,31.4,69.9,21.7,8.2,0.2,6.8,110157.72294609506
2637,Virginia,Chesterfield County,335594,8.2,62.8,22.4,0.2,3.4,0.0,35370,7.2,42.1,14.8,25.6,7.9,9.7,85.0,7.8,0.5,0.7,1.2,4.8,26.4,77.3,18.1,4.5,0.1,5.6,232144.81483805922
2638,Virginia,Clarke County,14331,4.8,86.9,4.9,0.4,1.0,0.0,38658,10.4,41.0,18.1,19.3,12.9,8.8,79.4,8.4,0.1,3.9,0.8,7.4,35.6,71.8,18.5,9.6,0.2,3.3,354816.5772680994
2639,Virginia,Craig County,5131,0.0,99.4,0.1,0.0,0.0,0.0,26753,9.3,25.5,18.8,22.2,11.2,22.3,79.7,14.4,0.0,0.1,2.0,3.8,37.6,71.5,26.4,2.2,0.0,4.1,143103.38512615618
2640,Virginia,Culpeper County,49795,9.7,71.1,13.6,0.3,1.4,0.0,29979,8.9,36.1,18.0,21.9,12.9,11.1,80.9,10.6,1.1,1.6,1.3,4.5,39.7,76.1,17.1,6.6,0.1,5.9,272668.7070171324
2642,Virginia,Dickenson County,15181,0.8,97.8,0.8,0.0,0.0,0.0,21082,23.0,26.5,25.3,20.7,14.7,12.9,87.5,8.2,0.2,1.8,0.8,1.6,29.6,66.7,27.8,5.5,0.0,5.6,65993.84138083347
2643,Virginia,Dinwiddie County,28033,3.2,62.1,31.8,0.0,0.4,0.0,25981,14.8,27.0,20.9,24.0,11.8,16.4,86.3,7.4,0.3,1.8,1.9,2.3,29.2,74.4,21.2,4.4,0.0,8.3,133880.37241431058
2644,Virginia,Essex County,11083,3.4,54.9,37.8,1.0,0.2,0.0,25730,12.3,26.9,15.5,30.2,13.0,14.5,85.2,5.7,0.2,3.2,2.0,3.7,35.0,75.7,18.9,5.0,0.3,5.6,167782.12713612092
2646,Virginia,Fauquier County,68406,7.5,80.9,7.5,0.3,1.4,0.0,43067,6.2,42.8,16.6,20.8,12.4,7.4,79.9,8.9,1.2,1.5,1.2,7.3,39.8,73.4,19.6,6.8,0.2,4.0,391383.4450761464
2647,Virginia,Floyd County,15594,2.8,93.7,2.5,0.2,0.0,0.0,25446,12.0,30.7,15.6,19.1,15.8,18.9,77.2,12.7,0.6,1.5,1.5,6.5,31.6,76.3,14.6,8.6,0.5,5.5,147994.25114292742
2648,Virginia,Fluvanna County,26109,3.3,78.7,13.5,0.1,0.7,0.0,31952,6.1,45.0,14.3,22.6,10.2,7.8,76.9,15.4,0.2,0.7,0.6,6.2,33.4,72.4,21.3,6.1,0.2,4.8,211046.55207281106
2649,Virginia,Franklin County,56277,2.7,87.1,7.9,0.2,0.4,0.0,27282,14.8,32.8,15.3,24.1,11.5,16.2,79.4,10.1,0.5,2.1,1.5,6.4,30.2,80.6,13.1,6.2,0.1,5.4,196590.69894317896
2650,Virginia,Frederick County,83784,7.8,84.5,4.0,0.3,1.4,0.1,32554,5.6,37.3,13.3,24.2,11.5,13.7,83.0,10.5,0.2,0.9,0.8,4.6,31.1,78.1,16.5,5.3,0.0,4.1,255124.97397795168
2651,Virginia,Giles County,16867,1.6,95.1,2.4,0.2,0.2,0.1,25004,11.3,25.2,20.4,20.8,12.3,21.4,83.4,12.2,0.1,1.0,1.5,1.8,24.9,75.6,21.1,3.2,0.1,4.8,108474.86041168588
2652,Virginia,Gloucester County,37035,3.3,85.1,8.2,0.2,0.5,0.0,32271,8.7,30.4,18.0,22.7,14.7,14.2,83.8,9.4,0.4,0.4,2.2,3.8,32.9,75.1,19.3,5.4,0.2,3.3,226321.33157958358
2654,Virginia,Grayson County,15708,3.1,90.8,3.8,0.3,0.2,0.0,20525,20.2,23.1,19.2,22.3,11.3,24.2,83.0,9.5,0.9,3.0,0.7,2.8,27.8,78.2,16.3,5.2,0.3,7.4,110083.90918082302
2655,Virginia,Greene County,19213,5.7,83.3,5.9,0.2,1.3,0.0,30215,9.4,38.7,18.5,23.7,11.8,7.2,80.2,11.9,0.8,0.4,1.9,4.8,31.2,73.0,18.9,7.9,0.1,6.3,224391.1378402736
2658,Virginia,Hanover County,103218,2.8,84.4,9.0,0.1,1.5,0.0,37924,5.8,45.4,13.8,24.9,8.9,7.1,83.8,5.5,0.3,1.6,1.9,6.9,26.1,78.9,16.5,4.4,0.1,3.4,271906.04159486754
2659,Virginia,Henrico County,324073,5.4,54.2,29.3,0.2,8.0,0.0,36497,10.4,44.4,15.4,26.1,5.8,8.3,82.9,9.2,1.1,0.9,0.7,5.2,22.3,80.2,15.7,4.0,0.1,5.8,226698.24285449195
2660,Virginia,Henry County,51956,5.2,70.3,21.7,0.1,0.7,0.0,21473,19.2,26.6,17.2,25.8,9.6,20.8,87.3,8.6,0.6,0.3,0.9,2.3,23.6,79.8,16.0,3.9,0.3,8.7,89036.37342051014
2662,Virginia,Isle of Wight County,36090,2.8,70.8,22.3,0.3,0.8,0.1,33172,10.3,36.9,14.9,22.8,13.5,11.9,88.7,6.9,0.2,0.5,0.5,3.2,29.2,76.8,19.4,3.7,0.0,7.0,257243.26898806458
2663,Virginia,James City County,73028,5.4,75.9,12.9,0.1,2.5,0.0,42047,7.5,44.9,18.3,23.2,6.5,7.1,82.1,8.4,0.8,1.2,1.2,6.3,25.0,75.0,20.3,4.7,0.1,4.9,309109.4524106412
2664,Virginia,King and Queen County,7052,3.2,66.1,25.8,0.6,0.0,0.0,25831,15.6,27.7,20.5,17.4,18.7,15.6,82.7,7.1,0.2,0.4,3.9,5.7,34.6,74.8,18.9,6.3,0.0,4.4,163040.63291846207
2666,Virginia,King William County,16329,0.8,76.2,18.2,0.8,1.1,0.0,31192,10.9,34.9,11.1,22.9,16.8,14.2,87.9,5.5,0.4,0.6,1.7,3.8,37.4,78.7,16.9,4.2,0.1,3.7,191764.23146120983
2667,Virginia,Lancaster County,10848,1.7,68.2,28.0,0.0,0.8,0.0,33997,11.0,30.5,28.3,21.9,9.6,9.6,81.3,9.4,0.4,1.0,1.9,6.0,26.7,73.0,17.3,9.4,0.4,4.4,240510.36951925606
2668,Virginia,Lee County,24428,2.0,92.8,4.4,0.3,0.1,0.0,18514,26.2,29.6,20.1,21.2,13.4,15.8,86.6,8.6,0.2,1.7,0.8,2.1,29.8,71.8,22.2,5.4,0.6,11.4,80269.10378890541
2670,Virginia,Louisa County,34813,2.6,77.4,15.1,0.4,0.6,0.0,30237,11.8,35.0,16.5,23.9,11.9,12.7,80.4,11.4,0.6,0.9,1.1,5.6,36.3,73.2,18.1,7.9,0.8,7.7,223291.03517083367
2672,Virginia,Madison County,13108,2.4,85.0,6.7,0.0,1.2,0.0,29705,9.8,32.2,17.3,24.9,13.2,12.3,79.1,11.0,0.3,2.2,2.3,5.1,30.5,70.7,18.3,11.0,0.0,5.6,227318.7397589595
2673,Virginia,Mathews County,8830,0.7,85.8,10.5,0.0,0.3,0.0,35252,10.6,29.9,14.2,27.3,12.0,16.6,77.0,12.9,0.3,0.7,3.7,5.4,32.5,73.6,16.4,9.6,0.4,1.4,234627.5078309497
2674,Virginia,Mecklenburg County,30959,2.7,60.2,35.7,0.3,0.1,0.0,22970,16.9,32.2,20.3,22.1,9.2,16.2,80.1,11.1,0.2,1.6,2.9,4.1,24.7,74.7,19.8,5.4,0.0,5.0,109246.60173735674
2675,Virginia,Middlesex County,10710,0.5,77.7,18.5,0.4,0.0,0.1,29871,10.2,28.6,22.6,22.9,14.1,11.8,81.3,5.2,0.3,1.7,2.2,9.4,31.0,75.5,14.6,9.9,0.0,6.3,236722.71035782652
2676,Virginia,Montgomery County,97692,3.1,83.9,4.3,0.3,6.5,0.0,28277,23.8,47.2,19.9,19.6,4.8,8.5,75.2,8.5,4.9,4.8,2.4,4.1,18.7,64.6,31.3,3.9,0.1,4.3,194509.39126662325
2677,Virginia,Nelson County,14863,3.9,81.6,12.6,0.2,0.4,0.0,33597,14.9,35.1,18.9,20.8,13.3,11.9,77.5,11.3,0.2,1.3,2.7,7.0,31.2,68.1,18.1,13.6,0.2,3.7,197918.42862913417
2678,Virginia,New Kent County,20523,2.9,79.5,11.4,0.9,1.0,0.0,36768,5.1,35.4,14.2,29.0,14.4,7.0,84.0,8.6,0.1,0.8,0.9,5.5,33.4,75.0,19.0,6.0,0.1,5.1,263978.0004053264
2679,Virginia,Northampton County,11998,8.4,54.1,34.9,0.2,0.9,0.1,24835,20.3,32.0,18.6,25.1,14.0,10.4,75.3,13.1,1.1,3.1,0.9,6.5,20.3,74.9,16.3,8.6,0.2,4.4,143777.60326647412
2680,Virginia,Northumberland County,12254,0.5,69.9,28.5,0.3,0.1,0.0,33364,13.5,34.9,23.3,21.9,10.1,9.9,85.9,5.9,0.4,0.9,2.1,4.8,27.5,73.4,18.3,8.3,0.0,7.8,230031.97433351935
2681,Virginia,Nottoway County,15537,4.1,54.6,39.5,0.1,0.3,0.3,19452,21.5,25.6,20.0,23.7,18.9,11.8,85.7,7.8,0.2,1.1,2.0,3.1,25.4,73.7,22.3,3.6,0.5,5.8,118054.39022161292
2682,Virginia,Orange County,35265,4.6,78.9,12.3,0.2,0.9,0.0,30660,8.9,33.7,18.8,22.7,13.6,11.2,79.4,12.6,1.4,1.3,0.6,4.8,39.3,76.2,18.7,5.0,0.0,6.5,211638.33437366853
2683,Virginia,Page County,23694,1.9,94.5,1.5,0.1,0.6,0.0,24057,17.0,24.7,20.5,26.0,12.5,16.3,77.5,15.3,0.2,2.4,0.3,4.3,33.8,77.2,15.3,7.4,0.1,7.8,149008.89418446217
2684,Virginia,Patrick County,17958,2.8,89.9,5.5,0.3,0.3,0.0,21785,20.2,24.2,16.4,18.3,16.6,24.4,88.1,8.2,0.0,1.1,0.6,2.0,28.0,76.5,14.5,8.7,0.4,6.6,127539.14096205006
2685,Virginia,Pittsylvania County,61970,2.5,74.2,21.1,0.1,0.4,0.0,23597,14.7,24.9,18.2,22.1,12.0,22.7,84.6,9.0,0.2,1.0,1.6,3.7,25.1,80.8,13.7,5.4,0.1,6.7,110503.59149544273
2686,Virginia,Powhatan County,28364,2.0,84.6,11.1,0.3,0.3,0.1,33807,5.5,41.3,14.6,21.7,14.2,8.2,83.9,5.8,0.0,0.9,1.6,7.9,31.8,76.8,17.8,5.3,0.1,4.0,296241.30004593363
2688,Virginia,Prince George County,37704,7.6,55.6,31.2,0.5,2.1,0.1,27970,12.3,35.7,16.7,24.8,9.3,13.4,83.4,8.7,0.4,1.5,2.9,3.1,25.7,65.2,28.7,6.1,0.0,8.5,192031.71431198437
2689,Virginia,Prince William County,450763,22.4,44.6,20.2,0.2,8.0,0.1,38225,7.0,43.4,17.7,22.4,9.1,7.4,75.3,12.3,5.3,1.2,1.7,4.2,39.1,73.1,22.7,4.1,0.1,5.0,362669.07364302484
2690,Virginia,Pulaski County,34330,1.6,90.9,4.7,0.0,0.7,0.0,26328,13.9,31.2,17.0,23.0,8.8,20.1,85.9,8.1,0.4,1.5,1.5,2.6,22.8,74.0,20.6,5.4,0.0,6.9,138313.1353280378
2691,Virginia,Rappahannock County,7359,3.5,89.2,3.8,0.2,1.2,0.0,38185,8.9,39.6,18.0,24.5,12.4,5.5,73.4,13.5,0.8,3.6,0.9,7.9,37.9,67.4,18.8,13.7,0.2,2.9,354482.14808372903
2692,Virginia,Richmond County,8873,6.6,60.9,25.7,0.3,2.0,0.0,19728,17.4,32.1,16.0,21.9,14.0,16.0,75.1,8.7,0.9,1.0,3.2,11.1,24.7,70.1,21.0,8.7,0.2,6.4,147455.28753868767
2693,Virginia,Roanoke County,93419,2.8,86.5,5.8,0.1,2.9,0.0,33717,8.0,41.8,15.2,25.5,6.4,11.1,86.6,7.1,0.5,0.9,0.6,4.3,22.4,79.4,15.6,4.8,0.2,4.8,180830.92743381145
2694,Virginia,Rockbridge County,22440,1.6,92.9,3.0,0.3,0.6,0.1,31534,15.6,34.3,16.8,21.3,11.0,16.5,82.2,7.4,0.4,1.0,1.5,7.5,23.5,72.5,14.6,12.8,0.1,5.0,194636.93704677702
2695,Virginia,Rockingham County,78653,6.5,89.5,2.0,0.2,0.7,0.1,28884,10.2,32.3,15.3,24.6,12.1,15.7,81.5,8.4,0.1,3.1,1.8,5.0,21.7,76.0,15.8,7.7,0.5,4.6,208682.5685205825
2696,Virginia,Russell County,27725,1.3,96.8,0.9,0.0,0.1,0.0,21673,17.6,31.8,14.6,23.9,14.5,15.3,87.5,6.9,0.0,1.4,0.7,3.5,28.1,73.4,20.9,5.5,0.3,6.8,87687.78210907288
2697,Virginia,Scott County,22290,1.3,96.9,0.8,0.2,0.3,0.0,20969,17.7,23.7,17.7,24.6,14.9,19.1,86.9,9.7,0.1,0.7,0.6,2.1,28.2,80.4,13.5,6.1,0.0,6.2,90310.77140994085
2698,Virginia,Shenandoah County,42854,6.9,88.4,1.7,0.1,0.8,0.0,27016,10.3,30.0,17.7,22.2,13.8,16.3,81.4,11.5,0.3,1.7,0.6,4.4,31.0,75.8,16.7,7.2,0.4,5.2,188222.36995742723
2699,Virginia,Smyth County,31298,2.0,94.3,2.3,0.0,0.5,0.1,22319,17.4,27.3,21.3,20.1,8.9,22.4,85.8,8.5,0.4,1.5,0.8,3.0,22.0,74.9,18.7,6.2,0.3,6.3,93235.34915819393
2700,Virginia,Southampton County,18089,1.5,60.7,33.1,0.4,0.1,0.0,25784,11.7,29.4,20.4,21.6,15.1,13.5,85.3,7.9,0.0,0.7,2.5,3.6,31.0,68.7,25.6,5.3,0.4,4.3,149689.59308286957
2701,Virginia,Spotsylvania County,130159,9.0,69.5,15.4,0.3,2.6,0.1,33859,8.0,39.2,17.4,24.4,10.2,8.7,78.4,12.9,2.5,0.6,1.2,4.4,38.2,73.5,22.4,3.9,0.1,5.5,278305.43472898536
2703,Virginia,Surry County,6670,0.8,52.1,45.6,0.0,0.4,0.0,27162,13.6,24.0,15.8,20.8,17.6,21.7,77.8,12.3,2.5,0.8,2.0,4.6,39.3,74.2,20.6,5.0,0.2,7.7,171394.1101184866
2705,Virginia,Tazewell County,42689,0.9,94.0,3.0,0.2,0.5,0.0,24325,15.6,29.5,17.1,24.3,14.9,14.2,84.5,9.9,0.1,1.1,0.7,3.7,23.9,74.4,19.0,6.2,0.4,7.8,90883.07026162658
2707,Virginia,Washington County,54457,1.5,95.4,1.4,0.0,0.6,0.0,25640,14.6,34.1,18.7,24.4,6.8,16.1,83.1,9.1,0.2,1.4,1.2,4.9,24.0,78.6,15.5,5.8,0.2,6.4,138262.0511238691
2709,Virginia,Wise County,39539,1.2,91.7,5.3,0.1,0.5,0.1,21694,19.9,34.2,17.4,22.7,12.3,13.4,84.9,10.4,0.8,2.0,0.1,1.9,22.4,74.9,22.8,2.3,0.0,9.6,78293.22519238766
2710,Virginia,Wythe County,29048,1.1,94.0,3.2,0.1,0.7,0.0,24879,15.2,28.8,20.9,22.8,8.3,19.2,83.3,10.6,0.4,1.5,0.8,3.4,23.4,75.2,18.9,5.8,0.2,6.2,117032.93550920801
2711,Virginia,York County,67196,6.0,72.0,12.7,0.2,5.3,0.2,38193,5.2,49.7,14.6,22.0,7.6,6.1,86.2,6.0,0.3,2.1,1.2,4.2,21.9,67.4,27.9,4.5,0.2,6.4,303441.1834342721
2713,Washington,Asotin County,22259,3.6,91.2,0.4,0.9,0.9,0.1,26878,13.5,30.0,19.5,27.3,11.1,12.1,81.1,9.0,0.3,2.6,2.8,4.1,15.4,78.6,16.1,5.2,0.1,6.7,214872.49707208012
2714,Washington,Benton County,190529,20.8,71.6,1.4,0.6,2.5,0.1,30511,13.4,39.4,16.3,21.2,11.3,11.8,81.2,10.7,1.0,1.7,1.1,4.2,21.8,78.4,17.3,4.3,0.1,6.0,245978.44656702786
2715,Washington,Chelan County,75138,27.5,68.3,0.4,0.9,0.9,0.1,27605,12.8,30.4,19.6,21.4,15.4,13.2,76.9,8.6,1.2,3.7,2.7,6.8,18.6,76.2,16.2,7.4,0.2,5.8,293932.05719813367
2716,Washington,Clallam County,73439,6.0,83.3,1.1,4.4,1.5,0.1,28857,17.1,30.2,23.3,24.2,11.0,11.2,77.9,9.5,1.1,3.5,2.4,5.6,21.2,68.4,22.9,8.6,0.2,8.8,263229.83444405516
2717,Washington,Clark County,457474,9.0,79.4,1.8,0.5,4.4,0.7,32162,10.3,36.3,17.0,23.7,9.6,13.5,79.2,8.8,2.2,1.9,1.3,6.6,26.4,80.5,13.4,5.9,0.2,6.2,323174.5517289038
2719,Washington,Cowlitz County,103590,8.6,84.3,0.7,1.0,1.3,0.2,25878,16.9,27.7,19.4,21.3,12.8,18.8,79.2,12.3,0.2,2.3,1.3,4.8,24.6,79.2,14.1,6.4,0.3,8.4,222858.81542786348
2725,Washington,Grays Harbor County,71454,9.8,79.9,1.0,4.1,1.6,0.3,24081,16.0,28.5,23.6,22.9,11.5,13.5,76.9,12.5,0.9,2.2,1.1,6.4,25.8,69.7,23.1,6.9,0.3,10.1,157682.17312085707
2726,Washington,Island County,80323,7.1,80.1,3.1,1.1,4.5,0.3,33837,9.5,34.6,19.2,22.0,12.1,12.1,73.1,10.6,2.6,4.4,2.3,7.1,27.8,68.4,22.8,8.5,0.3,6.7,357801.4400024332
2727,Washington,Jefferson County,30524,3.5,88.7,0.5,1.9,1.8,0.2,32317,12.8,35.4,21.9,22.2,12.8,7.7,76.3,6.0,1.9,4.6,3.1,8.1,23.5,69.6,18.9,11.4,0.1,7.5,343308.7978198491
2729,Washington,Kitsap County,258903,7.3,77.4,2.5,0.9,4.7,0.7,34412,9.9,38.9,18.8,21.3,10.4,10.5,68.7,8.1,9.3,5.1,2.7,6.1,30.3,65.0,28.0,6.8,0.2,5.7,333638.91940536414
2730,Washington,Kittitas County,43726,8.6,84.4,1.0,0.6,1.9,0.2,26698,19.6,33.0,22.4,21.8,12.0,10.9,72.6,9.2,0.8,9.7,2.6,5.1,21.3,66.7,26.4,6.6,0.3,5.3,274060.26143362495
2731,Washington,Klickitat County,21172,12.1,82.2,0.3,3.2,0.6,0.0,25069,14.9,32.8,17.7,19.9,16.6,12.9,71.4,10.6,0.0,4.2,1.9,12.0,24.1,70.3,19.3,10.2,0.2,5.0,246992.87486338938
2732,Washington,Lewis County,76012,9.8,84.2,0.5,0.6,1.2,0.1,23853,16.0,26.4,19.9,23.8,12.3,17.6,78.2,12.6,0.7,2.5,0.7,5.2,27.1,74.3,18.6,6.8,0.3,8.8,204325.04011276257
2733,Washington,Lincoln County,10344,3.1,91.9,0.6,1.3,0.6,0.3,26918,13.7,37.8,19.0,19.2,16.3,7.6,70.3,8.6,0.2,7.2,2.2,11.5,24.3,63.0,28.0,8.5,0.5,4.2,152601.9905126691
2734,Washington,Mason County,61569,9.2,81.4,1.0,2.5,1.5,0.3,26312,16.2,28.6,19.9,22.1,17.1,12.2,77.7,12.8,2.3,0.9,1.1,5.3,32.1,66.3,24.7,9.0,0.0,8.3,226086.82384388812
2735,Washington,Okanogan County,41377,19.4,65.8,0.4,9.3,0.9,0.2,22755,21.8,29.1,19.3,20.6,18.5,12.5,77.1,8.3,0.7,6.1,1.6,6.3,17.2,64.5,25.0,10.2,0.3,6.7,175449.1790888602
2736,Washington,Pacific County,20940,9.2,82.4,0.3,1.4,1.7,0.3,23050,18.6,27.7,21.2,20.9,13.9,16.3,74.8,12.5,0.7,3.3,2.8,5.8,19.3,72.5,21.3,6.1,0.1,6.4,169346.02858768552
2737,Washington,Pend Oreille County,13066,3.6,88.9,0.2,3.7,0.7,0.2,26128,16.6,33.9,18.0,17.0,17.3,13.8,75.3,12.1,0.0,2.3,3.1,7.2,29.2,64.6,27.0,8.2,0.3,8.0,200111.0681746777
2740,Washington,Skagit County,121725,18.0,75.1,0.7,1.5,1.7,0.2,30069,14.3,31.7,19.3,21.4,13.6,14.0,77.8,10.7,1.0,2.8,1.8,5.8,25.4,76.6,15.6,7.6,0.1,6.4,312073.3007793309
2741,Washington,Skamania County,11498,6.0,88.2,0.9,2.4,1.1,0.0,28644,13.3,34.8,15.8,20.7,13.3,15.5,75.2,9.0,0.3,3.6,2.1,9.9,30.5,72.2,21.7,6.1,0.0,6.2,305150.5490481723
2743,Washington,Spokane County,490764,5.4,85.3,1.6,1.2,2.2,0.5,28325,15.2,35.9,18.9,25.8,7.9,11.6,78.7,9.2,2.5,2.8,1.7,5.2,21.5,78.8,15.4,5.7,0.2,6.3,206242.2810726226
2744,Washington,Stevens County,43858,3.5,86.9,0.5,4.3,0.7,0.0,24707,15.6,29.3,17.6,23.4,15.1,14.7,77.5,10.3,0.8,4.0,1.7,5.6,27.8,72.3,19.8,7.5,0.4,6.7,194044.56292078827
2745,Washington,Thurston County,269885,8.5,75.8,2.8,1.3,5.6,0.8,32410,11.6,41.9,16.2,23.9,8.0,10.1,79.5,9.4,1.8,2.2,2.4,4.8,25.6,63.9,29.9,5.9,0.2,7.7,281465.1594617481
2746,Washington,Wahkiakum County,4105,5.8,88.5,0.2,1.9,1.7,0.0,26964,13.9,30.1,18.1,17.6,15.7,18.4,74.0,8.8,3.3,3.9,2.1,7.9,24.6,56.5,28.3,15.1,0.0,6.3,206885.79678837085
2747,Washington,Walla Walla County,59862,21.1,72.3,1.4,0.5,1.5,0.1,26651,14.4,36.0,20.6,21.2,11.7,10.4,71.6,12.2,0.7,8.0,2.3,5.2,15.6,72.4,20.8,6.6,0.3,6.0,224143.76959093695
2748,Washington,Whatcom County,212738,9.0,79.8,0.9,2.8,4.0,0.3,29186,15.3,35.3,19.8,22.9,9.9,12.1,75.2,9.1,2.5,4.5,2.7,5.9,21.0,75.5,17.4,6.9,0.2,6.8,331979.87072764337
2751,West Virginia,Barbour County,16790,0.9,95.7,0.9,0.4,0.7,0.0,20762,22.5,26.3,21.7,23.7,15.9,12.5,78.3,11.9,0.3,4.5,1.4,3.8,29.2,79.8,16.0,4.1,0.1,8.9,86903.86814513455
2752,West Virginia,Berkeley County,111610,4.0,84.6,7.2,0.1,1.1,0.1,27658,13.0,33.9,17.2,24.3,9.5,15.0,82.6,11.6,0.8,1.0,0.2,3.8,31.2,74.2,21.8,3.7,0.2,8.3,171045.93514376957
2753,West Virginia,Boone County,23236,0.6,97.8,0.8,0.0,0.2,0.0,20992,24.4,24.4,22.3,22.0,18.5,12.8,86.8,7.1,0.0,2.6,1.2,2.3,32.9,79.5,16.8,3.6,0.0,10.6,74182.07818145589
2755,West Virginia,Brooke County,23067,0.9,95.8,1.7,0.0,0.4,0.2,25630,13.0,30.9,22.4,21.2,12.5,13.0,85.8,6.0,0.3,4.7,0.5,2.7,26.1,79.7,15.8,4.5,0.0,3.5,76082.39373720363
2756,West Virginia,Cabell County,96100,1.4,90.1,4.9,0.1,1.3,0.0,24646,23.2,36.5,20.7,26.9,6.1,9.8,82.6,7.4,1.3,3.8,2.0,2.9,20.5,80.5,15.8,3.7,0.1,5.5,103575.67548294384
2757,West Virginia,Calhoun County,7450,1.3,97.3,0.0,0.1,0.0,0.0,19696,17.1,31.6,12.8,20.9,21.2,13.6,83.2,12.1,0.4,2.2,1.2,1.0,33.1,78.5,18.3,2.1,1.1,14.5,63131.48920841975
2758,West Virginia,Doddridge County,8570,0.4,95.7,1.4,0.1,0.3,0.0,21164,14.9,25.4,18.5,23.9,21.5,10.7,77.2,14.6,0.0,1.6,3.9,2.6,31.6,75.1,18.5,6.4,0.0,6.5,84365.65658140977
2759,West Virginia,Fayette County,44602,1.1,92.5,5.1,0.3,0.1,0.0,20758,20.0,28.7,20.5,25.1,14.1,11.6,81.4,9.4,0.2,3.1,4.0,1.9,28.2,74.8,21.5,3.5,0.1,8.4,64335.88376443586
2760,West Virginia,Grant County,11673,1.0,96.8,1.6,0.0,0.0,0.0,21705,12.7,25.5,18.0,17.4,14.6,24.5,82.3,9.9,1.0,2.9,0.1,3.7,27.6,76.7,16.7,6.5,0.1,5.2,114191.15693609368
2761,West Virginia,Greenbrier County,35523,1.7,92.7,2.6,0.0,0.2,0.0,23777,17.8,33.1,21.4,22.0,10.2,13.2,80.3,11.9,0.4,3.2,0.8,3.4,25.2,78.3,15.1,6.5,0.0,6.8,117946.42531419809
2762,West Virginia,Hampshire County,23412,1.3,95.9,1.1,0.5,0.2,0.0,21771,16.9,25.0,16.0,19.2,18.1,21.7,79.6,14.3,0.3,2.8,0.4,2.7,37.0,74.5,16.6,8.1,0.7,5.7,148451.5755752198
2763,West Virginia,Hancock County,29921,1.4,94.1,2.1,0.1,0.5,0.0,25157,13.5,26.6,21.0,22.6,9.3,20.5,86.4,6.5,1.7,2.4,1.5,1.6,23.9,84.2,12.1,3.6,0.1,7.5,82282.78229084869
2764,West Virginia,Hardy County,13812,4.2,90.8,3.3,0.1,1.3,0.0,23446,14.8,20.8,23.4,17.7,10.6,27.5,79.4,12.5,0.4,5.1,0.2,2.5,24.9,75.8,16.2,7.8,0.3,5.1,123333.10549936093
2765,West Virginia,Harrison County,68438,1.6,94.4,1.7,0.0,0.6,0.0,27162,15.0,33.9,18.8,24.2,11.0,12.1,82.7,9.2,0.7,2.8,1.5,3.0,22.3,74.1,20.0,5.7,0.2,6.5,110440.85701088891
2766,West Virginia,Jackson County,29123,0.4,97.1,0.1,0.8,0.3,0.0,23246,14.7,28.7,15.0,27.9,15.6,12.9,83.5,11.1,0.2,1.9,1.1,2.1,29.9,75.3,18.7,5.9,0.1,4.6,121078.54907079654
2767,West Virginia,Jefferson County,55673,5.3,83.8,6.5,0.2,1.5,0.0,33241,9.9,41.0,18.6,21.1,9.9,9.4,79.6,10.1,2.1,2.9,0.6,4.8,37.4,71.1,23.5,5.4,0.0,7.3,229221.71339166313
2768,West Virginia,Kanawha County,187827,1.1,87.8,6.9,0.1,1.0,0.0,28201,16.5,37.4,18.9,27.0,7.7,9.0,81.6,9.5,2.0,3.2,0.9,2.8,20.9,75.3,20.7,3.9,0.1,6.5,99436.94780799987
2769,West Virginia,Lewis County,16371,1.3,96.6,0.2,0.4,0.4,0.0,21513,19.8,24.3,19.2,25.3,16.4,14.8,83.4,8.5,0.0,1.9,3.8,2.5,28.2,76.7,17.2,6.0,0.0,7.5,97208.79480739468
2770,West Virginia,Lincoln County,21241,0.6,98.0,0.5,0.2,0.2,0.0,19321,24.9,22.6,21.9,25.8,15.3,14.5,84.5,9.7,0.0,2.3,1.6,1.9,35.4,77.3,20.5,2.2,0.0,7.3,83463.21818144526
2771,West Virginia,Logan County,34428,0.8,96.0,1.6,0.3,0.4,0.0,21074,22.5,27.4,18.7,24.9,16.4,12.5,82.1,12.2,0.0,4.0,0.2,1.6,25.1,77.9,18.6,3.2,0.3,12.8,66221.73895819012
2772,West Virginia,Marion County,56575,1.2,92.9,3.6,0.1,0.7,0.0,25205,16.1,34.0,19.1,22.0,12.8,12.1,83.6,8.4,0.6,2.8,0.5,4.0,23.8,79.3,16.5,4.1,0.1,5.5,110948.7218531245
2773,West Virginia,Marshall County,32006,1.0,96.8,1.0,0.4,0.2,0.1,24043,15.2,28.2,21.3,21.7,14.3,14.4,88.5,6.5,0.3,1.6,0.8,2.2,25.0,80.9,15.1,4.1,0.0,5.9,93090.08862934425
2774,West Virginia,Mason County,27000,0.6,96.8,0.3,0.1,0.1,0.0,21094,19.3,23.5,21.6,19.3,12.5,23.2,85.8,10.4,0.2,1.4,0.4,1.7,32.2,81.9,15.2,2.7,0.1,7.7,91312.31577166925
2775,West Virginia,Mercer County,60963,1.1,90.4,6.1,0.3,0.6,0.0,21698,21.4,30.8,20.5,26.9,9.9,11.9,84.5,10.2,0.3,1.9,1.0,2.2,21.6,76.3,18.3,5.3,0.1,6.2,78265.92380089239
2776,West Virginia,Mineral County,27421,0.9,94.2,3.3,0.0,0.4,0.0,21888,14.8,27.5,18.1,20.7,12.2,21.5,82.3,12.5,0.7,2.2,0.7,1.6,28.5,78.1,18.8,3.1,0.0,6.9,122625.86152642505
2778,West Virginia,Monongalia County,103715,2.1,88.3,3.7,0.1,3.3,0.0,29285,21.3,45.1,17.6,21.5,8.4,7.4,76.0,8.9,2.6,6.2,1.3,5.1,20.9,74.6,21.5,3.8,0.0,6.1,198986.54758383645
2779,West Virginia,Monroe County,13517,1.3,96.3,0.6,0.5,0.0,0.0,22830,17.2,28.4,15.0,24.3,14.1,18.3,83.3,10.0,0.0,3.4,0.5,2.8,30.1,78.5,13.4,8.0,0.0,9.0,106997.70716417306
2780,West Virginia,Morgan County,17510,1.4,95.7,0.7,0.2,0.4,0.0,24026,11.1,28.5,19.0,19.9,16.4,16.1,77.0,15.4,0.0,2.9,2.0,2.7,33.0,78.2,15.0,6.8,0.0,11.1,152093.95403108853
2781,West Virginia,Nicholas County,25496,0.6,97.3,0.5,0.4,0.3,0.0,22101,18.6,22.6,21.4,25.9,16.3,13.8,87.9,6.9,0.4,0.8,2.1,2.0,28.0,79.1,17.1,3.4,0.4,7.3,83802.61506279973
2782,West Virginia,Ohio County,42906,1.0,92.3,4.0,0.2,0.7,0.0,29769,13.7,34.9,22.5,22.8,8.6,11.3,79.9,8.3,1.4,6.7,0.5,3.2,19.7,80.9,14.5,4.4,0.2,5.1,106321.95723836678
2783,West Virginia,Pendleton County,7138,1.1,94.7,3.3,0.0,0.1,0.0,23697,18.7,25.2,18.0,16.0,20.3,20.4,69.9,18.2,0.3,2.3,0.9,8.5,32.1,66.1,23.2,9.8,0.8,5.0,112871.84557226305
2784,West Virginia,Pleasants County,7527,0.7,98.1,0.1,0.0,0.0,0.0,24605,16.6,27.7,18.5,16.3,18.0,19.5,89.1,7.6,0.0,0.9,0.2,2.3,27.2,75.3,19.4,5.3,0.0,7.4,107978.11637220632
2785,West Virginia,Pocahontas County,8574,1.6,95.6,0.9,0.0,0.0,0.0,23219,17.6,31.8,21.1,17.4,17.8,12.0,78.1,11.8,0.7,2.9,0.0,6.5,27.3,65.2,26.4,8.2,0.1,6.3,99460.84773350177
2786,West Virginia,Preston County,33760,2.1,91.9,4.4,0.5,0.1,0.1,22540,15.2,26.6,18.6,21.7,17.6,15.6,80.5,12.0,0.5,2.4,0.3,4.3,30.2,77.6,17.2,5.0,0.1,8.4,114975.56148413073
2787,West Virginia,Putnam County,56644,1.1,95.5,1.2,0.1,0.6,0.0,30690,9.3,39.5,13.3,26.0,8.7,12.5,86.5,8.2,0.1,1.0,0.7,3.6,24.7,80.2,16.7,3.0,0.1,3.5,158964.25356563562
2788,West Virginia,Raleigh County,77097,1.6,87.0,7.8,0.4,1.0,0.1,23435,17.6,29.9,22.6,25.8,12.4,9.3,82.5,9.8,0.2,2.7,1.3,3.6,24.2,76.2,19.9,3.9,0.0,7.6,89975.60379983629
2789,West Virginia,Randolph County,29152,0.9,96.1,1.9,0.3,0.5,0.0,23642,18.3,29.6,23.9,21.0,12.0,13.5,79.5,12.6,0.0,3.4,0.7,3.8,21.4,76.5,18.6,4.8,0.0,7.3,108057.46995209565
2790,West Virginia,Ritchie County,10005,0.3,98.6,0.0,0.0,0.0,0.0,21533,18.5,20.2,21.0,21.6,15.0,22.2,85.9,8.6,0.2,2.1,1.0,2.2,25.6,77.3,18.9,3.9,0.0,8.5,78778.18023160644
2791,West Virginia,Roane County,14348,1.0,97.0,0.0,0.2,0.1,0.0,20723,19.3,31.5,17.3,20.6,16.1,14.5,80.2,12.4,0.0,1.9,1.7,3.8,31.9,74.9,17.2,7.7,0.2,9.2,92083.32108540821
2792,West Virginia,Summers County,13210,1.2,91.8,4.9,0.3,0.0,0.0,20142,19.0,30.7,19.6,21.7,12.8,15.2,84.1,9.5,0.0,2.9,0.3,3.3,29.7,67.5,24.7,7.7,0.1,11.1,79526.36209180481
2793,West Virginia,Taylor County,16977,0.4,96.1,1.3,0.0,1.2,0.0,23683,15.7,33.4,17.3,21.6,11.6,16.1,88.5,6.1,0.0,0.4,2.5,2.5,30.2,77.9,18.1,4.0,0.0,8.9,121112.58576614055
2794,West Virginia,Tucker County,7035,0.7,97.6,0.2,0.0,0.5,0.0,22385,15.3,30.5,24.0,15.5,14.8,15.2,80.0,12.8,0.1,2.6,0.2,4.3,28.9,64.9,29.7,5.4,0.0,7.4,114017.81012863245
2795,West Virginia,Tyler County,8949,0.3,98.0,0.2,0.2,0.6,0.0,24599,16.4,26.7,18.6,23.7,14.0,16.9,85.8,6.8,0.0,4.5,0.6,2.3,28.0,77.1,17.5,5.4,0.0,8.2,67288.93299979532
2796,West Virginia,Upshur County,24604,1.2,96.3,1.3,0.2,0.2,0.1,21279,21.2,32.5,19.2,20.8,12.6,14.9,80.7,8.9,0.1,4.1,2.3,3.9,26.1,78.6,16.0,5.3,0.1,8.1,107305.9201078852
2797,West Virginia,Wayne County,41063,0.6,97.5,0.3,0.1,0.2,0.0,20582,20.8,28.9,23.4,22.7,8.3,16.7,85.4,7.9,0.5,1.3,1.6,3.3,26.7,76.6,17.9,5.5,0.0,8.8,92212.90893158554
2798,West Virginia,Wetzel County,15793,0.5,97.5,0.6,0.0,0.2,0.0,22088,23.2,21.0,21.7,19.2,17.5,20.6,86.8,5.5,0.1,3.8,1.2,2.6,26.9,80.3,17.1,2.4,0.3,6.7,79684.91914433648
2799,West Virginia,Wood County,86016,1.1,95.3,1.2,0.1,0.5,0.0,26717,16.9,34.0,18.3,26.0,9.3,12.5,82.9,10.5,0.7,2.1,1.1,2.6,20.3,80.1,15.7,4.1,0.1,6.0,106566.22133527136
2800,Wisconsin,Adams County,20111,3.8,90.7,2.7,0.6,0.5,0.0,24874,13.0,23.6,22.7,21.8,12.5,19.4,78.5,12.2,0.1,1.5,1.7,6.0,28.3,80.7,11.9,7.3,0.2,8.1,114908.44036988345
2801,Wisconsin,Ashland County,15779,2.6,82.7,0.4,10.6,0.4,0.0,22983,14.6,31.2,23.5,20.4,10.0,14.9,74.2,10.5,1.2,8.4,1.3,4.4,16.5,76.3,17.1,6.6,0.0,7.2,117848.88849825838
2802,Wisconsin,Barron County,45358,2.4,93.8,1.2,0.8,0.7,0.0,26935,11.5,28.9,16.2,19.2,12.1,23.5,80.2,7.5,0.2,4.1,1.5,6.3,19.6,80.0,11.1,8.6,0.3,3.6,148815.95719009996
2803,Wisconsin,Bayfield County,15004,1.7,85.0,0.6,10.0,0.5,0.0,28272,11.0,36.0,20.4,18.5,13.9,11.3,75.8,10.3,2.2,4.0,1.1,6.5,23.8,67.5,21.5,10.6,0.5,5.5,169406.01653623374
2804,Wisconsin,Brown County,258004,8.3,81.6,2.2,2.2,3.1,0.0,29874,11.3,34.3,16.1,24.9,8.3,16.4,83.4,7.8,0.7,2.3,1.7,4.0,19.1,85.5,10.1,4.3,0.1,4.4,180147.4073724576
2805,Wisconsin,Buffalo County,13243,2.2,95.9,0.5,0.3,0.0,0.0,28286,10.7,30.5,14.8,19.7,14.3,20.7,78.2,10.6,0.2,3.1,1.5,6.4,25.1,79.5,9.9,10.2,0.3,3.5,146037.2208312526
2806,Wisconsin,Burnett County,15239,1.7,90.6,0.5,4.1,0.3,0.0,26308,14.6,29.1,20.4,19.9,13.6,16.9,78.4,10.7,0.2,2.9,0.9,7.0,27.0,75.1,15.5,9.0,0.4,5.1,153807.1592964041
2807,Wisconsin,Calumet County,49737,4.1,91.4,0.8,0.6,2.2,0.0,32713,5.9,34.9,12.4,23.9,8.5,20.2,86.7,6.8,0.2,1.1,1.0,4.2,20.2,86.2,9.4,4.2,0.2,2.0,211342.5964549644
2808,Wisconsin,Chippewa County,63445,1.7,93.9,1.3,0.2,1.3,0.0,27020,10.7,30.0,16.7,20.5,11.0,21.8,82.0,8.4,0.1,2.3,1.2,6.0,21.9,81.8,10.4,7.4,0.3,3.7,168139.67152083895
2809,Wisconsin,Clark County,34513,4.4,93.5,0.4,0.2,0.4,0.0,23437,13.2,27.9,14.5,17.3,15.1,25.2,73.1,8.2,0.0,4.4,2.9,11.5,21.1,76.4,8.4,14.4,0.8,3.3,118260.7831186328
2810,Wisconsin,Columbia County,56790,3.1,93.1,1.3,0.4,0.6,0.0,31290,8.3,32.6,15.7,23.0,11.6,17.1,82.1,9.8,0.2,2.2,1.3,4.5,25.7,79.2,14.9,5.6,0.3,3.8,194079.00458421174
2811,Wisconsin,Crawford County,16313,1.3,94.9,1.7,0.4,0.5,0.0,24391,13.0,27.1,17.9,20.7,11.9,22.4,81.7,8.8,0.4,3.2,1.4,4.5,22.6,77.6,14.2,8.1,0.1,4.1,121624.09090363991
2812,Wisconsin,Dane County,522837,6.3,80.2,5.0,0.2,5.6,0.0,37193,12.4,49.9,15.5,21.1,5.3,8.1,72.7,7.9,5.5,5.6,3.6,4.8,21.0,74.9,20.7,4.3,0.1,3.8,266945.24146288406
2813,Wisconsin,Dodge County,87833,4.6,90.3,2.4,0.6,0.5,0.0,27000,8.8,26.3,16.1,21.1,10.9,25.6,84.3,7.6,0.1,3.0,1.2,3.9,23.1,83.8,10.2,5.7,0.3,4.8,163306.3215535129
2814,Wisconsin,Door County,27443,2.9,94.3,0.5,0.5,0.5,0.0,34253,8.4,33.1,16.7,21.9,10.9,17.4,80.9,7.2,0.4,4.0,1.5,6.0,18.2,79.7,11.4,8.6,0.3,4.6,217222.14472764722
2815,Wisconsin,Douglas County,43503,1.5,91.9,1.2,1.7,1.0,0.0,27844,14.2,31.7,21.0,22.5,9.5,15.3,79.6,9.8,1.6,3.5,1.6,3.9,22.3,82.3,13.4,4.2,0.2,5.6,137982.80396452654
2816,Wisconsin,Dunn County,44260,1.8,93.1,0.5,0.2,2.5,0.0,26354,12.8,32.3,17.2,22.3,9.8,18.5,77.1,7.1,0.2,7.6,1.6,6.4,22.9,79.4,13.4,7.0,0.2,4.7,168520.89218328163
2817,Wisconsin,Eau Claire County,102388,2.3,90.6,0.8,0.4,3.5,0.4,27780,14.5,34.5,18.9,24.8,6.6,15.3,80.0,8.2,0.9,3.8,1.3,6.0,18.4,81.7,12.9,5.3,0.2,4.0,173964.5943517258
2818,Wisconsin,Florence County,4354,0.9,98.5,0.3,0.0,0.0,0.0,28211,8.4,27.9,19.0,22.4,12.3,18.4,90.6,3.1,0.4,0.5,1.3,4.1,19.7,77.7,15.1,6.9,0.4,6.4,117154.04700913485
2819,Wisconsin,Fond du Lac County,102082,5.0,90.3,1.2,0.5,1.4,0.0,29431,8.5,30.2,16.6,21.1,11.0,21.1,82.9,8.1,0.3,3.4,1.2,4.0,20.3,84.1,10.8,4.9,0.2,4.0,148240.74958879818
2820,Wisconsin,Forest County,9035,2.2,79.7,0.9,14.3,0.4,0.1,23936,17.5,27.8,20.1,20.6,13.8,17.7,77.3,12.0,0.1,3.9,1.1,5.6,20.3,66.5,24.5,8.8,0.1,8.3,128686.1604983821
2821,Wisconsin,Grant County,51742,1.5,95.3,1.3,0.2,0.8,0.0,23753,15.3,30.0,18.3,22.2,11.9,17.7,77.5,7.8,0.3,7.0,1.6,5.9,20.3,76.0,15.4,7.8,0.7,3.5,131545.0190372117
2822,Wisconsin,Green County,36869,3.0,94.5,0.4,0.1,0.7,0.0,30208,8.9,34.1,14.2,22.9,10.7,18.0,80.0,9.7,0.1,3.4,1.0,5.7,23.3,79.2,12.3,8.1,0.3,2.6,173095.24889570635
2823,Wisconsin,Green Lake County,18745,4.6,92.9,0.6,0.3,0.3,0.0,26372,11.4,27.5,14.4,20.7,12.9,24.5,80.8,8.3,0.3,3.7,1.4,5.5,24.6,79.9,12.0,7.9,0.2,3.4,148394.32777820984
2824,Wisconsin,Iowa County,23576,1.7,95.6,0.7,0.3,0.6,0.1,31717,9.0,33.4,14.8,22.8,12.5,16.4,80.0,8.7,0.3,3.6,1.7,5.7,26.2,79.6,11.7,8.3,0.3,3.5,181918.17652500726
2825,Wisconsin,Iron County,5748,1.2,95.9,0.6,0.8,0.2,0.0,26689,15.2,26.6,20.1,22.6,13.4,17.2,75.7,13.7,0.3,2.3,1.3,6.6,20.9,74.0,17.9,7.9,0.1,7.8,117636.66926353944
2826,Wisconsin,Jackson County,20531,3.2,86.4,2.2,5.8,0.4,0.0,24740,13.0,26.8,18.8,21.1,15.4,17.9,79.4,9.6,0.1,1.8,1.7,7.4,22.2,74.8,15.9,8.9,0.4,4.7,135783.02497073487
2827,Wisconsin,Jefferson County,84586,7.0,89.9,0.8,0.1,0.7,0.0,28819,9.8,32.0,18.5,21.8,9.6,18.2,81.5,9.7,0.3,3.3,1.0,4.2,23.8,83.6,11.3,5.0,0.1,4.3,195466.33278914317
2828,Wisconsin,Juneau County,26427,3.0,91.9,2.3,1.4,0.5,0.0,24376,14.3,23.8,21.1,21.8,11.6,21.7,79.8,10.3,0.8,2.7,1.2,5.2,23.7,76.0,16.7,6.8,0.5,4.3,124561.93124289328
2829,Wisconsin,Kenosha County,167886,12.7,76.3,7.2,0.3,1.3,0.0,28996,14.5,32.4,18.6,23.4,9.0,16.5,84.8,8.2,1.0,1.6,1.4,2.9,25.9,84.6,11.8,3.5,0.1,7.8,168401.13685771413
2830,Wisconsin,Kewaunee County,20378,2.7,95.0,0.5,0.3,0.4,0.0,28767,9.2,31.2,12.5,20.0,16.0,20.4,82.0,8.7,0.3,3.3,0.8,4.9,23.0,82.9,9.5,7.5,0.2,3.5,154210.51395752226
2831,Wisconsin,La Crosse County,117582,1.8,90.3,1.3,0.3,4.4,0.0,29495,14.4,36.6,19.9,23.0,6.4,14.1,81.2,7.3,1.0,4.9,2.5,3.2,18.0,82.9,13.2,3.8,0.1,4.6,182331.06412268648
2832,Wisconsin,Lafayette County,16755,3.6,94.6,0.4,0.4,0.3,0.0,27023,10.4,31.9,12.8,21.2,16.4,17.7,76.1,8.1,0.2,4.1,1.3,10.3,24.6,74.3,12.6,12.4,0.7,2.7,125483.88908750574
2833,Wisconsin,Langlade County,19190,1.9,94.5,1.0,0.8,0.3,0.0,25142,14.8,26.9,15.7,25.5,14.6,17.2,80.6,7.8,0.3,5.2,1.3,4.8,21.3,80.4,12.5,6.7,0.4,6.7,118707.63157670101
2834,Wisconsin,Lincoln County,27994,1.4,95.7,0.5,0.3,0.4,0.0,28603,9.2,27.7,15.4,24.5,10.9,21.5,84.3,8.3,0.4,2.7,0.9,3.4,22.7,81.5,11.6,6.6,0.3,4.0,137197.5312834575
2835,Wisconsin,Manitowoc County,79680,3.7,91.2,0.7,0.4,2.6,0.0,27777,10.2,28.2,17.1,20.5,9.8,24.5,84.3,7.2,0.4,2.5,1.8,3.8,18.7,86.0,9.0,4.7,0.3,3.7,126196.84804837564
2836,Wisconsin,Marathon County,135293,2.7,89.1,0.7,0.3,5.7,0.0,30151,10.3,34.1,14.1,24.4,8.8,18.6,82.8,8.3,0.4,2.3,1.2,5.0,19.5,84.7,9.5,5.5,0.3,3.8,144498.45392684828
2837,Wisconsin,Marinette County,40712,1.5,95.6,0.6,0.4,0.6,0.0,25778,13.2,26.1,16.5,21.1,12.3,24.0,84.4,8.2,0.2,2.7,1.6,2.9,19.8,81.2,11.3,7.1,0.3,5.7,105964.32655229447
2838,Wisconsin,Marquette County,15164,3.2,93.6,0.6,0.5,0.4,0.0,26050,11.8,23.2,18.1,20.0,12.7,26.0,79.3,11.1,0.7,2.7,2.1,4.1,30.0,79.3,12.9,7.5,0.3,5.5,138145.9246390432
2840,Wisconsin,Milwaukee County,956586,14.6,52.2,26.1,0.5,4.1,0.0,26933,20.5,36.0,19.8,22.9,5.9,15.4,76.5,9.2,5.7,3.6,1.6,3.4,22.4,84.7,11.6,3.6,0.1,7.1,143020.21214661698
2841,Wisconsin,Monroe County,45303,4.2,91.2,1.5,0.9,0.8,0.0,26724,12.6,27.8,17.7,22.0,10.8,21.7,82.3,7.7,0.2,3.2,1.9,4.6,19.8,72.4,20.3,7.0,0.3,4.7,148907.02828639714
2842,Wisconsin,Oconto County,37465,1.7,95.3,0.4,0.8,0.4,0.0,28437,9.1,29.5,14.2,20.1,14.2,22.0,82.7,8.8,0.1,1.8,0.9,5.7,26.6,80.6,11.7,7.3,0.4,4.5,142848.06066587684
2843,Wisconsin,Oneida County,35352,1.4,95.1,0.7,1.1,0.5,0.0,30550,9.0,31.7,19.0,24.3,10.9,14.0,83.3,8.0,0.4,2.2,1.3,4.8,19.8,80.6,12.2,7.0,0.2,3.9,182160.49512315655
2844,Wisconsin,Outagamie County,183288,4.2,88.1,1.2,1.6,3.4,0.0,30858,8.6,34.0,14.6,24.0,9.0,18.4,85.3,6.5,0.8,2.3,1.4,3.8,19.8,86.4,9.4,4.1,0.2,3.1,173528.57526143026
2846,Wisconsin,Pepin County,7282,1.7,96.6,0.4,0.2,0.3,0.0,27901,13.1,32.8,14.2,21.0,15.1,16.9,77.9,8.1,0.1,3.8,1.8,8.2,26.3,75.5,12.5,11.7,0.3,3.4,134705.5891703378
2847,Wisconsin,Pierce County,41226,1.9,94.6,0.6,0.2,1.2,0.0,31109,10.7,32.3,17.1,20.8,11.0,18.8,82.1,7.2,0.1,4.7,1.1,4.8,25.9,79.5,14.2,5.9,0.4,2.7,213598.4964161469
2848,Wisconsin,Polk County,43328,1.9,95.3,0.3,1.0,0.4,0.0,27993,9.9,29.4,16.1,20.1,12.4,22.0,81.2,9.5,0.1,2.9,1.2,5.2,29.1,80.3,11.5,7.7,0.5,4.8,178400.33468035248
2849,Wisconsin,Portage County,70371,3.0,91.7,0.7,0.4,2.6,0.0,28363,13.1,34.6,16.5,23.9,8.7,16.3,81.0,6.9,0.3,6.2,1.9,3.8,18.8,80.8,14.3,4.7,0.2,4.6,178210.76870627512
2850,Wisconsin,Price County,13566,1.6,94.6,0.7,0.8,0.6,0.8,27161,11.9,26.7,18.0,16.6,12.9,25.7,78.7,10.0,0.1,4.9,1.3,5.0,19.2,76.3,13.7,9.6,0.4,2.9,116982.31948112072
2851,Wisconsin,Racine County,195101,12.7,72.7,10.7,0.3,1.2,0.0,29582,11.9,32.4,17.1,23.2,8.5,18.7,84.1,8.2,1.4,1.7,1.2,3.4,24.2,85.7,10.1,4.1,0.1,5.8,156739.98502899596
2852,Wisconsin,Richland County,17626,2.2,95.2,0.7,0.3,0.5,0.0,24941,13.6,28.0,16.1,20.1,13.1,22.8,80.5,8.2,0.6,3.4,1.4,5.8,24.4,78.5,11.7,9.7,0.1,3.5,134803.35756094658
2853,Wisconsin,Rock County,161226,8.4,83.3,4.4,0.1,1.2,0.0,26954,14.3,30.3,17.3,22.1,9.0,21.4,83.5,9.1,0.6,2.0,1.3,3.5,22.8,83.9,11.5,4.5,0.1,6.4,143849.36439393042
2854,Wisconsin,Rusk County,14211,1.8,95.2,1.0,0.3,0.1,0.0,23574,15.2,23.2,14.2,21.0,14.1,27.4,75.8,10.9,0.5,4.6,0.7,7.5,21.4,76.3,12.3,10.6,0.7,4.1,114783.25253972561
2855,Wisconsin,Sauk County,63340,4.8,91.3,0.7,1.1,0.7,0.0,28331,11.3,30.9,19.4,22.3,10.8,16.5,81.1,9.5,0.2,3.5,1.7,4.0,21.4,82.2,11.4,6.0,0.4,3.6,194650.27590241245
2857,Wisconsin,Shawano County,41136,2.6,87.1,0.3,7.3,0.4,0.0,26627,11.5,28.9,16.5,21.0,12.5,21.2,82.0,7.8,0.2,3.1,0.8,6.1,23.1,76.8,13.9,8.9,0.4,3.9,127511.00112471433
2858,Wisconsin,Sheboygan County,115094,6.2,85.1,1.6,0.2,5.4,0.0,28849,8.2,30.0,16.3,21.0,8.1,24.6,83.5,7.4,0.3,3.0,1.8,3.9,18.2,87.0,8.5,4.3,0.1,4.4,157701.0861552939
2859,Wisconsin,Taylor County,20344,1.8,96.4,0.5,0.2,0.2,0.0,26290,10.9,26.6,12.8,17.4,14.3,28.9,75.3,9.8,0.4,3.6,2.1,8.9,22.6,79.0,8.4,11.9,0.7,3.8,153084.1930829913
2860,Wisconsin,Trempealeau County,29510,7.6,90.4,0.5,0.3,0.5,0.0,26654,9.0,29.3,15.0,18.7,12.0,25.0,80.3,9.3,0.2,3.3,1.4,5.4,22.3,79.2,11.7,8.8,0.2,3.3,156649.55487070352
2861,Wisconsin,Vernon County,30378,1.6,96.3,0.4,0.3,0.5,0.0,25314,16.6,31.4,18.2,18.9,13.3,18.2,78.4,7.2,0.6,3.8,2.5,7.5,24.5,75.6,13.2,10.7,0.5,2.9,155987.49430977574
2862,Wisconsin,Vilas County,21465,2.2,85.0,0.1,8.9,0.6,0.1,29058,15.3,29.5,24.5,23.4,13.5,9.1,80.0,8.5,0.0,3.8,1.2,6.5,19.5,71.0,15.9,12.8,0.3,7.9,237972.10813467894
2863,Wisconsin,Walworth County,102917,11.1,85.5,1.0,0.2,1.0,0.1,29192,12.4,30.8,19.1,22.9,10.0,17.2,81.3,8.4,0.6,3.9,1.3,4.6,24.0,81.9,11.9,6.0,0.2,5.6,210962.2156574383
2864,Wisconsin,Washburn County,15638,1.7,94.6,0.5,1.2,0.5,0.0,28232,13.0,30.2,18.2,21.6,12.2,17.9,80.5,8.4,0.5,2.6,1.3,6.6,22.0,75.1,15.5,9.3,0.2,5.1,155185.86478533022
2865,Wisconsin,Washington County,133967,3.1,93.3,1.1,0.2,1.2,0.0,36177,5.5,36.6,14.7,24.3,8.4,16.0,86.0,7.1,0.5,1.7,1.5,3.2,24.6,87.4,8.1,4.4,0.1,3.4,245596.91202914368
2866,Wisconsin,Waukesha County,396731,4.6,89.2,1.5,0.2,3.2,0.0,42094,5.0,45.6,13.0,24.3,6.4,10.7,86.9,6.2,0.6,1.2,0.8,4.4,24.0,87.4,8.4,4.1,0.1,3.3,287292.4695547512
2867,Wisconsin,Waupaca County,51651,3.0,94.6,0.4,0.5,0.4,0.0,29423,11.0,26.6,18.7,19.2,11.7,23.7,83.3,7.0,0.3,3.0,2.0,4.4,23.2,80.9,12.7,6.2,0.2,3.8,144709.7829034107
2868,Wisconsin,Waushara County,24170,6.4,89.6,1.6,0.4,0.4,0.0,25838,11.1,25.2,17.7,19.5,14.5,23.1,79.8,10.6,0.2,2.2,1.8,5.4,26.4,77.4,14.2,8.0,0.3,5.0,145841.38212534413
2869,Wisconsin,Winnebago County,169540,3.9,89.3,2.1,0.6,2.6,0.0,29763,12.2,31.4,17.0,24.4,7.0,20.2,85.0,6.9,0.8,2.4,1.3,3.5,18.2,84.6,11.6,3.8,0.1,3.6,161347.53619807633
2870,Wisconsin,Wood County,73427,2.8,92.7,0.7,0.6,2.0,0.0,29039,11.1,31.5,15.8,21.8,9.9,21.0,82.0,8.9,0.3,3.6,1.9,3.4,19.7,83.5,10.3,6.0,0.2,4.8,123341.37696777591
2871,Wyoming,Albany County,37944,9.3,82.9,1.3,0.7,2.9,0.0,26034,23.0,42.1,20.8,19.2,10.1,7.8,70.1,9.7,2.1,8.8,4.7,4.7,12.7,61.4,32.8,5.7,0.1,4.8,239725.8380513404
2872,Wyoming,Big Horn County,11920,8.8,88.2,0.6,0.9,0.4,0.1,23724,13.0,29.5,18.5,19.2,18.4,14.4,74.8,9.8,0.0,7.2,2.2,6.0,18.8,71.8,19.7,8.1,0.4,4.7,156349.65431966644
2873,Wyoming,Campbell County,48116,8.4,87.7,0.3,0.8,0.5,0.0,33200,9.4,26.5,14.2,21.7,22.6,15.0,80.0,10.2,2.5,1.9,1.9,3.6,20.7,80.1,14.8,4.9,0.2,4.6,252645.55707771692
2874,Wyoming,Carbon County,15689,17.9,77.7,1.2,1.5,0.7,0.1,27797,13.3,30.7,19.4,16.6,16.6,16.7,81.5,9.1,0.4,3.5,1.4,4.1,16.3,70.3,24.9,4.3,0.4,3.4,166527.7704434661
2875,Wyoming,Converse County,14166,7.8,91.3,0.0,0.1,0.0,0.0,31948,8.0,28.0,16.5,21.2,21.4,12.8,77.0,8.2,4.1,2.9,1.6,6.2,23.8,74.5,17.8,7.6,0.2,5.8,202120.8577891099
2878,Wyoming,Goshen County,13479,10.6,86.2,0.1,0.9,0.4,0.0,27253,13.2,34.0,21.0,16.0,14.0,14.9,79.1,8.9,0.1,3.6,1.7,6.6,18.7,66.5,21.9,11.0,0.6,6.5,150277.75718445788
2879,Wyoming,Hot Springs County,4741,1.9,94.5,0.0,2.3,0.0,0.0,30939,12.5,40.1,19.0,19.5,12.1,9.3,70.3,13.5,0.7,7.8,0.5,7.2,19.6,68.2,21.3,10.0,0.5,4.1,152538.58296594597
2881,Wyoming,Laramie County,97031,14.3,79.1,2.6,0.8,1.1,0.1,31554,10.4,37.1,16.4,23.3,11.8,11.4,81.8,9.7,0.6,2.6,1.5,3.8,15.8,68.2,26.2,5.3,0.3,5.3,257627.98034661682
2882,Wyoming,Lincoln County,18791,4.5,92.5,0.3,0.3,0.3,0.0,29516,9.3,31.2,16.2,19.5,21.0,12.1,74.3,15.8,1.4,2.5,1.5,4.5,26.2,73.9,18.2,7.6,0.3,6.0,255935.13823269669
2883,Wyoming,Natrona County,81023,8.2,87.0,1.2,0.6,0.8,0.0,31900,9.9,31.0,16.8,24.4,14.2,13.6,84.2,9.1,0.4,1.6,1.1,3.6,17.2,79.3,14.7,5.6,0.4,5.1,199605.1109526947
2885,Wyoming,Park County,29276,5.7,90.7,0.5,0.5,0.5,0.0,32557,7.0,33.6,20.7,22.3,13.3,10.1,73.1,10.8,0.2,8.0,1.6,6.2,17.6,75.4,17.7,6.5,0.4,3.3,260292.00069268848
2886,Wyoming,Platte County,8703,7.8,89.2,0.0,0.0,0.5,0.0,31242,10.5,29.1,15.4,20.4,21.6,13.6,75.6,8.8,0.3,3.9,1.3,10.1,16.9,71.9,16.9,11.2,0.0,2.5,182401.94329984792
2887,Wyoming,Sheridan County,29964,4.2,91.6,0.9,1.0,0.7,0.0,31643,6.8,41.1,17.5,20.2,12.1,9.2,79.4,10.9,0.2,3.3,0.7,5.6,16.0,71.3,22.1,6.3,0.2,3.1,261802.19820216377
2889,Wyoming,Sweetwater County,44527,16.0,79.6,0.8,0.6,0.6,0.5,31700,12.0,27.7,16.1,20.0,20.8,15.4,77.5,14.4,2.6,2.8,1.3,1.5,20.5,78.4,17.8,3.8,0.0,5.2,215516.38176943955
2891,Wyoming,Uinta County,20758,9.1,87.7,0.1,0.9,0.1,0.0,27115,14.9,30.4,19.4,18.1,16.1,16.1,77.4,14.9,3.3,1.1,1.3,2.0,19.9,71.5,21.5,6.6,0.4,6.4,186634.68928024304
2892,Wyoming,Washakie County,8253,14.2,82.2,0.3,0.4,0.1,0.0,27345,12.8,32.1,16.3,17.6,18.8,15.3,77.2,10.2,0.0,6.9,1.3,4.4,14.3,69.8,22.0,8.1,0.2,6.1,167179.50974157645
2893,Wyoming,Weston County,7117,1.4,91.6,0.5,0.1,4.3,0.0,30955,14.4,32.0,15.0,15.8,17.9,19.3,72.7,6.7,9.1,3.0,1.6,6.9,25.7,68.2,21.9,8.8,1.1,2.2,165679.25583685827
